DishID,Day,Predicted_Abundance,Fitted_r,Fitted_K,Temperature,Copepods,Population
1,0.0,25.0,0.49178835760834166,10467.349167920867,20,0,20_NP_04
1,0.18181818181818182,27.332282602415358,0.49178835760834166,10467.349167920867,20,0,20_NP_04
1,0.36363636363636365,29.88152426487565,0.49178835760834166,10467.349167920867,20,0,20_NP_04
1,0.5454545454545454,32.66778594938443,0.49178835760834166,10467.349167920867,20,0,20_NP_04
1,0.7272727272727273,35.71295983883415,0.49178835760834166,10467.349167920867,20,0,20_NP_04
1,0.9090909090909091,39.04093186980067,0.49178835760834166,10467.349167920867,20,0,20_NP_04
1,1.0909090909090908,42.677757784138954,0.49178835760834166,10467.349167920867,20,0,20_NP_04
1,1.2727272727272727,46.65185364324296,0.49178835760834166,10467.349167920867,20,0,20_NP_04
1,1.4545454545454546,50.99420177708379,0.49178835760834166,10467.349167920867,20,0,20_NP_04
1,1.6363636363636365,55.73857316010552,0.49178835760834166,10467.349167920867,20,0,20_NP_04
1,1.8181818181818181,60.921767215066964,0.49178835760834166,10467.349167920867,20,0,20_NP_04
1,2.0,66.58387004075365,0.49178835760834166,10467.349167920867,20,0,20_NP_04
1,2.1818181818181817,72.76853203629204,0.49178835760834166,10467.349167920867,20,0,20_NP_04
1,2.3636363636363638,79.52326584898583,0.49178835760834166,10467.349167920867,20,0,20_NP_04
1,2.5454545454545454,86.89976549872532,0.49178835760834166,10467.349167920867,20,0,20_NP_04
1,2.7272727272727275,94.9542474236975,0.49178835760834166,10467.349167920867,20,0,20_NP_04
1,2.909090909090909,103.74781404185732,0.49178835760834166,10467.349167920867,20,0,20_NP_04
1,3.090909090909091,113.34684022171383,0.49178835760834166,10467.349167920867,20,0,20_NP_04
1,3.272727272727273,123.82338279438763,0.49178835760834166,10467.349167920867,20,0,20_NP_04
1,3.454545454545454,135.25561290510925,0.49178835760834166,10467.349167920867,20,0,20_NP_04
1,3.6363636363636362,147.72827058327312,0.49178835760834166,10467.349167920867,20,0,20_NP_04
1,3.8181818181818183,161.33314039113242,0.49178835760834166,10467.349167920867,20,0,20_NP_04
1,4.0,176.16954637584118,0.49178835760834166,10467.349167920867,20,0,20_NP_04
1,4.181818181818182,192.3448637798281,0.49178835760834166,10467.349167920867,20,0,20_NP_04
1,4.363636363636363,209.97504404095616,0.49178835760834166,10467.349167920867,20,0,20_NP_04
1,4.545454545454546,229.18514851592514,0.49178835760834166,10467.349167920867,20,0,20_NP_04
1,4.7272727272727275,250.10988506651395,0.49178835760834166,10467.349167920867,20,0,20_NP_04
1,4.909090909090908,272.8941401371224,0.49178835760834166,10467.349167920867,20,0,20_NP_04
1,5.090909090909091,297.69349720318536,0.49178835760834166,10467.349167920867,20,0,20_NP_04
1,5.2727272727272725,324.6747304652889,0.49178835760834166,10467.349167920867,20,0,20_NP_04
1,5.454545454545455,354.01626038926474,0.49178835760834166,10467.349167920867,20,0,20_NP_04
1,5.636363636363637,385.9085551407554,0.49178835760834166,10467.349167920867,20,0,20_NP_04
1,5.818181818181818,420.55445913588954,0.49178835760834166,10467.349167920867,20,0,20_NP_04
1,6.0,458.1694268431486,0.49178835760834166,10467.349167920867,20,0,20_NP_04
1,6.181818181818182,498.98163665839314,0.49178835760834166,10467.349167920867,20,0,20_NP_04
1,6.363636363636363,543.231956191392,0.49178835760834166,10467.349167920867,20,0,20_NP_04
1,6.545454545454546,591.1737267331071,0.49178835760834166,10467.349167920867,20,0,20_NP_04
1,6.7272727272727275,643.0723311388216,0.49178835760834166,10467.349167920867,20,0,20_NP_04
1,6.909090909090908,699.2045060256609,0.49178835760834166,10467.349167920867,20,0,20_NP_04
1,7.090909090909091,759.8573562556026,0.49178835760834166,10467.349167920867,20,0,20_NP_04
1,7.2727272727272725,825.3270274226751,0.49178835760834166,10467.349167920867,20,0,20_NP_04
1,7.454545454545455,895.9169908100213,0.49178835760834166,10467.349167920867,20,0,20_NP_04
1,7.636363636363637,971.9358954120878,0.49178835760834166,10467.349167920867,20,0,20_NP_04
1,7.818181818181818,1053.6949435676634,0.49178835760834166,10467.349167920867,20,0,20_NP_04
1,8.0,1141.5047510032955,0.49178835760834166,10467.349167920867,20,0,20_NP_04
1,8.181818181818182,1235.6716591515053,0.49178835760834166,10467.349167920867,20,0,20_NP_04
1,8.363636363636363,1336.4934779871676,0.49178835760834166,10467.349167920867,20,0,20_NP_04
1,8.545454545454545,1444.2546517750982,0.49178835760834166,10467.349167920867,20,0,20_NP_04
1,8.727272727272727,1559.2208583972908,0.49178835760834166,10467.349167920867,20,0,20_NP_04
1,8.90909090909091,1681.6330755155116,0.49178835760834166,10467.349167920867,20,0,20_NP_04
1,9.090909090909092,1811.7011736632523,0.49178835760834166,10467.349167920867,20,0,20_NP_04
1,9.272727272727273,1949.5971270597536,0.49178835760834166,10467.349167920867,20,0,20_NP_04
1,9.454545454545455,2095.447966696622,0.49178835760834166,10467.349167920867,20,0,20_NP_04
1,9.636363636363637,2249.3286357865777,0.49178835760834166,10467.349167920867,20,0,20_NP_04
1,9.818181818181817,2411.2549431906555,0.49178835760834166,10467.349167920867,20,0,20_NP_04
1,10.0,2581.176843651775,0.49178835760834166,10467.349167920867,20,0,20_NP_04
1,10.181818181818182,2758.9723018125533,0.49178835760834166,10467.349167920867,20,0,20_NP_04
1,10.363636363636365,2944.442017032588,0.49178835760834166,10467.349167920867,20,0,20_NP_04
1,10.545454545454545,3137.3052948079653,0.49178835760834166,10467.349167920867,20,0,20_NP_04
1,10.727272727272727,3337.197345205006,0.49178835760834166,10467.349167920867,20,0,20_NP_04
1,10.90909090909091,3543.668266781843,0.49178835760834166,10467.349167920867,20,0,20_NP_04
1,11.09090909090909,3756.183934553242,0.49178835760834166,10467.349167920867,20,0,20_NP_04
1,11.272727272727273,3974.1289525131715,0.49178835760834166,10467.349167920867,20,0,20_NP_04
1,11.454545454545455,4196.811756487844,0.49178835760834166,10467.349167920867,20,0,20_NP_04
1,11.636363636363637,4423.471864769881,0.49178835760834166,10467.349167920867,20,0,20_NP_04
1,11.818181818181818,4653.289176848796,0.49178835760834166,10467.349167920867,20,0,20_NP_04
1,12.0,4885.395120748331,0.49178835760834166,10467.349167920867,20,0,20_NP_04
1,12.181818181818182,5118.8853540443,0.49178835760834166,10467.349167920867,20,0,20_NP_04
1,12.363636363636363,5352.83363984227,0.49178835760834166,10467.349167920867,20,0,20_NP_04
1,12.545454545454547,5586.306453597212,0.49178835760834166,10467.349167920867,20,0,20_NP_04
1,12.727272727272727,5818.377835139784,0.49178835760834166,10467.349167920867,20,0,20_NP_04
1,12.909090909090908,6048.143986204123,0.49178835760834166,10467.349167920867,20,0,20_NP_04
1,13.090909090909092,6274.73712835354,0.49178835760834166,10467.349167920867,20,0,20_NP_04
1,13.272727272727272,6497.338178203792,0.49178835760834166,10467.349167920867,20,0,20_NP_04
1,13.454545454545455,6715.187862639758,0.49178835760834166,10467.349167920867,20,0,20_NP_04
1,13.636363636363637,6927.595980797984,0.49178835760834166,10467.349167920867,20,0,20_NP_04
1,13.818181818181817,7133.948615173165,0.49178835760834166,10467.349167920867,20,0,20_NP_04
1,14.0,7333.713194024032,0.49178835760834166,10467.349167920867,20,0,20_NP_04
1,14.181818181818182,7526.441404277596,0.49178835760834166,10467.349167920867,20,0,20_NP_04
1,14.363636363636363,7711.770042237852,0.49178835760834166,10467.349167920867,20,0,20_NP_04
1,14.545454545454545,7889.419963858066,0.49178835760834166,10467.349167920867,20,0,20_NP_04
1,14.727272727272728,8059.1933540458795,0.49178835760834166,10467.349167920867,20,0,20_NP_04
1,14.90909090909091,8220.969574046938,0.49178835760834166,10467.349167920867,20,0,20_NP_04
1,15.09090909090909,8374.699867565269,0.49178835760834166,10467.349167920867,20,0,20_NP_04
1,15.272727272727273,8520.401211380546,0.49178835760834166,10467.349167920867,20,0,20_NP_04
1,15.454545454545453,8658.149587196465,0.49178835760834166,10467.349167920867,20,0,20_NP_04
1,15.636363636363637,8788.072931236813,0.49178835760834166,10467.349167920867,20,0,20_NP_04
1,15.818181818181818,8910.343989833766,0.49178835760834166,10467.349167920867,20,0,20_NP_04
1,16.0,9025.173275974335,0.49178835760834166,10467.349167920867,20,0,20_NP_04
1,16.181818181818183,9132.802286224103,0.49178835760834166,10467.349167920867,20,0,20_NP_04
1,16.363636363636363,9233.49710192696,0.49178835760834166,10467.349167920867,20,0,20_NP_04
1,16.545454545454547,9327.54246486873,0.49178835760834166,10467.349167920867,20,0,20_NP_04
1,16.727272727272727,9415.236386959956,0.49178835760834166,10467.349167920867,20,0,20_NP_04
1,16.90909090909091,9496.885326732003,0.49178835760834166,10467.349167920867,20,0,20_NP_04
1,17.09090909090909,9572.799942934053,0.49178835760834166,10467.349167920867,20,0,20_NP_04
1,17.272727272727273,9643.291417322793,0.49178835760834166,10467.349167920867,20,0,20_NP_04
1,17.454545454545453,9708.668324660954,0.49178835760834166,10467.349167920867,20,0,20_NP_04
1,17.636363636363637,9769.234017628225,0.49178835760834166,10467.349167920867,20,0,20_NP_04
1,17.81818181818182,9825.284487340452,0.49178835760834166,10467.349167920867,20,0,20_NP_04
1,18.0,9877.106655966814,0.49178835760834166,10467.349167920867,20,0,20_NP_04
2,0.0,25.000000000000004,0.6017665658438287,2012.322523000096,20,0,20_NP_04
2,0.18181818181818182,27.850544950544226,0.6017665658438287,2012.322523000096,20,0,20_NP_04
2,0.36363636363636365,31.021040706979196,0.6017665658438287,2012.322523000096,20,0,20_NP_04
2,0.5454545454545454,34.54618140448579,0.6017665658438287,2012.322523000096,20,0,20_NP_04
2,0.7272727272727273,38.46413200393754,0.6017665658438287,2012.322523000096,20,0,20_NP_04
2,0.9090909090909091,42.81680555752103,0.6017665658438287,2012.322523000096,20,0,20_NP_04
2,1.0909090909090908,47.65014522082164,0.6017665658438287,2012.322523000096,20,0,20_NP_04
2,1.2727272727272727,53.01440597578674,0.6017665658438287,2012.322523000096,20,0,20_NP_04
2,1.4545454545454546,58.96442946497291,0.6017665658438287,2012.322523000096,20,0,20_NP_04
2,1.6363636363636365,65.55990348065211,0.6017665658438287,2012.322523000096,20,0,20_NP_04
2,1.8181818181818181,72.86559548085793,0.6017665658438287,2012.322523000096,20,0,20_NP_04
2,2.0,80.95154700729402,0.6017665658438287,2012.322523000096,20,0,20_NP_04
2,2.1818181818181817,89.89321306342904,0.6017665658438287,2012.322523000096,20,0,20_NP_04
2,2.3636363636363638,99.77152740678164,0.6017665658438287,2012.322523000096,20,0,20_NP_04
2,2.5454545454545454,110.67287138480215,0.6017665658438287,2012.322523000096,20,0,20_NP_04
2,2.7272727272727275,122.68892051427468,0.6017665658438287,2012.322523000096,20,0,20_NP_04
2,2.909090909090909,135.91633964686986,0.6017665658438287,2012.322523000096,20,0,20_NP_04
2,3.090909090909091,150.4562945316127,0.6017665658438287,2012.322523000096,20,0,20_NP_04
2,3.272727272727273,166.4137452215156,0.6017665658438287,2012.322523000096,20,0,20_NP_04
2,3.454545454545454,183.89648551924083,0.6017665658438287,2012.322523000096,20,0,20_NP_04
2,3.6363636363636362,203.01389306116923,0.6017665658438287,2012.322523000096,20,0,20_NP_04
2,3.8181818181818183,223.8753573407223,0.6017665658438287,2012.322523000096,20,0,20_NP_04
2,4.0,246.5883586783429,0.6017665658438287,2012.322523000096,20,0,20_NP_04
2,4.181818181818182,271.25618058305537,0.6017665658438287,2012.322523000096,20,0,20_NP_04
2,4.363636363636363,297.9752517826798,0.6017665658438287,2012.322523000096,20,0,20_NP_04
2,4.545454545454546,326.83213291463693,0.6017665658438287,2012.322523000096,20,0,20_NP_04
2,4.7272727272727275,357.9001866335772,0.6017665658438287,2012.322523000096,20,0,20_NP_04
2,4.909090909090908,391.23599838161215,0.6017665658438287,2012.322523000096,20,0,20_NP_04
2,5.090909090909091,426.8756472918148,0.6017665658438287,2012.322523000096,20,0,20_NP_04
2,5.2727272727272725,464.830960851341,0.6017665658438287,2012.322523000096,20,0,20_NP_04
2,5.454545454545455,505.08592033723613,0.6017665658438287,2012.322523000096,20,0,20_NP_04
2,5.636363636363637,547.5934130985569,0.6017665658438287,2012.322523000096,20,0,20_NP_04
2,5.818181818181818,592.272548282761,0.6017665658438287,2012.322523000096,20,0,20_NP_04
2,6.0,639.0067601325411,0.6017665658438287,2012.322523000096,20,0,20_NP_04
2,6.181818181818182,687.6429134025414,0.6017665658438287,2012.322523000096,20,0,20_NP_04
2,6.363636363636363,737.9915957533398,0.6017665658438287,2012.322523000096,20,0,20_NP_04
2,6.545454545454546,789.8287310472338,0.6017665658438287,2012.322523000096,20,0,20_NP_04
2,6.7272727272727275,842.8985767224509,0.6017665658438287,2012.322523000096,20,0,20_NP_04
2,6.909090909090908,896.9180821999641,0.6017665658438287,2012.322523000096,20,0,20_NP_04
2,7.090909090909091,951.5824907339285,0.6017665658438287,2012.322523000096,20,0,20_NP_04
2,7.2727272727272725,1006.5719735654164,0.6017665658438287,2012.322523000096,20,0,20_NP_04
2,7.454545454545455,1061.559002975004,0.6017665658438287,2012.322523000096,20,0,20_NP_04
2,7.636363636363637,1116.2161096045206,0.6017665658438287,2012.322523000096,20,0,20_NP_04
2,7.818181818181818,1170.223636848715,0.6017665658438287,2012.322523000096,20,0,20_NP_04
2,8.0,1223.2771053677336,0.6017665658438287,2012.322523000096,20,0,20_NP_04
2,8.181818181818182,1275.093833809021,0.6017665658438287,2012.322523000096,20,0,20_NP_04
2,8.363636363636363,1325.4185234295717,0.6017665658438287,2012.322523000096,20,0,20_NP_04
2,8.545454545454545,1374.0275968170833,0.6017665658438287,2012.322523000096,20,0,20_NP_04
2,8.727272727272727,1420.7321745496895,0.6017665658438287,2012.322523000096,20,0,20_NP_04
2,8.90909090909091,1465.3796681172687,0.6017665658438287,2012.322523000096,20,0,20_NP_04
2,9.090909090909092,1507.8540534649171,0.6017665658438287,2012.322523000096,20,0,20_NP_04
2,9.272727272727273,1548.07495999593,0.6017665658438287,2012.322523000096,20,0,20_NP_04
2,9.454545454545455,1585.9957604909673,0.6017665658438287,2012.322523000096,20,0,20_NP_04
2,9.636363636363637,1621.600876778078,0.6017665658438287,2012.322523000096,20,0,20_NP_04
2,9.818181818181817,1654.9025252838799,0.6017665658438287,2012.322523000096,20,0,20_NP_04
2,10.0,1685.9371188420857,0.6017665658438287,2012.322523000096,20,0,20_NP_04
2,10.181818181818182,1714.7615204510298,0.6017665658438287,2012.322523000096,20,0,20_NP_04
2,10.363636363636365,1741.4493155170353,0.6017665658438287,2012.322523000096,20,0,20_NP_04
2,10.545454545454545,1766.0872356980694,0.6017665658438287,2012.322523000096,20,0,20_NP_04
2,10.727272727272727,1788.7718333176938,0.6017665658438287,2012.322523000096,20,0,20_NP_04
2,10.90909090909091,1809.6064731390634,0.6017665658438287,2012.322523000096,20,0,20_NP_04
2,11.09090909090909,1828.6986798642959,0.6017665658438287,2012.322523000096,20,0,20_NP_04
2,11.272727272727273,1846.1578560346406,0.6017665658438287,2012.322523000096,20,0,20_NP_04
2,11.454545454545455,1862.0933663671074,0.6017665658438287,2012.322523000096,20,0,20_NP_04
2,11.636363636363637,1876.6129708008386,0.6017665658438287,2012.322523000096,20,0,20_NP_04
2,11.818181818181818,1889.8215791498112,0.6017665658438287,2012.322523000096,20,0,20_NP_04
2,12.0,1901.8202946021431,0.6017665658438287,2012.322523000096,20,0,20_NP_04
2,12.181818181818182,1912.705710644136,0.6017665658438287,2012.322523000096,20,0,20_NP_04
2,12.363636363636363,1922.5694256119284,0.6017665658438287,2012.322523000096,20,0,20_NP_04
2,12.545454545454547,1931.4977403463322,0.6017665658438287,2012.322523000096,20,0,20_NP_04
2,12.727272727272727,1939.571506802925,0.6017665658438287,2012.322523000096,20,0,20_NP_04
2,12.909090909090908,1946.8660985084696,0.6017665658438287,2012.322523000096,20,0,20_NP_04
2,13.090909090909092,1953.4514771147706,0.6017665658438287,2012.322523000096,20,0,20_NP_04
2,13.272727272727272,1959.3923327300981,0.6017665658438287,2012.322523000096,20,0,20_NP_04
2,13.454545454545455,1964.7482790303652,0.6017665658438287,2012.322523000096,20,0,20_NP_04
2,13.636363636363637,1969.5740872526364,0.6017665658438287,2012.322523000096,20,0,20_NP_04
2,13.818181818181817,1973.9199459855554,0.6017665658438287,2012.322523000096,20,0,20_NP_04
2,14.0,1977.8317361635523,0.6017665658438287,2012.322523000096,20,0,20_NP_04
2,14.181818181818182,1981.3513128383931,0.6017665658438287,2012.322523000096,20,0,20_NP_04
2,14.363636363636363,1984.5167871539052,0.6017665658438287,2012.322523000096,20,0,20_NP_04
2,14.545454545454545,1987.3628035095437,0.6017665658438287,2012.322523000096,20,0,20_NP_04
2,14.727272727272728,1989.9208081938261,0.6017665658438287,2012.322523000096,20,0,20_NP_04
2,14.90909090909091,1992.2193068300078,0.6017665658438287,2012.322523000096,20,0,20_NP_04
2,15.09090909090909,1994.2841088345072,0.6017665658438287,2012.322523000096,20,0,20_NP_04
2,15.272727272727273,1996.1385577728481,0.6017665658438287,2012.322523000096,20,0,20_NP_04
2,15.454545454545453,1997.8037470354548,0.6017665658438287,2012.322523000096,20,0,20_NP_04
2,15.636363636363637,1999.2987206708974,0.6017665658438287,2012.322523000096,20,0,20_NP_04
2,15.818181818181818,2000.6406595286721,0.6017665658438287,2012.322523000096,20,0,20_NP_04
2,16.0,2001.845053095886,0.6017665658438287,2012.322523000096,20,0,20_NP_04
2,16.181818181818183,2002.9258575782724,0.6017665658438287,2012.322523000096,20,0,20_NP_04
2,16.363636363636363,2003.8956408891192,0.6017665658438287,2012.322523000096,20,0,20_NP_04
2,16.545454545454547,2004.7657152812312,0.6017665658438287,2012.322523000096,20,0,20_NP_04
2,16.727272727272727,2005.5462583961485,0.6017665658438287,2012.322523000096,20,0,20_NP_04
2,16.90909090909091,2006.2464235191317,0.6017665658438287,2012.322523000096,20,0,20_NP_04
2,17.09090909090909,2006.8744398240171,0.6017665658438287,2012.322523000096,20,0,20_NP_04
2,17.272727272727273,2007.4377033739027,0.6017665658438287,2012.322523000096,20,0,20_NP_04
2,17.454545454545453,2007.9428596156774,0.6017665658438287,2012.322523000096,20,0,20_NP_04
2,17.636363636363637,2008.3958780717855,0.6017665658438287,2012.322523000096,20,0,20_NP_04
2,17.81818181818182,2008.802119893729,0.6017665658438287,2012.322523000096,20,0,20_NP_04
2,18.0,2009.1663989005426,0.6017665658438287,2012.322523000096,20,0,20_NP_04
3,0.0,25.0,0.8309153949601609,1853.0171125038592,20,0,20_NP_04
3,0.18181818181818182,29.013275816428493,0.8309153949601609,1853.0171125038592,20,0,20_NP_04
3,0.36363636363636365,33.658944388922905,0.8309153949601609,1853.0171125038592,20,0,20_NP_04
3,0.5454545454545454,39.032569016044015,0.8309153949601609,1853.0171125038592,20,0,20_NP_04
3,0.7272727272727273,45.24275504705099,0.8309153949601609,1853.0171125038592,20,0,20_NP_04
3,0.9090909090909091,52.41244979201266,0.8309153949601609,1853.0171125038592,20,0,20_NP_04
3,1.0909090909090908,60.68020025411857,0.8309153949601609,1853.0171125038592,20,0,20_NP_04
3,1.2727272727272727,70.20129170574774,0.8309153949601609,1853.0171125038592,20,0,20_NP_04
3,1.4545454545454546,81.14866255311725,0.8309153949601609,1853.0171125038592,20,0,20_NP_04
3,1.6363636363636365,93.71345801232,0.8309153949601609,1853.0171125038592,20,0,20_NP_04
3,1.8181818181818181,108.10504745141046,0.8309153949601609,1853.0171125038592,20,0,20_NP_04
3,2.0,124.55028955807107,0.8309153949601609,1853.0171125038592,20,0,20_NP_04
3,2.1818181818181817,143.29178914446206,0.8309153949601609,1853.0171125038592,20,0,20_NP_04
3,2.3636363636363638,164.58485503375996,0.8309153949601609,1853.0171125038592,20,0,20_NP_04
3,2.5454545454545454,188.69284854699924,0.8309153949601609,1853.0171125038592,20,0,20_NP_04
3,2.7272727272727275,215.88061823787194,0.8309153949601609,1853.0171125038592,20,0,20_NP_04
3,2.909090909090909,246.40576323588616,0.8309153949601609,1853.0171125038592,20,0,20_NP_04
3,3.090909090909091,280.5075710547474,0.8309153949601609,1853.0171125038592,20,0,20_NP_04
3,3.272727272727273,318.39365113717395,0.8309153949601609,1853.0171125038592,20,0,20_NP_04
3,3.454545454545454,360.2245422167854,0.8309153949601609,1853.0171125038592,20,0,20_NP_04
3,3.6363636363636362,406.09690722784694,0.8309153949601609,1853.0171125038592,20,0,20_NP_04
3,3.8181818181818183,456.02632214467945,0.8309153949601609,1853.0171125038592,20,0,20_NP_04
3,4.0,509.9310676167313,0.8309153949601609,1853.0171125038592,20,0,20_NP_04
3,4.181818181818182,567.6186705497197,0.8309153949601609,1853.0171125038592,20,0,20_NP_04
3,4.363636363636363,628.7771227419732,0.8309153949601609,1853.0171125038592,20,0,20_NP_04
3,4.545454545454546,692.972628860172,0.8309153949601609,1853.0171125038592,20,0,20_NP_04
3,4.7272727272727275,759.6553356200154,0.8309153949601609,1853.0171125038592,20,0,20_NP_04
3,4.909090909090908,828.1737548796788,0.8309153949601609,1853.0171125038592,20,0,20_NP_04
3,5.090909090909091,897.7975844962197,0.8309153949601609,1853.0171125038592,20,0,20_NP_04
3,5.2727272727272725,967.7475070618391,0.8309153949601609,1853.0171125038592,20,0,20_NP_04
3,5.454545454545455,1037.2295225287148,0.8309153949601609,1853.0171125038592,20,0,20_NP_04
3,5.636363636363637,1105.47066707034,0.8309153949601609,1853.0171125038592,20,0,20_NP_04
3,5.818181818181818,1171.7527498230108,0.8309153949601609,1853.0171125038592,20,0,20_NP_04
3,6.0,1235.4410539442054,0.8309153949601609,1853.0171125038592,20,0,20_NP_04
3,6.181818181818182,1296.0057239943173,0.8309153949601609,1853.0171125038592,20,0,20_NP_04
3,6.363636363636363,1353.034620524251,0.8309153949601609,1853.0171125038592,20,0,20_NP_04
3,6.545454545454546,1406.237540518845,0.8309153949601609,1853.0171125038592,20,0,20_NP_04
3,6.7272727272727275,1455.4426719280978,0.8309153949601609,1853.0171125038592,20,0,20_NP_04
3,6.909090909090908,1500.5868314531278,0.8309153949601609,1853.0171125038592,20,0,20_NP_04
3,7.090909090909091,1541.7013737678149,0.8309153949601609,1853.0171125038592,20,0,20_NP_04
3,7.2727272727272725,1578.895683133859,0.8309153949601609,1853.0171125038592,20,0,20_NP_04
3,7.454545454545455,1612.3399426787626,0.8309153949601609,1853.0171125038592,20,0,20_NP_04
3,7.636363636363637,1642.248520302708,0.8309153949601609,1853.0171125038592,20,0,20_NP_04
3,7.818181818181818,1668.864904757915,0.8309153949601609,1853.0171125038592,20,0,20_NP_04
3,8.0,1692.4487403302278,0.8309153949601609,1853.0171125038592,20,0,20_NP_04
3,8.181818181818182,1713.2651860809513,0.8309153949601609,1853.0171125038592,20,0,20_NP_04
3,8.363636363636363,1731.5765836432292,0.8309153949601609,1853.0171125038592,20,0,20_NP_04
3,8.545454545454545,1747.6362559808308,0.8309153949601609,1853.0171125038592,20,0,20_NP_04
3,8.727272727272727,1761.684167393408,0.8309153949601609,1853.0171125038592,20,0,20_NP_04
3,8.90909090909091,1773.9441367843642,0.8309153949601609,1853.0171125038592,20,0,20_NP_04
3,9.090909090909092,1784.6222957429204,0.8309153949601609,1853.0171125038592,20,0,20_NP_04
3,9.272727272727273,1793.9065062686498,0.8309153949601609,1853.0171125038592,20,0,20_NP_04
3,9.454545454545455,1801.9664889402407,0.8309153949601609,1853.0171125038592,20,0,20_NP_04
3,9.636363636363637,1808.9544530814287,0.8309153949601609,1853.0171125038592,20,0,20_NP_04
3,9.818181818181817,1815.0060608221313,0.8309153949601609,1853.0171125038592,20,0,20_NP_04
3,10.0,1820.2415938578072,0.8309153949601609,1853.0171125038592,20,0,20_NP_04
3,10.181818181818182,1824.7672236928795,0.8309153949601609,1853.0171125038592,20,0,20_NP_04
3,10.363636363636365,1828.6763127682125,0.8309153949601609,1853.0171125038592,20,0,20_NP_04
3,10.545454545454545,1832.0506953038332,0.8309153949601609,1853.0171125038592,20,0,20_NP_04
3,10.727272727272727,1834.9619034638547,0.8309153949601609,1853.0171125038592,20,0,20_NP_04
3,10.90909090909091,1837.4723172447386,0.8309153949601609,1853.0171125038592,20,0,20_NP_04
3,11.09090909090909,1839.6362259988666,0.8309153949601609,1853.0171125038592,20,0,20_NP_04
3,11.272727272727273,1841.500796386095,0.8309153949601609,1853.0171125038592,20,0,20_NP_04
3,11.454545454545455,1843.1069463708725,0.8309153949601609,1853.0171125038592,20,0,20_NP_04
3,11.636363636363637,1844.4901281353127,0.8309153949601609,1853.0171125038592,20,0,20_NP_04
3,11.818181818181818,1845.681024854001,0.8309153949601609,1853.0171125038592,20,0,20_NP_04
3,12.0,1846.7061674883014,0.8309153949601609,1853.0171125038592,20,0,20_NP_04
3,12.181818181818182,1847.588478351,0.8309153949601609,1853.0171125038592,20,0,20_NP_04
3,12.363636363636363,1848.3477483533256,0.8309153949601609,1853.0171125038592,20,0,20_NP_04
3,12.545454545454547,1849.001054716177,0.8309153949601609,1853.0171125038592,20,0,20_NP_04
3,12.727272727272727,1849.5631256096162,0.8309153949601609,1853.0171125038592,20,0,20_NP_04
3,12.909090909090908,1850.046657754707,0.8309153949601609,1853.0171125038592,20,0,20_NP_04
3,13.090909090909092,1850.46259253318,0.8309153949601609,1853.0171125038592,20,0,20_NP_04
3,13.272727272727272,1850.82035564058,0.8309153949601609,1853.0171125038592,20,0,20_NP_04
3,13.454545454545455,1851.128064812542,0.8309153949601609,1853.0171125038592,20,0,20_NP_04
3,13.636363636363637,1851.3927096680543,0.8309153949601609,1853.0171125038592,20,0,20_NP_04
3,13.818181818181817,1851.620307257822,0.8309153949601609,1853.0171125038592,20,0,20_NP_04
3,14.0,1851.8160364855885,0.8309153949601609,1853.0171125038592,20,0,20_NP_04
3,14.181818181818182,1851.9843541876658,0.8309153949601609,1853.0171125038592,20,0,20_NP_04
3,14.363636363636363,1852.1290953111854,0.8309153949601609,1853.0171125038592,20,0,20_NP_04
3,14.545454545454545,1852.2535593233492,0.8309153949601609,1853.0171125038592,20,0,20_NP_04
3,14.727272727272728,1852.3605847101978,0.8309153949601609,1853.0171125038592,20,0,20_NP_04
3,14.90909090909091,1852.4526131815353,0.8309153949601609,1853.0171125038592,20,0,20_NP_04
3,15.09090909090909,1852.5317449858105,0.8309153949601609,1853.0171125038592,20,0,20_NP_04
3,15.272727272727273,1852.5997865522168,0.8309153949601609,1853.0171125038592,20,0,20_NP_04
3,15.454545454545453,1852.6582915141762,0.8309153949601609,1853.0171125038592,20,0,20_NP_04
3,15.636363636363637,1852.7085960262216,0.8309153949601609,1853.0171125038592,20,0,20_NP_04
3,15.818181818181818,1852.7518491625617,0.8309153949601609,1853.0171125038592,20,0,20_NP_04
3,16.0,1852.7890390781852,0.8309153949601609,1853.0171125038592,20,0,20_NP_04
3,16.181818181818183,1852.821015520172,0.8309153949601609,1853.0171125038592,20,0,20_NP_04
3,16.363636363636363,1852.8485091961704,0.8309153949601609,1853.0171125038592,20,0,20_NP_04
3,16.545454545454547,1852.8721484371633,0.8309153949601609,1853.0171125038592,20,0,20_NP_04
3,16.727272727272727,1852.8924735312892,0.8309153949601609,1853.0171125038592,20,0,20_NP_04
3,16.90909090909091,1852.9099490533251,0.8309153949601609,1853.0171125038592,20,0,20_NP_04
3,17.09090909090909,1852.9249744694437,0.8309153949601609,1853.0171125038592,20,0,20_NP_04
3,17.272727272727273,1852.9378932580123,0.8309153949601609,1853.0171125038592,20,0,20_NP_04
3,17.454545454545453,1852.9490007537283,0.8309153949601609,1853.0171125038592,20,0,20_NP_04
3,17.636363636363637,1852.9585508935206,0.8309153949601609,1853.0171125038592,20,0,20_NP_04
3,17.81818181818182,1852.9667620177752,0.8309153949601609,1853.0171125038592,20,0,20_NP_04
3,18.0,1852.9738218590314,0.8309153949601609,1853.0171125038592,20,0,20_NP_04
4,0.0,25.0,0.6029076170856571,10870.531924518022,26,0,20_NP_04
4,0.18181818181818182,27.88890634711658,0.6029076170856571,10870.531924518022,26,0,20_NP_04
4,0.36363636363636365,31.110686286190095,0.6029076170856571,10870.531924518022,26,0,20_NP_04
4,0.5454545454545454,34.703461185456995,0.6029076170856571,10870.531924518022,26,0,20_NP_04
4,0.7272727272727273,38.70966105040391,0.6029076170856571,10870.531924518022,26,0,20_NP_04
4,0.9090909090909091,43.176497559209025,0.6029076170856571,10870.531924518022,26,0,20_NP_04
4,1.0909090909090908,48.15648561158608,0.6029076170856571,10870.531924518022,26,0,20_NP_04
4,1.2727272727272727,53.70801751477512,0.6029076170856571,10870.531924518022,26,0,20_NP_04
4,1.4545454545454546,59.89599405850065,0.6029076170856571,10870.531924518022,26,0,20_NP_04
4,1.6363636363636365,66.79251679444552,0.6029076170856571,10870.531924518022,26,0,20_NP_04
4,1.8181818181818181,74.47764581075549,0.6029076170856571,10870.531924518022,26,0,20_NP_04
4,2.0,83.04022714779539,0.6029076170856571,10870.531924518022,26,0,20_NP_04
4,2.1818181818181817,92.5787937000693,0.6029076170856571,10870.531924518022,26,0,20_NP_04
4,2.3636363636363638,103.20254294456716,0.6029076170856571,10870.531924518022,26,0,20_NP_04
4,2.5454545454545454,115.03239407147144,0.6029076170856571,10870.531924518022,26,0,20_NP_04
4,2.7272727272727275,128.20212600130125,0.6029076170856571,10870.531924518022,26,0,20_NP_04
4,2.909090909090909,142.8595962723002,0.6029076170856571,10870.531924518022,26,0,20_NP_04
4,3.090909090909091,159.1680387778849,0.6029076170856571,10870.531924518022,26,0,20_NP_04
4,3.272727272727273,177.30743571541018,0.6029076170856571,10870.531924518022,26,0,20_NP_04
4,3.454545454545454,197.47595574746057,0.6029076170856571,10870.531924518022,26,0,20_NP_04
4,3.6363636363636362,219.89144613271293,0.6029076170856571,10870.531924518022,26,0,20_NP_04
4,3.8181818181818183,244.79296129858375,0.6029076170856571,10870.531924518022,26,0,20_NP_04
4,4.0,272.44230383579327,0.6029076170856571,10870.531924518022,26,0,20_NP_04
4,4.181818181818182,303.12554602580786,0.6029076170856571,10870.531924518022,26,0,20_NP_04
4,4.363636363636363,337.1544906035812,0.6029076170856571,10870.531924518022,26,0,20_NP_04
4,4.545454545454546,374.8680183714007,0.6029076170856571,10870.531924518022,26,0,20_NP_04
4,4.7272727272727275,416.6332574225836,0.6029076170856571,10870.531924518022,26,0,20_NP_04
4,4.909090909090908,462.8464940912004,0.6029076170856571,10870.531924518022,26,0,20_NP_04
4,5.090909090909091,513.9337294188397,0.6029076170856571,10870.531924518022,26,0,20_NP_04
4,5.2727272727272725,570.350767194004,0.6029076170856571,10870.531924518022,26,0,20_NP_04
4,5.454545454545455,632.582700978422,0.6029076170856571,10870.531924518022,26,0,20_NP_04
4,5.636363636363637,701.1426487961008,0.6029076170856571,10870.531924518022,26,0,20_NP_04
4,5.818181818181818,776.5695665174989,0.6029076170856571,10870.531924518022,26,0,20_NP_04
4,6.0,859.4249560768133,0.6029076170856571,10870.531924518022,26,0,20_NP_04
4,6.181818181818182,950.2882746976688,0.6029076170856571,10870.531924518022,26,0,20_NP_04
4,6.363636363636363,1049.7508490205516,0.6029076170856571,10870.531924518022,26,0,20_NP_04
4,6.545454545454546,1158.408106724941,0.6029076170856571,10870.531924518022,26,0,20_NP_04
4,6.7272727272727275,1276.8499616755144,0.6029076170856571,10870.531924518022,26,0,20_NP_04
4,6.909090909090908,1405.6492307909657,0.6029076170856571,10870.531924518022,26,0,20_NP_04
4,7.090909090909091,1545.3480256072687,0.6029076170856571,10870.531924518022,26,0,20_NP_04
4,7.2727272727272725,1696.4421520879584,0.6029076170856571,10870.531924518022,26,0,20_NP_04
4,7.454545454545455,1859.363670429191,0.6029076170856571,10870.531924518022,26,0,20_NP_04
4,7.636363636363637,2034.4619119386425,0.6029076170856571,10870.531924518022,26,0,20_NP_04
4,7.818181818181818,2221.9834188023246,0.6029076170856571,10870.531924518022,26,0,20_NP_04
4,8.0,2422.051456794024,0.6029076170856571,10870.531924518022,26,0,20_NP_04
4,8.181818181818182,2634.645938023368,0.6029076170856571,10870.531924518022,26,0,20_NP_04
4,8.363636363636363,2859.584763038836,0.6029076170856571,10870.531924518022,26,0,20_NP_04
4,8.545454545454545,3096.5077271672094,0.6029076170856571,10870.531924518022,26,0,20_NP_04
4,8.727272727272727,3344.864210576783,0.6029076170856571,10870.531924518022,26,0,20_NP_04
4,8.90909090909091,3603.905861293785,0.6029076170856571,10870.531924518022,26,0,20_NP_04
4,9.090909090909092,3872.6853656127078,0.6029076170856571,10870.531924518022,26,0,20_NP_04
4,9.272727272727273,4150.062169938514,0.6029076170856571,10870.531924518022,26,0,20_NP_04
4,9.454545454545455,4434.71567366342,0.6029076170856571,10870.531924518022,26,0,20_NP_04
4,9.636363636363637,4725.1659712927885,0.6029076170856571,10870.531924518022,26,0,20_NP_04
4,9.818181818181817,5019.8017168757015,0.6029076170856571,10870.531924518022,26,0,20_NP_04
4,10.0,5316.914161827097,0.6029076170856571,10870.531924518022,26,0,20_NP_04
4,10.181818181818182,5614.735933820263,0.6029076170856571,10870.531924518022,26,0,20_NP_04
4,10.363636363636365,5911.482735564519,0.6029076170856571,10870.531924518022,26,0,20_NP_04
4,10.545454545454545,6205.39589569809,0.6029076170856571,10870.531924518022,26,0,20_NP_04
4,10.727272727272727,6494.783631086118,0.6029076170856571,10870.531924518022,26,0,20_NP_04
4,10.90909090909091,6778.05898994674,0.6029076170856571,10870.531924518022,26,0,20_NP_04
4,11.09090909090909,7053.7727242238225,0.6029076170856571,10870.531924518022,26,0,20_NP_04
4,11.272727272727273,7320.639752195059,0.6029076170856571,10870.531924518022,26,0,20_NP_04
4,11.454545454545455,7577.558368304831,0.6029076170856571,10870.531924518022,26,0,20_NP_04
4,11.636363636363637,7823.621880072268,0.6029076170856571,10870.531924518022,26,0,20_NP_04
4,11.818181818181818,8058.122847430201,0.6029076170856571,10870.531924518022,26,0,20_NP_04
4,12.0,8280.550523526066,0.6029076170856571,10870.531924518022,26,0,20_NP_04
4,12.181818181818182,8490.582417897667,0.6029076170856571,10870.531924518022,26,0,20_NP_04
4,12.363636363636363,8688.07110926313,0.6029076170856571,10870.531924518022,26,0,20_NP_04
4,12.545454545454547,8873.027527241307,0.6029076170856571,10870.531924518022,26,0,20_NP_04
4,12.727272727272727,9045.601913346864,0.6029076170856571,10870.531924518022,26,0,20_NP_04
4,12.909090909090908,9206.063582468385,0.6029076170856571,10870.531924518022,26,0,20_NP_04
4,13.090909090909092,9354.780461009905,0.6029076170856571,10870.531924518022,26,0,20_NP_04
4,13.272727272727272,9492.19920095146,0.6029076170856571,10870.531924518022,26,0,20_NP_04
4,13.454545454545455,9618.82648133733,0.6029076170856571,10870.531924518022,26,0,20_NP_04
4,13.636363636363637,9735.21192677045,0.6029076170856571,10870.531924518022,26,0,20_NP_04
4,13.818181818181817,9841.932908065928,0.6029076170856571,10870.531924518022,26,0,20_NP_04
4,14.0,9939.581350272978,0.6029076170856571,10870.531924518022,26,0,20_NP_04
4,14.181818181818182,10028.752560799292,0.6029076170856571,10870.531924518022,26,0,20_NP_04
4,14.363636363636363,10110.036005294998,0.6029076170856571,10870.531924518022,26,0,20_NP_04
4,14.545454545454545,10184.007899113865,0.6029076170856571,10870.531924518022,26,0,20_NP_04
4,14.727272727272728,10251.225444173058,0.6029076170856571,10870.531924518022,26,0,20_NP_04
4,14.90909090909091,10312.222520944397,0.6029076170856571,10870.531924518022,26,0,20_NP_04
4,15.09090909090909,10367.506639158957,0.6029076170856571,10870.531924518022,26,0,20_NP_04
4,15.272727272727273,10417.556954917642,0.6029076170856571,10870.531924518022,26,0,20_NP_04
4,15.454545454545453,10462.823173081264,0.6029076170856571,10870.531924518022,26,0,20_NP_04
4,15.636363636363637,10503.72516943229,0.6029076170856571,10870.531924518022,26,0,20_NP_04
4,15.818181818181818,10540.653185087405,0.6029076170856571,10870.531924518022,26,0,20_NP_04
4,16.0,10573.968464442169,0.6029076170856571,10870.531924518022,26,0,20_NP_04
4,16.181818181818183,10604.004226438987,0.6029076170856571,10870.531924518022,26,0,20_NP_04
4,16.363636363636363,10631.066876428313,0.6029076170856571,10870.531924518022,26,0,20_NP_04
4,16.545454545454547,10655.437381888292,0.6029076170856571,10870.531924518022,26,0,20_NP_04
4,16.727272727272727,10677.372749547972,0.6029076170856571,10870.531924518022,26,0,20_NP_04
4,16.90909090909091,10697.107553948472,0.6029076170856571,10870.531924518022,26,0,20_NP_04
4,17.09090909090909,10714.855478209103,0.6029076170856571,10870.531924518022,26,0,20_NP_04
4,17.272727272727273,10730.810836845554,0.6029076170856571,10870.531924518022,26,0,20_NP_04
4,17.454545454545453,10745.150058059997,0.6029076170856571,10870.531924518022,26,0,20_NP_04
4,17.636363636363637,10758.033109153363,0.6029076170856571,10870.531924518022,26,0,20_NP_04
4,17.81818181818182,10769.604853767707,0.6029076170856571,10870.531924518022,26,0,20_NP_04
4,18.0,10779.996333717101,0.6029076170856571,10870.531924518022,26,0,20_NP_04
5,0.0,25.0,0.49270167645556123,15387.40609614269,26,0,20_NP_04
5,0.18181818181818182,27.338766048100858,0.49270167645556123,15387.40609614269,26,0,20_NP_04
5,0.36363636363636365,29.89589938064824,0.49270167645556123,15387.40609614269,26,0,20_NP_04
5,0.5454545454545454,32.691705288625165,0.49270167645556123,15387.40609614269,26,0,20_NP_04
5,0.7272727272727273,35.748360876653486,0.49270167645556123,15387.40609614269,26,0,20_NP_04
5,0.9090909090909091,39.09008441984536,0.49270167645556123,15387.40609614269,26,0,20_NP_04
5,1.0909090909090908,42.74331941652493,0.49270167645556123,15387.40609614269,26,0,20_NP_04
5,1.2727272727272727,46.73693448768877,0.49270167645556123,15387.40609614269,26,0,20_NP_04
5,1.4545454545454546,51.10244033882608,0.49270167645556123,15387.40609614269,26,0,20_NP_04
5,1.6363636363636365,55.8742250624818,0.49270167645556123,15387.40609614269,26,0,20_NP_04
5,1.8181818181818181,61.08980911907129,0.49270167645556123,15387.40609614269,26,0,20_NP_04
5,2.0,66.7901213868913,0.49270167645556123,15387.40609614269,26,0,20_NP_04
5,2.1818181818181817,73.01979771748546,0.49270167645556123,15387.40609614269,26,0,20_NP_04
5,2.3636363636363638,79.82750346640911,0.49270167645556123,15387.40609614269,26,0,20_NP_04
5,2.5454545454545454,87.26628148822499,0.49270167645556123,15387.40609614269,26,0,20_NP_04
5,2.7272727272727275,95.39392708368563,0.49270167645556123,15387.40609614269,26,0,20_NP_04
5,2.909090909090909,104.27339136104915,0.49270167645556123,15387.40609614269,26,0,20_NP_04
5,3.090909090909091,113.97321441579378,0.49270167645556123,15387.40609614269,26,0,20_NP_04
5,3.272727272727273,124.56798963589299,0.49270167645556123,15387.40609614269,26,0,20_NP_04
5,3.454545454545454,136.13886029414158,0.49270167645556123,15387.40609614269,26,0,20_NP_04
5,3.6363636363636362,148.77404938406428,0.49270167645556123,15387.40609614269,26,0,20_NP_04
5,3.8181818181818183,162.56942337920364,0.49270167645556123,15387.40609614269,26,0,20_NP_04
5,4.0,177.62909023262728,0.49270167645556123,15387.40609614269,26,0,20_NP_04
5,4.181818181818182,194.06603146772133,0.49270167645556123,15387.40609614269,26,0,20_NP_04
5,4.363636363636363,212.00276762384655,0.49270167645556123,15387.40609614269,26,0,20_NP_04
5,4.545454545454546,231.57205558989358,0.49270167645556123,15387.40609614269,26,0,20_NP_04
5,4.7272727272727275,252.91761546134884,0.49270167645556123,15387.40609614269,26,0,20_NP_04
5,4.909090909090908,276.1948834658937,0.49270167645556123,15387.40609614269,26,0,20_NP_04
5,5.090909090909091,301.5717861902205,0.49270167645556123,15387.40609614269,26,0,20_NP_04
5,5.2727272727272725,329.22952977615614,0.49270167645556123,15387.40609614269,26,0,20_NP_04
5,5.454545454545455,359.36339590552126,0.49270167645556123,15387.40609614269,26,0,20_NP_04
5,5.636363636363637,392.18353422821264,0.49270167645556123,15387.40609614269,26,0,20_NP_04
5,5.818181818181818,427.9157383755863,0.49270167645556123,15387.40609614269,26,0,20_NP_04
5,6.0,466.8021898130519,0.49270167645556123,15387.40609614269,26,0,20_NP_04
5,6.181818181818182,509.1021504989991,0.49270167645556123,15387.40609614269,26,0,20_NP_04
5,6.363636363636363,555.0925816177379,0.49270167645556123,15387.40609614269,26,0,20_NP_04
5,6.545454545454546,605.0686615410441,0.49270167645556123,15387.40609614269,26,0,20_NP_04
5,6.7272727272727275,659.3441716634966,0.49270167645556123,15387.40609614269,26,0,20_NP_04
5,6.909090909090908,718.251713893192,0.49270167645556123,15387.40609614269,26,0,20_NP_04
5,7.090909090909091,782.1427184360597,0.49270167645556123,15387.40609614269,26,0,20_NP_04
5,7.2727272727272725,851.3871952043596,0.49270167645556123,15387.40609614269,26,0,20_NP_04
5,7.454545454545455,926.3731768741684,0.49270167645556123,15387.40609614269,26,0,20_NP_04
5,7.636363636363637,1007.5057965396568,0.49270167645556123,15387.40609614269,26,0,20_NP_04
5,7.818181818181818,1095.205938361553,0.49270167645556123,15387.40609614269,26,0,20_NP_04
5,8.0,1189.9083959610336,0.49270167645556123,15387.40609614269,26,0,20_NP_04
5,8.181818181818182,1292.0594710324622,0.49270167645556123,15387.40609614269,26,0,20_NP_04
5,8.363636363636363,1402.1139442918586,0.49270167645556123,15387.40609614269,26,0,20_NP_04
5,8.545454545454545,1520.5313530802282,0.49270167645556123,15387.40609614269,26,0,20_NP_04
5,8.727272727272727,1647.7715154108569,0.49270167645556123,15387.40609614269,26,0,20_NP_04
5,8.90909090909091,1784.2892497420178,0.49270167645556123,15387.40609614269,26,0,20_NP_04
5,9.090909090909092,1930.5282540311746,0.49270167645556123,15387.40609614269,26,0,20_NP_04
5,9.272727272727273,2086.9141273898936,0.49270167645556123,15387.40609614269,26,0,20_NP_04
5,9.454545454545455,2253.846543485487,0.49270167645556123,15387.40609614269,26,0,20_NP_04
5,9.636363636363637,2431.6906170716666,0.49270167645556123,15387.40609614269,26,0,20_NP_04
5,9.818181818181817,2620.767543679855,0.49270167645556123,15387.40609614269,26,0,20_NP_04
5,10.0,2821.3446371013865,0.49270167645556123,15387.40609614269,26,0,20_NP_04
5,10.181818181818182,3033.6249387857692,0.49270167645556123,15387.40609614269,26,0,20_NP_04
5,10.363636363636365,3257.7366259215432,0.49270167645556123,15387.40609614269,26,0,20_NP_04
5,10.545454545454545,3493.7224982395765,0.49270167645556123,15387.40609614269,26,0,20_NP_04
5,10.727272727272727,3741.529874196045,0.49270167645556123,15387.40609614269,26,0,20_NP_04
5,10.90909090909091,4001.0012711703466,0.49270167645556123,15387.40609614269,26,0,20_NP_04
5,11.09090909090909,4271.866277157234,0.49270167645556123,15387.40609614269,26,0,20_NP_04
5,11.272727272727273,4553.735038439421,0.49270167645556123,15387.40609614269,26,0,20_NP_04
5,11.454545454545455,4846.093784404487,0.49270167645556123,15387.40609614269,26,0,20_NP_04
5,11.636363636363637,5148.3027832512635,0.49270167645556123,15387.40609614269,26,0,20_NP_04
5,11.818181818181818,5459.597068336319,0.49270167645556123,15387.40609614269,26,0,20_NP_04
5,12.0,5779.090193695591,0.49270167645556123,15387.40609614269,26,0,20_NP_04
5,12.181818181818182,6105.781170469769,0.49270167645556123,15387.40609614269,26,0,20_NP_04
5,12.363636363636363,6438.564607725276,0.49270167645556123,15387.40609614269,26,0,20_NP_04
5,12.545454545454547,6776.243938165173,0.49270167645556123,15387.40609614269,26,0,20_NP_04
5,12.727272727272727,7117.5474603079,0.49270167645556123,15387.40609614269,26,0,20_NP_04
5,12.909090909090908,7461.146784223846,0.49270167645556123,15387.40609614269,26,0,20_NP_04
5,13.090909090909092,7805.677138768647,0.49270167645556123,15387.40609614269,26,0,20_NP_04
5,13.272727272727272,8149.758894791186,0.49270167645556123,15387.40609614269,26,0,20_NP_04
5,13.454545454545455,8492.019589673704,0.49270167645556123,15387.40609614269,26,0,20_NP_04
5,13.636363636363637,8831.1157097212,0.49270167645556123,15387.40609614269,26,0,20_NP_04
5,13.818181818181817,9165.753500872388,0.49270167645556123,15387.40609614269,26,0,20_NP_04
5,14.0,9494.708133734655,0.49270167645556123,15387.40609614269,26,0,20_NP_04
5,14.181818181818182,9816.840641248762,0.49270167645556123,15387.40609614269,26,0,20_NP_04
5,14.363636363636363,10131.112168560236,0.49270167645556123,15387.40609614269,26,0,20_NP_04
5,14.545454545454545,10436.595215030073,0.49270167645556123,15387.40609614269,26,0,20_NP_04
5,14.727272727272728,10732.48169691179,0.49270167645556123,15387.40609614269,26,0,20_NP_04
5,14.90909090909091,11018.087805391262,0.49270167645556123,15387.40609614269,26,0,20_NP_04
5,15.09090909090909,11292.855768971065,0.49270167645556123,15387.40609614269,26,0,20_NP_04
5,15.272727272727273,11556.352744094907,0.49270167645556123,15387.40609614269,26,0,20_NP_04
5,15.454545454545453,11808.26714839479,0.49270167645556123,15387.40609614269,26,0,20_NP_04
5,15.636363636363637,12048.402814503133,0.49270167645556123,15387.40609614269,26,0,20_NP_04
5,15.818181818181818,12276.671378895664,0.49270167645556123,15387.40609614269,26,0,20_NP_04
5,16.0,12493.083331614655,0.49270167645556123,15387.40609614269,26,0,20_NP_04
5,16.181818181818183,12697.738142346612,0.49270167645556123,15387.40609614269,26,0,20_NP_04
5,16.363636363636363,12890.813850494895,0.49270167645556123,15387.40609614269,26,0,20_NP_04
5,16.545454545454547,13072.556466277983,0.49270167645556123,15387.40609614269,26,0,20_NP_04
5,16.727272727272727,13243.269481106712,0.49270167645556123,15387.40609614269,26,0,20_NP_04
5,16.90909090909091,13403.303732738113,0.49270167645556123,15387.40609614269,26,0,20_NP_04
5,17.09090909090909,13553.047817514569,0.49270167645556123,15387.40609614269,26,0,20_NP_04
5,17.272727272727273,13692.919191163319,0.49270167645556123,15387.40609614269,26,0,20_NP_04
5,17.454545454545453,13823.356053165051,0.49270167645556123,15387.40609614269,26,0,20_NP_04
5,17.636363636363637,13944.81006888783,0.49270167645556123,15387.40609614269,26,0,20_NP_04
5,17.81818181818182,14057.739949180197,0.49270167645556123,15387.40609614269,26,0,20_NP_04
5,18.0,14162.60587907105,0.49270167645556123,15387.40609614269,26,0,20_NP_04
6,0.0,25.0,0.5216301119499033,11537.863757008865,26,0,20_NP_04
6,0.18181818181818182,27.481199731488086,0.5216301119499033,11537.863757008865,26,0,20_NP_04
6,0.36363636363636365,30.20800741392964,0.5216301119499033,11537.863757008865,26,0,20_NP_04
6,0.5454545454545454,33.20460064766694,0.5216301119499033,11537.863757008865,26,0,20_NP_04
6,0.7272727272727273,36.497509074013706,0.5216301119499033,11537.863757008865,26,0,20_NP_04
6,0.9090909090909091,40.11583735640238,0.5216301119499033,11537.863757008865,26,0,20_NP_04
6,1.0909090909090908,44.09150808209543,0.5216301119499033,11537.863757008865,26,0,20_NP_04
6,1.2727272727272727,48.45952610577361,0.5216301119499033,11537.863757008865,26,0,20_NP_04
6,1.4545454545454546,53.25826591540897,0.5216301119499033,11537.863757008865,26,0,20_NP_04
6,1.6363636363636365,58.52978364780067,0.5216301119499033,11537.863757008865,26,0,20_NP_04
6,1.8181818181818181,64.32015541143187,0.5216301119499033,11537.863757008865,26,0,20_NP_04
6,2.0,70.67984358230635,0.5216301119499033,11537.863757008865,26,0,20_NP_04
6,2.1818181818181817,77.66409271733916,0.5216301119499033,11537.863757008865,26,0,20_NP_04
6,2.3636363636363638,85.3333566714856,0.5216301119499033,11537.863757008865,26,0,20_NP_04
6,2.5454545454545454,93.75375839922812,0.5216301119499033,11537.863757008865,26,0,20_NP_04
6,2.7272727272727275,102.9975837565334,0.5216301119499033,11537.863757008865,26,0,20_NP_04
6,2.909090909090909,113.1438103819995,0.5216301119499033,11537.863757008865,26,0,20_NP_04
6,3.090909090909091,124.27867240924701,0.5216301119499033,11537.863757008865,26,0,20_NP_04
6,3.272727272727273,136.49626132753053,0.5216301119499033,11537.863757008865,26,0,20_NP_04
6,3.454545454545454,149.89916274191165,0.5216301119499033,11537.863757008865,26,0,20_NP_04
6,3.6363636363636362,164.59912806274178,0.5216301119499033,11537.863757008865,26,0,20_NP_04
6,3.8181818181818183,180.7177792478159,0.5216301119499033,11537.863757008865,26,0,20_NP_04
6,4.0,198.38734359705484,0.5216301119499033,11537.863757008865,26,0,20_NP_04
6,4.181818181818182,217.75141422321377,0.5216301119499033,11537.863757008865,26,0,20_NP_04
6,4.363636363636363,238.96573015409393,0.5216301119499033,11537.863757008865,26,0,20_NP_04
6,4.545454545454546,262.1989680208212,0.5216301119499033,11537.863757008865,26,0,20_NP_04
6,4.7272727272727275,287.63353491039555,0.5216301119499033,11537.863757008865,26,0,20_NP_04
6,4.909090909090908,315.46634916672394,0.5216301119499033,11537.863757008865,26,0,20_NP_04
6,5.090909090909091,345.90959267330936,0.5216301119499033,11537.863757008865,26,0,20_NP_04
6,5.2727272727272725,379.1914144094473,0.5216301119499033,11537.863757008865,26,0,20_NP_04
6,5.454545454545455,415.5565608176247,0.5216301119499033,11537.863757008865,26,0,20_NP_04
6,5.636363636363637,455.2669037468171,0.5216301119499033,11537.863757008865,26,0,20_NP_04
6,5.818181818181818,498.6018314626492,0.5216301119499033,11537.863757008865,26,0,20_NP_04
6,6.0,545.858462492204,0.5216301119499033,11537.863757008865,26,0,20_NP_04
6,6.181818181818182,597.3516359943034,0.5216301119499033,11537.863757008865,26,0,20_NP_04
6,6.363636363636363,653.413626068044,0.5216301119499033,11537.863757008865,26,0,20_NP_04
6,6.545454545454546,714.3935211572975,0.5216301119499033,11537.863757008865,26,0,20_NP_04
6,6.7272727272727275,780.6562037872519,0.5216301119499033,11537.863757008865,26,0,20_NP_04
6,6.909090909090908,852.5808606924411,0.5216301119499033,11537.863757008865,26,0,20_NP_04
6,7.090909090909091,930.5589494897882,0.5216301119499033,11537.863757008865,26,0,20_NP_04
6,7.2727272727272725,1014.9915460630422,0.5216301119499033,11537.863757008865,26,0,20_NP_04
6,7.454545454545455,1106.2859975283486,0.5216301119499033,11537.863757008865,26,0,20_NP_04
6,7.636363636363637,1204.851809929199,0.5216301119499033,11537.863757008865,26,0,20_NP_04
6,7.818181818181818,1311.0957086336741,0.5216301119499033,11537.863757008865,26,0,20_NP_04
6,8.0,1425.415823787321,0.5216301119499033,11537.863757008865,26,0,20_NP_04
6,8.181818181818182,1548.1949740852801,0.5216301119499033,11537.863757008865,26,0,20_NP_04
6,8.363636363636363,1679.7930504029657,0.5216301119499033,11537.863757008865,26,0,20_NP_04
6,8.545454545454545,1820.5385370280237,0.5216301119499033,11537.863757008865,26,0,20_NP_04
6,8.727272727272727,1970.7192524951504,0.5216301119499033,11537.863757008865,26,0,20_NP_04
6,8.90909090909091,2130.572443851151,0.5216301119499033,11537.863757008865,26,0,20_NP_04
6,9.090909090909092,2300.274426282696,0.5216301119499033,11537.863757008865,26,0,20_NP_04
6,9.272727272727273,2479.930022174817,0.5216301119499033,11537.863757008865,26,0,20_NP_04
6,9.454545454545455,2669.562116518601,0.5216301119499033,11537.863757008865,26,0,20_NP_04
6,9.636363636363637,2869.101704757392,0.5216301119499033,11537.863757008865,26,0,20_NP_04
6,9.818181818181817,3078.3788593017093,0.5216301119499033,11537.863757008865,26,0,20_NP_04
6,10.0,3297.1150760391356,0.5216301119499033,11537.863757008865,26,0,20_NP_04
6,10.181818181818182,3524.9174760155483,0.5216301119499033,11537.863757008865,26,0,20_NP_04
6,10.363636363636365,3761.275324335486,0.5216301119499033,11537.863757008865,26,0,20_NP_04
6,10.545454545454545,4005.5592837460813,0.5216301119499033,11537.863757008865,26,0,20_NP_04
6,10.727272727272727,4257.023741945829,0.5216301119499033,11537.863757008865,26,0,20_NP_04
6,10.90909090909091,4514.812439861177,0.5216301119499033,11537.863757008865,26,0,20_NP_04
6,11.09090909090909,4777.967486816215,0.5216301119499033,11537.863757008865,26,0,20_NP_04
6,11.272727272727273,5045.441685105238,0.5216301119499033,11537.863757008865,26,0,20_NP_04
6,11.454545454545455,5316.113911659762,0.5216301119499033,11537.863757008865,26,0,20_NP_04
6,11.636363636363637,5588.8071314382605,0.5216301119499033,11537.863757008865,26,0,20_NP_04
6,11.818181818181818,5862.308460200571,0.5216301119499033,11537.863757008865,26,0,20_NP_04
6,12.0,6135.390567385802,0.5216301119499033,11537.863757008865,26,0,20_NP_04
6,12.181818181818182,6406.833624699773,0.5216301119499033,11537.863757008865,26,0,20_NP_04
6,12.363636363636363,6675.446970899358,0.5216301119499033,11537.863757008865,26,0,20_NP_04
6,12.545454545454547,6940.089681557794,0.5216301119499033,11537.863757008865,26,0,20_NP_04
6,12.727272727272727,7199.689302520622,0.5216301119499033,11537.863757008865,26,0,20_NP_04
6,12.909090909090908,7453.258120566432,0.5216301119499033,11537.863757008865,26,0,20_NP_04
6,13.090909090909092,7699.906493667825,0.5216301119499033,11537.863757008865,26,0,20_NP_04
6,13.272727272727272,7938.852932771797,0.5216301119499033,11537.863757008865,26,0,20_NP_04
6,13.454545454545455,8169.430802790873,0.5216301119499033,11537.863757008865,26,0,20_NP_04
6,13.636363636363637,8391.091678826015,0.5216301119499033,11537.863757008865,26,0,20_NP_04
6,13.818181818181817,8603.40554294158,0.5216301119499033,11537.863757008865,26,0,20_NP_04
6,14.0,8806.05812856442,0.5216301119499033,11537.863757008865,26,0,20_NP_04
6,14.181818181818182,8998.845808795488,0.5216301119499033,11537.863757008865,26,0,20_NP_04
6,14.363636363636363,9181.668480105827,0.5216301119499033,11537.863757008865,26,0,20_NP_04
6,14.545454545454545,9354.520915595562,0.5216301119499033,11537.863757008865,26,0,20_NP_04
6,14.727272727272728,9517.483056126615,0.5216301119499033,11537.863757008865,26,0,20_NP_04
6,14.90909090909091,9670.709678620673,0.5216301119499033,11537.863757008865,26,0,20_NP_04
6,15.09090909090909,9814.419834775119,0.5216301119499033,11537.863757008865,26,0,20_NP_04
6,15.272727272727273,9948.886396525006,0.5216301119499033,11537.863757008865,26,0,20_NP_04
6,15.454545454545453,10074.42598237105,0.5216301119499033,11537.863757008865,26,0,20_NP_04
6,15.636363636363637,10191.389475919923,0.5216301119499033,11537.863757008865,26,0,20_NP_04
6,15.818181818181818,10300.153288306228,0.5216301119499033,11537.863757008865,26,0,20_NP_04
6,16.0,10401.111462165409,0.5216301119499033,11537.863757008865,26,0,20_NP_04
6,16.181818181818183,10494.668668079497,0.5216301119499033,11537.863757008865,26,0,20_NP_04
6,16.363636363636363,10581.234105646745,0.5216301119499033,11537.863757008865,26,0,20_NP_04
6,16.545454545454547,10661.216290578901,0.5216301119499033,11537.863757008865,26,0,20_NP_04
6,16.727272727272727,10735.018686062973,0.5216301119499033,11537.863757008865,26,0,20_NP_04
6,16.90909090909091,10803.036120273575,0.5216301119499033,11537.863757008865,26,0,20_NP_04
6,17.09090909090909,10865.65192144377,0.5216301119499033,11537.863757008865,26,0,20_NP_04
6,17.272727272727273,10923.235696289663,0.5216301119499033,11537.863757008865,26,0,20_NP_04
6,17.454545454545453,10976.141675846875,0.5216301119499033,11537.863757008865,26,0,20_NP_04
6,17.636363636363637,11024.707553999882,0.5216301119499033,11537.863757008865,26,0,20_NP_04
6,17.81818181818182,11069.25374735843,0.5216301119499033,11537.863757008865,26,0,20_NP_04
6,18.0,11110.0830099713,0.5216301119499033,11537.863757008865,26,0,20_NP_04
7,0.0,25.0,0.8852251229724284,477.19633196953504,20,0,20_NP_06
7,0.18181818181818182,29.099438761648525,0.8852251229724284,477.19633196953504,20,0,20_NP_06
7,0.36363636363636365,33.820816854957194,0.8852251229724284,477.19633196953504,20,0,20_NP_06
7,0.5454545454545454,39.24115300461734,0.8852251229724284,477.19633196953504,20,0,20_NP_06
7,0.7272727272727273,45.441154235701156,0.8852251229724284,477.19633196953504,20,0,20_NP_06
7,0.9090909090909091,52.50330438507534,0.8852251229724284,477.19633196953504,20,0,20_NP_06
7,1.0909090909090908,60.50918670044948,0.8852251229724284,477.19633196953504,20,0,20_NP_06
7,1.2727272727272727,69.53595467528687,0.8852251229724284,477.19633196953504,20,0,20_NP_06
7,1.4545454545454546,79.65192464498764,0.8852251229724284,477.19633196953504,20,0,20_NP_06
7,1.6363636363636365,90.91135840778777,0.8852251229724284,477.19633196953504,20,0,20_NP_06
7,1.8181818181818181,103.3486357119599,0.8852251229724284,477.19633196953504,20,0,20_NP_06
7,2.0,116.97217786541283,0.8852251229724284,477.19633196953504,20,0,20_NP_06
7,2.1818181818181817,131.75865585064736,0.8852251229724284,477.19633196953504,20,0,20_NP_06
7,2.3636363636363638,147.64816626732235,0.8852251229724284,477.19633196953504,20,0,20_NP_06
7,2.5454545454545454,164.5411421220628,0.8852251229724284,477.19633196953504,20,0,20_NP_06
7,2.7272727272727275,182.29773647447072,0.8852251229724284,477.19633196953504,20,0,20_NP_06
7,2.909090909090909,200.74024108410282,0.8852251229724284,477.19633196953504,20,0,20_NP_06
7,3.090909090909091,219.65877487071415,0.8852251229724284,477.19633196953504,20,0,20_NP_06
7,3.272727272727273,238.82003585425312,0.8852251229724284,477.19633196953504,20,0,20_NP_06
7,3.454545454545454,257.97843544281636,0.8852251229724284,477.19633196953504,20,0,20_NP_06
7,3.6363636363636362,276.88853123935894,0.8852251229724284,477.19633196953504,20,0,20_NP_06
7,3.8181818181818183,295.31744420540906,0.8852251229724284,477.19633196953504,20,0,20_NP_06
7,4.0,313.0559488375904,0.8852251229724284,477.19633196953504,20,0,20_NP_06
7,4.181818181818182,329.9271602233071,0.8852251229724284,477.19633196953504,20,0,20_NP_06
7,4.363636363636363,345.7921474266483,0.8852251229724284,477.19633196953504,20,0,20_NP_06
7,4.545454545454546,360.55227782270896,0.8852251229724284,477.19633196953504,20,0,20_NP_06
7,4.7272727272727275,374.1485362739441,0.8852251229724284,477.19633196953504,20,0,20_NP_06
7,4.909090909090908,386.5583871237047,0.8852251229724284,477.19633196953504,20,0,20_NP_06
7,5.090909090909091,397.7909192558585,0.8852251229724284,477.19633196953504,20,0,20_NP_06
7,5.2727272727272725,407.8810404095031,0.8852251229724284,477.19633196953504,20,0,20_NP_06
7,5.454545454545455,416.88340117020357,0.8852251229724284,477.19633196953504,20,0,20_NP_06
7,5.636363636363637,424.86657814128426,0.8852251229724284,477.19633196953504,20,0,20_NP_06
7,5.818181818181818,431.9078736002599,0.8852251229724284,477.19633196953504,20,0,20_NP_06
7,6.0,438.08892805680586,0.8852251229724284,477.19633196953504,20,0,20_NP_06
7,6.181818181818182,443.49221136312406,0.8852251229724284,477.19633196953504,20,0,20_NP_06
7,6.363636363636363,448.19836414824374,0.8852251229724284,477.19633196953504,20,0,20_NP_06
7,6.545454545454546,452.28430272648876,0.8852251229724284,477.19633196953504,20,0,20_NP_06
7,6.7272727272727275,455.8219710664259,0.8852251229724284,477.19633196953504,20,0,20_NP_06
7,6.909090909090908,458.87761514209313,0.8852251229724284,477.19633196953504,20,0,20_NP_06
7,7.090909090909091,461.51146063508,0.8852251229724284,477.19633196953504,20,0,20_NP_06
7,7.2727272727272725,463.77768845842746,0.8852251229724284,477.19633196953504,20,0,20_NP_06
7,7.454545454545455,465.7246194886139,0.8852251229724284,477.19633196953504,20,0,20_NP_06
7,7.636363636363637,467.3950372745873,0.8852251229724284,477.19633196953504,20,0,20_NP_06
7,7.818181818181818,468.8265936022773,0.8852251229724284,477.19633196953504,20,0,20_NP_06
7,8.0,470.05225576360755,0.8852251229724284,477.19633196953504,20,0,20_NP_06
7,8.181818181818182,471.10076592572733,0.8852251229724284,477.19633196953504,20,0,20_NP_06
7,8.363636363636363,471.99709218372925,0.8852251229724284,477.19633196953504,20,0,20_NP_06
7,8.545454545454545,472.7628579581261,0.8852251229724284,477.19633196953504,20,0,20_NP_06
7,8.727272727272727,473.4167416924437,0.8852251229724284,477.19633196953504,20,0,20_NP_06
7,8.90909090909091,473.97484265212665,0.8852251229724284,477.19633196953504,20,0,20_NP_06
7,9.090909090909092,474.4510113333386,0.8852251229724284,477.19633196953504,20,0,20_NP_06
7,9.272727272727273,474.8571448266207,0.8852251229724284,477.19633196953504,20,0,20_NP_06
7,9.454545454545455,475.20344866651607,0.8852251229724284,477.19633196953504,20,0,20_NP_06
7,9.636363636363637,475.49866741025147,0.8852251229724284,477.19633196953504,20,0,20_NP_06
7,9.818181818181817,475.75028656321615,0.8852251229724284,477.19633196953504,20,0,20_NP_06
7,10.0,475.9647086101287,0.8852251229724284,477.19633196953504,20,0,20_NP_06
7,10.181818181818182,476.1474058957647,0.8852251229724284,477.19633196953504,20,0,20_NP_06
7,10.363636363636365,476.3030529843203,0.8852251229724284,477.19633196953504,20,0,20_NP_06
7,10.545454545454545,476.43564095231153,0.8852251229724284,477.19633196953504,20,0,20_NP_06
7,10.727272727272727,476.5485758646228,0.8852251229724284,477.19633196953504,20,0,20_NP_06
7,10.90909090909091,476.64476346625014,0.8852251229724284,477.19633196953504,20,0,20_NP_06
7,11.09090909090909,476.72668190620595,0.8852251229724284,477.19633196953504,20,0,20_NP_06
7,11.272727272727273,476.79644410303655,0.8852251229724284,477.19633196953504,20,0,20_NP_06
7,11.454545454545455,476.855851168213,0.8852251229724284,477.19633196953504,20,0,20_NP_06
7,11.636363636363637,476.9064381267464,0.8852251229724284,477.19633196953504,20,0,20_NP_06
7,11.818181818181818,476.94951301466324,0.8852251229724284,477.19633196953504,20,0,20_NP_06
7,12.0,476.9861902903482,0.8852251229724284,477.19633196953504,20,0,20_NP_06
7,12.181818181818182,477.0174193704744,0.8852251229724284,477.19633196953504,20,0,20_NP_06
7,12.363636363636363,477.0440089901817,0.8852251229724284,477.19633196953504,20,0,20_NP_06
7,12.545454545454547,477.0666479900347,0.8852251229724284,477.19633196953504,20,0,20_NP_06
7,12.727272727272727,477.0859230477177,0.8852251229724284,477.19633196953504,20,0,20_NP_06
7,12.909090909090908,477.1023337990566,0.8852251229724284,477.19633196953504,20,0,20_NP_06
7,13.090909090909092,477.1163057295046,0.8852251229724284,477.19633196953504,20,0,20_NP_06
7,13.272727272727272,477.12820116247894,0.8852251229724284,477.19633196953504,20,0,20_NP_06
7,13.454545454545455,477.1383286238083,0.8852251229724284,477.19633196953504,20,0,20_NP_06
7,13.636363636363637,477.14695082104,0.8852251229724284,477.19633196953504,20,0,20_NP_06
7,13.818181818181817,477.154291441599,0.8852251229724284,477.19633196953504,20,0,20_NP_06
7,14.0,477.1605409439902,0.8852251229724284,477.19633196953504,20,0,20_NP_06
7,14.181818181818182,477.165861490729,0.8852251229724284,477.19633196953504,20,0,20_NP_06
7,14.363636363636363,477.17039114985863,0.8852251229724284,477.19633196953504,20,0,20_NP_06
7,14.545454545454545,477.1742474732543,0.8852251229724284,477.19633196953504,20,0,20_NP_06
7,14.727272727272728,477.17753054397855,0.8852251229724284,477.19633196953504,20,0,20_NP_06
7,14.90909090909091,477.18032557134035,0.8852251229724284,477.19633196953504,20,0,20_NP_06
7,15.09090909090909,477.1827051006946,0.8852251229724284,477.19633196953504,20,0,20_NP_06
7,15.272727272727273,477.18473089510957,0.8852251229724284,477.19633196953504,20,0,20_NP_06
7,15.454545454545453,477.18645553757835,0.8852251229724284,477.19633196953504,20,0,20_NP_06
7,15.636363636363637,477.1879237952395,0.8852251229724284,477.19633196953504,20,0,20_NP_06
7,15.818181818181818,477.1891737809346,0.8852251229724284,477.19633196953504,20,0,20_NP_06
7,16.0,477.19023794218907,0.8852251229724284,477.19633196953504,20,0,20_NP_06
7,16.181818181818183,477.1911439032443,0.8852251229724284,477.19633196953504,20,0,20_NP_06
7,16.363636363636363,477.19191518196385,0.8852251229724284,477.19633196953504,20,0,20_NP_06
7,16.545454545454547,477.1925718002025,0.8852251229724284,477.19633196953504,20,0,20_NP_06
7,16.727272727272727,477.1931308034637,0.8852251229724284,477.19633196953504,20,0,20_NP_06
7,16.90909090909091,477.1936067033235,0.8852251229724284,477.19633196953504,20,0,20_NP_06
7,17.09090909090909,477.1940118540967,0.8852251229724284,477.19633196953504,20,0,20_NP_06
7,17.272727272727273,477.19435677351754,0.8852251229724284,477.19633196953504,20,0,20_NP_06
7,17.454545454545453,477.19465041575376,0.8852251229724284,477.19633196953504,20,0,20_NP_06
7,17.636363636363637,477.19490040383954,0.8852251229724284,477.19633196953504,20,0,20_NP_06
7,17.81818181818182,477.1951132275573,0.8852251229724284,477.19633196953504,20,0,20_NP_06
7,18.0,477.1952944119053,0.8852251229724284,477.19633196953504,20,0,20_NP_06
8,0.0,25.0,0.8052185996548407,788.7849981023732,20,0,20_NP_06
8,0.18181818181818182,28.79767420797519,0.8052185996548407,788.7849981023732,20,0,20_NP_06
8,0.36363636363636365,33.14720523113756,0.8052185996548407,788.7849981023732,20,0,20_NP_06
8,0.5454545454545454,38.12072685665754,0.8052185996548407,788.7849981023732,20,0,20_NP_06
8,0.7272727272727273,43.79724011969365,0.8052185996548407,788.7849981023732,20,0,20_NP_06
8,0.9090909090909091,50.26243854278048,0.8052185996548407,788.7849981023732,20,0,20_NP_06
8,1.0909090909090908,57.608208097224534,0.8052185996548407,788.7849981023732,20,0,20_NP_06
8,1.2727272727272727,65.93170606358832,0.8052185996548407,788.7849981023732,20,0,20_NP_06
8,1.4545454545454546,75.33391425919518,0.8052185996548407,788.7849981023732,20,0,20_NP_06
8,1.6363636363636365,85.91756025916366,0.8052185996548407,788.7849981023732,20,0,20_NP_06
8,1.8181818181818181,97.7843094696056,0.8052185996548407,788.7849981023732,20,0,20_NP_06
8,2.0,111.03115613078691,0.8052185996548407,788.7849981023732,20,0,20_NP_06
8,2.1818181818181817,125.74598755516011,0.8052185996548407,788.7849981023732,20,0,20_NP_06
8,2.3636363636363638,142.00236717538755,0.8052185996548407,788.7849981023732,20,0,20_NP_06
8,2.5454545454545454,159.85367970529285,0.8052185996548407,788.7849981023732,20,0,20_NP_06
8,2.7272727272727275,179.32690264117755,0.8052185996548407,788.7849981023732,20,0,20_NP_06
8,2.909090909090909,200.4164024398117,0.8052185996548407,788.7849981023732,20,0,20_NP_06
8,3.090909090909091,223.07828288044902,0.8052185996548407,788.7849981023732,20,0,20_NP_06
8,3.272727272727273,247.22591149106188,0.8052185996548407,788.7849981023732,20,0,20_NP_06
8,3.454545454545454,272.727287003586,0.8052185996548407,788.7849981023732,20,0,20_NP_06
8,3.6363636363636362,299.40485780767676,0.8052185996548407,788.7849981023732,20,0,20_NP_06
8,3.8181818181818183,327.0382400903443,0.8052185996548407,788.7849981023732,20,0,20_NP_06
8,4.0,355.37001639840344,0.8052185996548407,788.7849981023732,20,0,20_NP_06
8,4.181818181818182,384.11444828827564,0.8052185996548407,788.7849981023732,20,0,20_NP_06
8,4.363636363636363,412.968563349781,0.8052185996548407,788.7849981023732,20,0,20_NP_06
8,4.545454545454546,441.62474594535007,0.8052185996548407,788.7849981023732,20,0,20_NP_06
8,4.7272727272727275,469.7837404868306,0.8052185996548407,788.7849981023732,20,0,20_NP_06
8,4.909090909090908,497.16691419312014,0.8052185996548407,788.7849981023732,20,0,20_NP_06
8,5.090909090909091,523.5267369302305,0.8052185996548407,788.7849981023732,20,0,20_NP_06
8,5.2727272727272725,548.6546941889687,0.8052185996548407,788.7849981023732,20,0,20_NP_06
8,5.454545454545455,572.3861997786004,0.8052185996548407,788.7849981023732,20,0,20_NP_06
8,5.636363636363637,594.6024472301331,0.8052185996548407,788.7849981023732,20,0,20_NP_06
8,5.818181818181818,615.2294676031701,0.8052185996548407,788.7849981023732,20,0,20_NP_06
8,6.0,634.2349002637214,0.8052185996548407,788.7849981023732,20,0,20_NP_06
8,6.181818181818182,651.6231124517058,0.8052185996548407,788.7849981023732,20,0,20_NP_06
8,6.363636363636363,667.4293280107642,0.8052185996548407,788.7849981023732,20,0,20_NP_06
8,6.545454545454546,681.7133677518763,0.8052185996548407,788.7849981023732,20,0,20_NP_06
8,6.7272727272727275,694.553493672414,0.8052185996548407,788.7849981023732,20,0,20_NP_06
8,6.909090909090908,706.0407163184592,0.8052185996548407,788.7849981023732,20,0,20_NP_06
8,7.090909090909091,716.2737927757245,0.8052185996548407,788.7849981023732,20,0,20_NP_06
8,7.2727272727272725,725.3550278326207,0.8052185996548407,788.7849981023732,20,0,20_NP_06
8,7.454545454545455,733.3869006588902,0.8052185996548407,788.7849981023732,20,0,20_NP_06
8,7.636363636363637,740.4694755772467,0.8052185996548407,788.7849981023732,20,0,20_NP_06
8,7.818181818181818,746.698515807999,0.8052185996548407,788.7849981023732,20,0,20_NP_06
8,8.0,752.1641989746762,0.8052185996548407,788.7849981023732,20,0,20_NP_06
8,8.181818181818182,756.9503275937797,0.8052185996548407,788.7849981023732,20,0,20_NP_06
8,8.363636363636363,761.1339319814635,0.8052185996548407,788.7849981023732,20,0,20_NP_06
8,8.545454545454545,764.7851730476278,0.8052185996548407,788.7849981023732,20,0,20_NP_06
8,8.727272727272727,767.9674653231411,0.8052185996548407,788.7849981023732,20,0,20_NP_06
8,8.90909090909091,770.7377541941913,0.8052185996548407,788.7849981023732,20,0,20_NP_06
8,9.090909090909092,773.1468943722575,0.8052185996548407,788.7849981023732,20,0,20_NP_06
8,9.272727272727273,775.2400883612788,0.8052185996548407,788.7849981023732,20,0,20_NP_06
8,9.454545454545455,777.0573537582585,0.8052185996548407,788.7849981023732,20,0,20_NP_06
8,9.636363636363637,778.6339965726116,0.8052185996548407,788.7849981023732,20,0,20_NP_06
8,9.818181818181817,780.001074468006,0.8052185996548407,788.7849981023732,20,0,20_NP_06
8,10.0,781.1858390985859,0.8052185996548407,788.7849981023732,20,0,20_NP_06
8,10.181818181818182,782.212150743573,0.8052185996548407,788.7849981023732,20,0,20_NP_06
8,10.363636363636365,783.1008614566953,0.8052185996548407,788.7849981023732,20,0,20_NP_06
8,10.545454545454545,783.8701651400818,0.8052185996548407,788.7849981023732,20,0,20_NP_06
8,10.727272727272727,784.5359145018954,0.8052185996548407,788.7849981023732,20,0,20_NP_06
8,10.90909090909091,785.1119059112767,0.8052185996548407,788.7849981023732,20,0,20_NP_06
8,11.09090909090909,785.6101338446115,0.8052185996548407,788.7849981023732,20,0,20_NP_06
8,11.272727272727273,786.0410170208993,0.8052185996548407,788.7849981023732,20,0,20_NP_06
8,11.454545454545455,786.413598527394,0.8052185996548407,788.7849981023732,20,0,20_NP_06
8,11.636363636363637,786.7357222985046,0.8052185996548407,788.7849981023732,20,0,20_NP_06
8,11.818181818181818,787.0141882758612,0.8052185996548407,788.7849981023732,20,0,20_NP_06
8,12.0,787.2548884787507,0.8052185996548407,788.7849981023732,20,0,20_NP_06
8,12.181818181818182,787.4629260763345,0.8052185996548407,788.7849981023732,20,0,20_NP_06
8,12.363636363636363,787.6427193938173,0.8052185996548407,788.7849981023732,20,0,20_NP_06
8,12.545454545454547,787.7980926165176,0.8052185996548407,788.7849981023732,20,0,20_NP_06
8,12.727272727272727,787.9323547871786,0.8052185996548407,788.7849981023732,20,0,20_NP_06
8,12.909090909090908,788.0483685285501,0.8052185996548407,788.7849981023732,20,0,20_NP_06
8,13.090909090909092,788.148609768828,0.8052185996548407,788.7849981023732,20,0,20_NP_06
8,13.272727272727272,788.235219604052,0.8052185996548407,788.7849981023732,20,0,20_NP_06
8,13.454545454545455,788.3100493000096,0.8052185996548407,788.7849981023732,20,0,20_NP_06
8,13.636363636363637,788.374699316834,0.8052185996548407,788.7849981023732,20,0,20_NP_06
8,13.818181818181817,788.4305531320779,0.8052185996548407,788.7849981023732,20,0,20_NP_06
8,14.0,788.4788065420372,0.8052185996548407,788.7849981023732,20,0,20_NP_06
8,14.181818181818182,788.5204930357419,0.8052185996548407,788.7849981023732,20,0,20_NP_06
8,14.363636363636363,788.5565057604798,0.8052185996548407,788.7849981023732,20,0,20_NP_06
8,14.545454545454545,788.5876165311005,0.8052185996548407,788.7849981023732,20,0,20_NP_06
8,14.727272727272728,788.6144922767726,0.8052185996548407,788.7849981023732,20,0,20_NP_06
8,14.90909090909091,788.6377092675174,0.8052185996548407,788.7849981023732,20,0,20_NP_06
8,15.09090909090909,788.6577654179091,0.8052185996548407,788.7849981023732,20,0,20_NP_06
8,15.272727272727273,788.6750909260893,0.8052185996548407,788.7849981023732,20,0,20_NP_06
8,15.454545454545453,788.6900574720314,0.8052185996548407,788.7849981023732,20,0,20_NP_06
8,15.636363636363637,788.7029861691982,0.8052185996548407,788.7849981023732,20,0,20_NP_06
8,15.818181818181818,788.7141544378153,0.8052185996548407,788.7849981023732,20,0,20_NP_06
8,16.0,788.7238019454755,0.8052185996548407,788.7849981023732,20,0,20_NP_06
8,16.181818181818183,788.7321357412256,0.8052185996548407,788.7849981023732,20,0,20_NP_06
8,16.363636363636363,788.7393346923357,0.8052185996548407,788.7849981023732,20,0,20_NP_06
8,16.545454545454547,788.7455533182355,0.8052185996548407,788.7849981023732,20,0,20_NP_06
8,16.727272727272727,788.750925103361,0.8052185996548407,788.7849981023732,20,0,20_NP_06
8,16.90909090909091,788.7555653596097,0.8052185996548407,788.7849981023732,20,0,20_NP_06
8,17.09090909090909,788.7595736995427,0.8052185996548407,788.7849981023732,20,0,20_NP_06
8,17.272727272727273,788.7630361732007,0.8052185996548407,788.7849981023732,20,0,20_NP_06
8,17.454545454545453,788.7660271142304,0.8052185996548407,788.7849981023732,20,0,20_NP_06
8,17.636363636363637,788.7686107348326,0.8052185996548407,788.7849981023732,20,0,20_NP_06
8,17.81818181818182,788.7708425036717,0.8052185996548407,788.7849981023732,20,0,20_NP_06
8,18.0,788.772770336267,0.8052185996548407,788.7849981023732,20,0,20_NP_06
9,0.0,25.0,0.8384418505229365,601.3036558190549,20,0,20_NP_06
9,0.18181818181818182,28.91893166676891,0.8384418505229365,601.3036558190549,20,0,20_NP_06
9,0.36363636363636365,33.416563376520855,0.8384418505229365,601.3036558190549,20,0,20_NP_06
9,0.5454545454545454,38.56656037910849,0.8384418505229365,601.3036558190549,20,0,20_NP_06
9,0.7272727272727273,44.44812793940621,0.8384418505229365,601.3036558190549,20,0,20_NP_06
9,0.9090909090909091,51.14513817568119,0.8384418505229365,601.3036558190549,20,0,20_NP_06
9,1.0909090909090908,58.74474120750317,0.8384418505229365,601.3036558190549,20,0,20_NP_06
9,1.2727272727272727,67.33535350508669,0.8384418505229365,601.3036558190549,20,0,20_NP_06
9,1.4545454545454546,77.00392748482086,0.8384418505229365,601.3036558190549,20,0,20_NP_06
9,1.6363636363636365,87.83243570058016,0.8384418505229365,601.3036558190549,20,0,20_NP_06
9,1.8181818181818181,99.89355606280442,0.8384418505229365,601.3036558190549,20,0,20_NP_06
9,2.0,113.2456255527158,0.8384418505229365,601.3036558190549,20,0,20_NP_06
9,2.1818181818181817,127.92703948837305,0.8384418505229365,601.3036558190549,20,0,20_NP_06
9,2.3636363636363638,143.95040598803334,0.8384418505229365,601.3036558190549,20,0,20_NP_06
9,2.5454545454545454,161.29690674936052,0.8384418505229365,601.3036558190549,20,0,20_NP_06
9,2.7272727272727275,179.91144181149545,0.8384418505229365,601.3036558190549,20,0,20_NP_06
9,2.909090909090909,199.6992156154374,0.8384418505229365,601.3036558190549,20,0,20_NP_06
9,3.090909090909091,220.52441963857675,0.8384418505229365,601.3036558190549,20,0,20_NP_06
9,3.272727272727273,242.21155485325235,0.8384418505229365,601.3036558190549,20,0,20_NP_06
9,3.454545454545454,264.5497049469016,0.8384418505229365,601.3036558190549,20,0,20_NP_06
9,3.6363636363636362,287.2997362302073,0.8384418505229365,601.3036558190549,20,0,20_NP_06
9,3.8181818181818183,310.2040112555475,0.8384418505229365,601.3036558190549,20,0,20_NP_06
9,4.0,332.9978333447806,0.8384418505229365,601.3036558190549,20,0,20_NP_06
9,4.181818181818182,355.4215680785195,0.8384418505229365,601.3036558190549,20,0,20_NP_06
9,4.363636363636363,377.23227840961124,0.8384418505229365,601.3036558190549,20,0,20_NP_06
9,4.545454545454546,398.21378884050483,0.8384418505229365,601.3036558190549,20,0,20_NP_06
9,4.7272727272727275,418.1843419766355,0.8384418505229365,601.3036558190549,20,0,20_NP_06
9,4.909090909090908,437.0013695654558,0.8384418505229365,601.3036558190549,20,0,20_NP_06
9,5.090909090909091,454.56329136182933,0.8384418505229365,601.3036558190549,20,0,20_NP_06
9,5.2727272727272725,470.8086032993908,0.8384418505229365,601.3036558190549,20,0,20_NP_06
9,5.454545454545455,485.71276787961784,0.8384418505229365,601.3036558190549,20,0,20_NP_06
9,5.636363636363637,499.28355162880536,0.8384418505229365,601.3036558190549,20,0,20_NP_06
9,5.818181818181818,511.5554731568802,0.8384418505229365,601.3036558190549,20,0,20_NP_06
9,6.0,522.583956901076,0.8384418505229365,601.3036558190549,20,0,20_NP_06
9,6.181818181818182,532.4396664988916,0.8384418505229365,601.3036558190549,20,0,20_NP_06
9,6.363636363636363,541.2033508346481,0.8384418505229365,601.3036558190549,20,0,20_NP_06
9,6.545454545454546,548.9614005050057,0.8384418505229365,601.3036558190549,20,0,20_NP_06
9,6.7272727272727275,555.802198451325,0.8384418505229365,601.3036558190549,20,0,20_NP_06
9,6.909090909090908,561.8132626386874,0.8384418505229365,601.3036558190549,20,0,20_NP_06
9,7.090909090909091,567.0791211596597,0.8384418505229365,601.3036558190549,20,0,20_NP_06
9,7.2727272727272725,571.6798272595987,0.8384418505229365,601.3036558190549,20,0,20_NP_06
9,7.454545454545455,575.6900080159222,0.8384418505229365,601.3036558190549,20,0,20_NP_06
9,7.636363636363637,579.1783400536328,0.8384418505229365,601.3036558190549,20,0,20_NP_06
9,7.818181818181818,582.2073537381698,0.8384418505229365,601.3036558190549,20,0,20_NP_06
9,8.0,584.8334798258475,0.8384418505229365,601.3036558190549,20,0,20_NP_06
9,8.181818181818182,587.1072667617647,0.8384418505229365,601.3036558190549,20,0,20_NP_06
9,8.363636363636363,589.0737108633382,0.8384418505229365,601.3036558190549,20,0,20_NP_06
9,8.545454545454545,590.7726544493439,0.8384418505229365,601.3036558190549,20,0,20_NP_06
9,8.727272727272727,592.2392180555617,0.8384418505229365,601.3036558190549,20,0,20_NP_06
9,8.90909090909091,593.5042420704426,0.8384418505229365,601.3036558190549,20,0,20_NP_06
9,9.090909090909092,594.5947205008315,0.8384418505229365,601.3036558190549,20,0,20_NP_06
9,9.272727272727273,595.5342153300768,0.8384418505229365,601.3036558190549,20,0,20_NP_06
9,9.454545454545455,596.3432442995303,0.8384418505229365,601.3036558190549,20,0,20_NP_06
9,9.636363636363637,597.039638176699,0.8384418505229365,601.3036558190549,20,0,20_NP_06
9,9.818181818181817,597.6388658990376,0.8384418505229365,601.3036558190549,20,0,20_NP_06
9,10.0,598.1543276025288,0.8384418505229365,601.3036558190549,20,0,20_NP_06
9,10.181818181818182,598.5976166272576,0.8384418505229365,601.3036558190549,20,0,20_NP_06
9,10.363636363636365,598.9787522749424,0.8384418505229365,601.3036558190549,20,0,20_NP_06
9,10.545454545454545,599.3063854841629,0.8384418505229365,601.3036558190549,20,0,20_NP_06
9,10.727272727272727,599.5879797718071,0.8384418505229365,601.3036558190549,20,0,20_NP_06
9,10.90909090909091,599.8299698279576,0.8384418505229365,601.3036558190549,20,0,20_NP_06
9,11.09090909090909,600.037900093838,0.8384418505229365,601.3036558190549,20,0,20_NP_06
9,11.272727272727273,600.216545533658,0.8384418505229365,601.3036558190549,20,0,20_NP_06
9,11.454545454545455,600.3700166565835,0.8384418505229365,601.3036558190549,20,0,20_NP_06
9,11.636363636363637,600.5018506725226,0.8384418505229365,601.3036558190549,20,0,20_NP_06
9,11.818181818181818,600.6150904873307,0.8384418505229365,601.3036558190549,20,0,20_NP_06
9,12.0,600.7123530676485,0.8384418505229365,601.3036558190549,20,0,20_NP_06
9,12.181818181818182,600.7958885381512,0.8384418505229365,601.3036558190549,20,0,20_NP_06
9,12.363636363636363,600.8676312176754,0.8384418505229365,601.3036558190549,20,0,20_NP_06
9,12.545454545454547,600.9292436570802,0.8384418505229365,601.3036558190549,20,0,20_NP_06
9,12.727272727272727,600.9821546114453,0.8384418505229365,601.3036558190549,20,0,20_NP_06
9,12.909090909090908,601.0275917621595,0.8384418505229365,601.3036558190549,20,0,20_NP_06
9,13.090909090909092,601.0666099001301,0.8384418505229365,601.3036558190549,20,0,20_NP_06
9,13.272727272727272,601.10011518889,0.8384418505229365,601.3036558190549,20,0,20_NP_06
9,13.454545454545455,601.1288860449091,0.8384418505229365,601.3036558190549,20,0,20_NP_06
9,13.636363636363637,601.153591100874,0.8384418505229365,601.3036558190549,20,0,20_NP_06
9,13.818181818181817,601.1748046551323,0.8384418505229365,601.3036558190549,20,0,20_NP_06
9,14.0,601.1930199559082,0.8384418505229365,601.3036558190549,20,0,20_NP_06
9,14.181818181818182,601.2086606213993,0.8384418505229365,601.3036558190549,20,0,20_NP_06
9,14.363636363636363,601.2220904556063,0.8384418505229365,601.3036558190549,20,0,20_NP_06
9,14.545454545454545,601.233621883985,0.8384418505229365,601.3036558190549,20,0,20_NP_06
9,14.727272727272728,601.2435232020431,0.8384418505229365,601.3036558190549,20,0,20_NP_06
9,14.90909090909091,601.2520248032306,0.8384418505229365,601.3036558190549,20,0,20_NP_06
9,15.09090909090909,601.2593245293434,0.8384418505229365,601.3036558190549,20,0,20_NP_06
9,15.272727272727273,601.2655922666975,0.8384418505229365,601.3036558190549,20,0,20_NP_06
9,15.454545454545453,601.2709738941176,0.8384418505229365,601.3036558190549,20,0,20_NP_06
9,15.636363636363637,601.275594673949,0.8384418505229365,601.3036558190549,20,0,20_NP_06
9,15.818181818181818,601.279562164517,0.8384418505229365,601.3036558190549,20,0,20_NP_06
9,16.0,601.2829687214604,0.8384418505229365,601.3036558190549,20,0,20_NP_06
9,16.181818181818183,601.2858936458902,0.8384418505229365,601.3036558190549,20,0,20_NP_06
9,16.363636363636363,601.2884050291796,0.8384418505229365,601.3036558190549,20,0,20_NP_06
9,16.545454545454547,601.2905613371854,0.8384418505229365,601.3036558190549,20,0,20_NP_06
9,16.727272727272727,601.2924127706691,0.8384418505229365,601.3036558190549,20,0,20_NP_06
9,16.90909090909091,601.2940024335117,0.8384418505229365,601.3036558190549,20,0,20_NP_06
9,17.09090909090909,601.2953673358594,0.8384418505229365,601.3036558190549,20,0,20_NP_06
9,17.272727272727273,601.2965392555109,0.8384418505229365,601.3036558190549,20,0,20_NP_06
9,17.454545454545453,601.2975454775697,0.8384418505229365,601.3036558190549,20,0,20_NP_06
9,17.636363636363637,601.2984094295578,0.8384418505229365,601.3036558190549,20,0,20_NP_06
9,17.81818181818182,601.2991512267616,0.8384418505229365,601.3036558190549,20,0,20_NP_06
9,18.0,601.2997881404923,0.8384418505229365,601.3036558190549,20,0,20_NP_06
10,0.0,25.0,1.8629477492811617,474.21410942954896,26,0,20_NP_06
10,0.18181818181818182,34.34865492278813,1.8629477492811617,474.21410942954896,26,0,20_NP_06
10,0.36363636363636365,46.82877086380645,1.8629477492811617,474.21410942954896,26,0,20_NP_06
10,0.5454545454545454,63.19193463481979,1.8629477492811617,474.21410942954896,26,0,20_NP_06
10,0.7272727272727273,84.14705628322166,1.8629477492811617,474.21410942954896,26,0,20_NP_06
10,0.9090909090909091,110.18822429798496,1.8629477492811617,474.21410942954896,26,0,20_NP_06
10,1.0909090909090908,141.3676683673344,1.8629477492811617,474.21410942954896,26,0,20_NP_06
10,1.2727272727272727,177.07806677328247,1.8629477492811617,474.21410942954896,26,0,20_NP_06
10,1.4545454545454546,215.95637622173052,1.8629477492811617,474.21410942954896,26,0,20_NP_06
10,1.6363636363636365,256.0159543150545,1.8629477492811617,474.21410942954896,26,0,20_NP_06
10,1.8181818181818181,295.01781454386145,1.8629477492811617,474.21410942954896,26,0,20_NP_06
10,2.0,330.949423124169,1.8629477492811617,474.21410942954896,26,0,20_NP_06
10,2.1818181818181817,362.4067200083741,1.8629477492811617,474.21410942954896,26,0,20_NP_06
10,2.3636363636363638,388.74070157615375,1.8629477492811617,474.21410942954896,26,0,20_NP_06
10,2.5454545454545454,409.9717250714329,1.8629477492811617,474.21410942954896,26,0,20_NP_06
10,2.7272727272727275,426.5753698427723,1.8629477492811617,474.21410942954896,26,0,20_NP_06
10,2.909090909090909,439.2536891686456,1.8629477492811617,474.21410942954896,26,0,20_NP_06
10,3.090909090909091,448.75921240107556,1.8629477492811617,474.21410942954896,26,0,20_NP_06
10,3.272727272727273,455.7886545471176,1.8629477492811617,474.21410942954896,26,0,20_NP_06
10,3.454545454545454,460.93434064561745,1.8629477492811617,474.21410942954896,26,0,20_NP_06
10,3.6363636363636362,464.6730699594227,1.8629477492811617,474.21410942954896,26,0,20_NP_06
10,3.8181818181818183,467.3748315291919,1.8629477492811617,474.21410942954896,26,0,20_NP_06
10,4.0,469.31958670571146,1.8629477492811617,474.21410942954896,26,0,20_NP_06
10,4.181818181818182,470.7154884294924,1.8629477492811617,474.21410942954896,26,0,20_NP_06
10,4.363636363636363,471.7154031503304,1.8629477492811617,474.21410942954896,26,0,20_NP_06
10,4.545454545454546,472.4306224983443,1.8629477492811617,474.21410942954896,26,0,20_NP_06
10,4.7272727272727275,472.9416726484178,1.8629477492811617,474.21410942954896,26,0,20_NP_06
10,4.909090909090908,473.3065649901309,1.8629477492811617,474.21410942954896,26,0,20_NP_06
10,5.090909090909091,473.5669615858544,1.8629477492811617,474.21410942954896,26,0,20_NP_06
10,5.2727272727272725,473.75271689179533,1.8629477492811617,474.21410942954896,26,0,20_NP_06
10,5.454545454545455,473.88519060475977,1.8629477492811617,474.21410942954896,26,0,20_NP_06
10,5.636363636363637,473.97964766597283,1.8629477492811617,474.21410942954896,26,0,20_NP_06
10,5.818181818181818,474.0469886448822,1.8629477492811617,474.21410942954896,26,0,20_NP_06
10,6.0,474.09499313273926,1.8629477492811617,474.21410942954896,26,0,20_NP_06
10,6.181818181818182,474.1292110760185,1.8629477492811617,474.21410942954896,26,0,20_NP_06
10,6.363636363636363,474.15360065629704,1.8629477492811617,474.21410942954896,26,0,20_NP_06
10,6.545454545454546,474.17098424063175,1.8629477492811617,474.21410942954896,26,0,20_NP_06
10,6.7272727272727275,474.1833740133306,1.8629477492811617,474.21410942954896,26,0,20_NP_06
10,6.909090909090908,474.19220439580016,1.8629477492811617,474.21410942954896,26,0,20_NP_06
10,7.090909090909091,474.1984978649315,1.8629477492811617,474.21410942954896,26,0,20_NP_06
10,7.2727272727272725,474.2029832188677,1.8629477492811617,474.21410942954896,26,0,20_NP_06
10,7.454545454545455,474.20617990866236,1.8629477492811617,474.21410942954896,26,0,20_NP_06
10,7.636363636363637,474.20845816322753,1.8629477492811617,474.21410942954896,26,0,20_NP_06
10,7.818181818181818,474.21008185116074,1.8629477492811617,474.21410942954896,26,0,20_NP_06
10,8.0,474.2112390336425,1.8629477492811617,474.21410942954896,26,0,20_NP_06
10,8.181818181818182,474.2120637420194,1.8629477492811617,474.21410942954896,26,0,20_NP_06
10,8.363636363636363,474.21265149987164,1.8629477492811617,474.21410942954896,26,0,20_NP_06
10,8.545454545454545,474.21307038611917,1.8629477492811617,474.21410942954896,26,0,20_NP_06
10,8.727272727272727,474.2133689199127,1.8629477492811617,474.21410942954896,26,0,20_NP_06
10,8.90909090909091,474.21358168026876,1.8629477492811617,474.21410942954896,26,0,20_NP_06
10,9.090909090909092,474.21373331119315,1.8629477492811617,474.21410942954896,26,0,20_NP_06
10,9.272727272727273,474.21384137611926,1.8629477492811617,474.21410942954896,26,0,20_NP_06
10,9.454545454545455,474.21391839224555,1.8629477492811617,474.21410942954896,26,0,20_NP_06
10,9.636363636363637,474.21397328038773,1.8629477492811617,474.21410942954896,26,0,20_NP_06
10,9.818181818181817,474.21401239827213,1.8629477492811617,474.21410942954896,26,0,20_NP_06
10,10.0,474.2140402769491,1.8629477492811617,474.21410942954896,26,0,20_NP_06
10,10.181818181818182,474.21406014562587,1.8629477492811617,474.21410942954896,26,0,20_NP_06
10,10.363636363636365,474.21407430570616,1.8629477492811617,474.21410942954896,26,0,20_NP_06
10,10.545454545454545,474.21408439736314,1.8629477492811617,474.21410942954896,26,0,20_NP_06
10,10.727272727272727,474.21409158952144,1.8629477492811617,474.21410942954896,26,0,20_NP_06
10,10.90909090909091,474.2140967152545,1.8629477492811617,474.21410942954896,26,0,20_NP_06
10,11.09090909090909,474.2141003682802,1.8629477492811617,474.21410942954896,26,0,20_NP_06
10,11.272727272727273,474.2141029717317,1.8629477492811617,474.21410942954896,26,0,20_NP_06
10,11.454545454545455,474.21410482716874,1.8629477492811617,474.21410942954896,26,0,20_NP_06
10,11.636363636363637,474.2141061495082,1.8629477492811617,474.21410942954896,26,0,20_NP_06
10,11.818181818181818,474.2141070919178,1.8629477492811617,474.21410942954896,26,0,20_NP_06
10,12.0,474.21410776355765,1.8629477492811617,474.21410942954896,26,0,20_NP_06
10,12.181818181818182,474.21410824222437,1.8629477492811617,474.21410942954896,26,0,20_NP_06
10,12.363636363636363,474.21410858336225,1.8629477492811617,474.21410942954896,26,0,20_NP_06
10,12.545454545454547,474.2141088264856,1.8629477492811617,474.21410942954896,26,0,20_NP_06
10,12.727272727272727,474.2141089997556,1.8629477492811617,474.21410942954896,26,0,20_NP_06
10,12.909090909090908,474.2141091232423,1.8629477492811617,474.21410942954896,26,0,20_NP_06
10,13.090909090909092,474.21410921124925,1.8629477492811617,474.21410942954896,26,0,20_NP_06
10,13.272727272727272,474.2141092739704,1.8629477492811617,474.21410942954896,26,0,20_NP_06
10,13.454545454545455,474.2141093186706,1.8629477492811617,474.21410942954896,26,0,20_NP_06
10,13.636363636363637,474.2141093505278,1.8629477492811617,474.21410942954896,26,0,20_NP_06
10,13.818181818181817,474.21410937323185,1.8629477492811617,474.21410942954896,26,0,20_NP_06
10,14.0,474.2141093894127,1.8629477492811617,474.21410942954896,26,0,20_NP_06
10,14.181818181818182,474.2141094009445,1.8629477492811617,474.21410942954896,26,0,20_NP_06
10,14.363636363636363,474.214109409163,1.8629477492811617,474.21410942954896,26,0,20_NP_06
10,14.545454545454545,474.21410941502023,1.8629477492811617,474.21410942954896,26,0,20_NP_06
10,14.727272727272728,474.2141094191946,1.8629477492811617,474.21410942954896,26,0,20_NP_06
10,14.90909090909091,474.21410942216954,1.8629477492811617,474.21410942954896,26,0,20_NP_06
10,15.09090909090909,474.2141094242898,1.8629477492811617,474.21410942954896,26,0,20_NP_06
10,15.272727272727273,474.2141094258008,1.8629477492811617,474.21410942954896,26,0,20_NP_06
10,15.454545454545453,474.21410942687766,1.8629477492811617,474.21410942954896,26,0,20_NP_06
10,15.636363636363637,474.2141094276452,1.8629477492811617,474.21410942954896,26,0,20_NP_06
10,15.818181818181818,474.2141094281922,1.8629477492811617,474.21410942954896,26,0,20_NP_06
10,16.0,474.214109428582,1.8629477492811617,474.21410942954896,26,0,20_NP_06
10,16.181818181818183,474.2141094288598,1.8629477492811617,474.21410942954896,26,0,20_NP_06
10,16.363636363636363,474.2141094290578,1.8629477492811617,474.21410942954896,26,0,20_NP_06
10,16.545454545454547,474.21410942919897,1.8629477492811617,474.21410942954896,26,0,20_NP_06
10,16.727272727272727,474.2141094292995,1.8629477492811617,474.21410942954896,26,0,20_NP_06
10,16.90909090909091,474.2141094293712,1.8629477492811617,474.21410942954896,26,0,20_NP_06
10,17.09090909090909,474.2141094294223,1.8629477492811617,474.21410942954896,26,0,20_NP_06
10,17.272727272727273,474.21410942945863,1.8629477492811617,474.21410942954896,26,0,20_NP_06
10,17.454545454545453,474.2141094294846,1.8629477492811617,474.21410942954896,26,0,20_NP_06
10,17.636363636363637,474.214109429503,1.8629477492811617,474.21410942954896,26,0,20_NP_06
10,17.81818181818182,474.2141094295163,1.8629477492811617,474.21410942954896,26,0,20_NP_06
10,18.0,474.2141094295257,1.8629477492811617,474.21410942954896,26,0,20_NP_06
11,0.0,24.999999999999996,0.9464249772490037,224.53872999312858,26,0,20_NP_06
11,0.18181818181818182,29.086160563552948,0.9464249772490037,224.53872999312858,26,0,20_NP_06
11,0.36363636363636365,33.727302111410935,0.9464249772490037,224.53872999312858,26,0,20_NP_06
11,0.5454545454545454,38.96138499071704,0.9464249772490037,224.53872999312858,26,0,20_NP_06
11,0.7272727272727273,44.81695426047173,0.9464249772490037,224.53872999312858,26,0,20_NP_06
11,0.9090909090909091,51.30924828494445,0.9464249772490037,224.53872999312858,26,0,20_NP_06
11,1.0909090909090908,58.436233331456236,0.9464249772490037,224.53872999312858,26,0,20_NP_06
11,1.2727272727272727,66.17500373111879,0.9464249772490037,224.53872999312858,26,0,20_NP_06
11,1.4545454545454546,74.47909104434365,0.9464249772490037,224.53872999312858,26,0,20_NP_06
11,1.6363636363636365,83.27725669436616,0.9464249772490037,224.53872999312858,26,0,20_NP_06
11,1.8181818181818181,92.4742618955893,0.9464249772490037,224.53872999312858,26,0,20_NP_06
11,2.0,101.95389756782033,0.9464249772490037,224.53872999312858,26,0,20_NP_06
11,2.1818181818181817,111.58423259014944,0.9464249772490037,224.53872999312858,26,0,20_NP_06
11,2.3636363636363638,121.22466097508396,0.9464249772490037,224.53872999312858,26,0,20_NP_06
11,2.5454545454545454,130.73398847230698,0.9464249772490037,224.53872999312858,26,0,20_NP_06
11,2.7272727272727275,139.9785908277607,0.9464249772490037,224.53872999312858,26,0,20_NP_06
11,2.909090909090909,148.8396612707468,0.9464249772490037,224.53872999312858,26,0,20_NP_06
11,3.090909090909091,157.2187482351606,0.9464249772490037,224.53872999312858,26,0,20_NP_06
11,3.272727272727273,165.04111104794066,0.9464249772490037,224.53872999312858,26,0,20_NP_06
11,3.454545454545454,172.25679972838293,0.9464249772490037,224.53872999312858,26,0,20_NP_06
11,3.6363636363636362,178.8397015340035,0.9464249772490037,224.53872999312858,26,0,20_NP_06
11,3.8181818181818183,184.78502612011835,0.9464249772490037,224.53872999312858,26,0,20_NP_06
11,4.0,190.10579986936307,0.9464249772490037,224.53872999312858,26,0,20_NP_06
11,4.181818181818182,194.82892267027478,0.9464249772490037,224.53872999312858,26,0,20_NP_06
11,4.363636363636363,198.9912442430143,0.9464249772490037,224.53872999312858,26,0,20_NP_06
11,4.545454545454546,202.6359843265515,0.9464249772490037,224.53872999312858,26,0,20_NP_06
11,4.7272727272727275,205.8096867159753,0.9464249772490037,224.53872999312858,26,0,20_NP_06
11,4.909090909090908,208.55978356009314,0.9464249772490037,224.53872999312858,26,0,20_NP_06
11,5.090909090909091,210.93276318795367,0.9464249772490037,224.53872999312858,26,0,20_NP_06
11,5.2727272727272725,212.97288238663873,0.9464249772490037,224.53872999312858,26,0,20_NP_06
11,5.454545454545455,214.72133753630703,0.9464249772490037,224.53872999312858,26,0,20_NP_06
11,5.636363636363637,216.2158013692399,0.9464249772490037,224.53872999312858,26,0,20_NP_06
11,5.818181818181818,217.49023658318995,0.9464249772490037,224.53872999312858,26,0,20_NP_06
11,6.0,218.57490858620415,0.9464249772490037,224.53872999312858,26,0,20_NP_06
11,6.181818181818182,219.4965333213474,0.9464249772490037,224.53872999312858,26,0,20_NP_06
11,6.363636363636363,220.2785098872653,0.9464249772490037,224.53872999312858,26,0,20_NP_06
11,6.545454545454546,220.94120012578355,0.9464249772490037,224.53872999312858,26,0,20_NP_06
11,6.7272727272727275,221.50222786386686,0.9464249772490037,224.53872999312858,26,0,20_NP_06
11,6.909090909090908,221.97677893958965,0.9464249772490037,224.53872999312858,26,0,20_NP_06
11,7.090909090909091,222.37788965107657,0.9464249772490037,224.53872999312858,26,0,20_NP_06
11,7.2727272727272725,222.71671611302418,0.9464249772490037,224.53872999312858,26,0,20_NP_06
11,7.454545454545455,223.00278049452504,0.9464249772490037,224.53872999312858,26,0,20_NP_06
11,7.636363636363637,223.2441925387435,0.9464249772490037,224.53872999312858,26,0,20_NP_06
11,7.818181818181818,223.44784638680562,0.9464249772490037,224.53872999312858,26,0,20_NP_06
11,8.0,223.6195937572627,0.9464249772490037,224.53872999312858,26,0,20_NP_06
11,8.181818181818182,223.76439513659304,0.9464249772490037,224.53872999312858,26,0,20_NP_06
11,8.363636363636363,223.88645094412516,0.9464249772490037,224.53872999312858,26,0,20_NP_06
11,8.545454545454545,223.98931474258615,0.9464249772490037,224.53872999312858,26,0,20_NP_06
11,8.727272727272727,224.07599054328296,0.9464249772490037,224.53872999312858,26,0,20_NP_06
11,8.90909090909091,224.14901615269855,0.9464249772490037,224.53872999312858,26,0,20_NP_06
11,9.090909090909092,224.2105343599029,0.9464249772490037,224.53872999312858,26,0,20_NP_06
11,9.272727272727273,224.26235359535312,0.9464249772490037,224.53872999312858,26,0,20_NP_06
11,9.454545454545455,224.30599951702413,0.9464249772490037,224.53872999312858,26,0,20_NP_06
11,9.636363636363637,224.3427588092908,0.9464249772490037,224.53872999312858,26,0,20_NP_06
11,9.818181818181817,224.37371631947514,0.9464249772490037,224.53872999312858,26,0,20_NP_06
11,10.0,224.3997865096623,0.9464249772490037,224.53872999312858,26,0,20_NP_06
11,10.181818181818182,224.42174006863416,0.9464249772490037,224.53872999312858,26,0,20_NP_06
11,10.363636363636365,224.44022641074457,0.9464249772490037,224.53872999312858,26,0,20_NP_06
11,10.545454545454545,224.45579268473068,0.9464249772490037,224.53872999312858,26,0,20_NP_06
11,10.727272727272727,224.46889982484268,0.9464249772490037,224.53872999312858,26,0,20_NP_06
11,10.90909090909091,224.47993609811883,0.9464249772490037,224.53872999312858,26,0,20_NP_06
11,11.09090909090909,224.48922853387066,0.9464249772490037,224.53872999312858,26,0,20_NP_06
11,11.272727272727273,224.49705256324498,0.9464249772490037,224.53872999312858,26,0,20_NP_06
11,11.454545454545455,224.50364014690635,0.9464249772490037,224.53872999312858,26,0,20_NP_06
11,11.636363636363637,224.50918662635965,0.9464249772490037,224.53872999312858,26,0,20_NP_06
11,11.818181818181818,224.51385649821114,0.9464249772490037,224.53872999312858,26,0,20_NP_06
11,12.0,224.51778827988136,0.9464249772490037,224.53872999312858,26,0,20_NP_06
11,12.181818181818182,224.5210986091523,0.9464249772490037,224.53872999312858,26,0,20_NP_06
11,12.363636363636363,224.52388569778716,0.9464249772490037,224.53872999312858,26,0,20_NP_06
11,12.545454545454547,224.52623224070663,0.9464249772490037,224.53872999312858,26,0,20_NP_06
11,12.727272727272727,224.52820786634774,0.9464249772490037,224.53872999312858,26,0,20_NP_06
11,12.909090909090908,224.52987120042286,0.9464249772490037,224.53872999312858,26,0,20_NP_06
11,13.090909090909092,224.53127160397082,0.9464249772490037,224.53872999312858,26,0,20_NP_06
11,13.272727272727272,224.5324506370323,0.9464249772490037,224.53872999312858,26,0,20_NP_06
11,13.454545454545455,224.53344329121228,0.9464249772490037,224.53872999312858,26,0,20_NP_06
11,13.636363636363637,224.53427902758523,0.9464249772490037,224.53872999312858,26,0,20_NP_06
11,13.818181818181817,224.53498265065977,0.9464249772490037,224.53872999312858,26,0,20_NP_06
11,14.0,224.53557504427863,0.9464249772490037,224.53872999312858,26,0,20_NP_06
11,14.181818181818182,224.53607379125287,0.9464249772490037,224.53872999312858,26,0,20_NP_06
11,14.363636363636363,224.53649369508935,0.9464249772490037,224.53872999312858,26,0,20_NP_06
11,14.545454545454545,224.5368472192749,0.9464249772490037,224.53872999312858,26,0,20_NP_06
11,14.727272727272728,224.5371448571406,0.9464249772490037,224.53872999312858,26,0,20_NP_06
11,14.90909090909091,224.53739544327334,0.9464249772490037,224.53872999312858,26,0,20_NP_06
11,15.09090909090909,224.53760641570972,0.9464249772490037,224.53872999312858,26,0,20_NP_06
11,15.272727272727273,224.5377840366897,0.9464249772490037,224.53872999312858,26,0,20_NP_06
11,15.454545454545453,224.53793357851805,0.9464249772490037,224.53872999312858,26,0,20_NP_06
11,15.636363636363637,224.5380594800489,0.9464249772490037,224.53872999312858,26,0,20_NP_06
11,15.818181818181818,224.53816547843456,0.9464249772490037,224.53872999312858,26,0,20_NP_06
11,16.0,224.5382547200495,0.9464249772490037,224.53872999312858,26,0,20_NP_06
11,16.181818181818183,224.53832985387993,0.9464249772490037,224.53872999312858,26,0,20_NP_06
11,16.363636363636363,224.5383931101514,0.9464249772490037,224.53872999312858,26,0,20_NP_06
11,16.545454545454547,224.53844636652698,0.9464249772490037,224.53872999312858,26,0,20_NP_06
11,16.727272727272727,224.53849120384103,0.9464249772490037,224.53872999312858,26,0,20_NP_06
11,16.90909090909091,224.53852895302256,0.9464249772490037,224.53872999312858,26,0,20_NP_06
11,17.09090909090909,224.53856073460125,0.9464249772490037,224.53872999312858,26,0,20_NP_06
11,17.272727272727273,224.53858749196803,0.9464249772490037,224.53872999312858,26,0,20_NP_06
11,17.454545454545453,224.53861001937776,0.9464249772490037,224.53872999312858,26,0,20_NP_06
11,17.636363636363637,224.53862898552552,0.9464249772490037,224.53872999312858,26,0,20_NP_06
11,17.81818181818182,224.5386449533956,0.9464249772490037,224.53872999312858,26,0,20_NP_06
11,18.0,224.53865839697258,0.9464249772490037,224.53872999312858,26,0,20_NP_06
12,0.0,25.0,0.4026850429928885,1226.4533658862376,26,0,20_NP_06
12,0.18181818181818182,26.857472026270838,0.4026850429928885,1226.4533658862376,26,0,20_NP_06
12,0.36363636363636365,28.84963825628549,0.4026850429928885,1226.4533658862376,26,0,20_NP_06
12,0.5454545454545454,30.98575747775407,0.4026850429928885,1226.4533658862376,26,0,20_NP_06
12,0.7272727272727273,33.27564713193458,0.4026850429928885,1226.4533658862376,26,0,20_NP_06
12,0.9090909090909091,35.72970498389864,0.4026850429928885,1226.4533658862376,26,0,20_NP_06
12,1.0909090909090908,38.35892963312531,0.4026850429928885,1226.4533658862376,26,0,20_NP_06
12,1.2727272727272727,41.174939438251236,0.4026850429928885,1226.4533658862376,26,0,20_NP_06
12,1.4545454545454546,44.18998936636398,0.4026850429928885,1226.4533658862376,26,0,20_NP_06
12,1.6363636363636365,47.41698520849038,0.4026850429928885,1226.4533658862376,26,0,20_NP_06
12,1.8181818181818181,50.86949452921048,0.4026850429928885,1226.4533658862376,26,0,20_NP_06
12,2.0,54.56175364016137,0.4026850429928885,1226.4533658862376,26,0,20_NP_06
12,2.1818181818181817,58.508669805430564,0.4026850429928885,1226.4533658862376,26,0,20_NP_06
12,2.3636363636363638,62.725817802675806,0.4026850429928885,1226.4533658862376,26,0,20_NP_06
12,2.5454545454545454,67.22942987888061,0.4026850429928885,1226.4533658862376,26,0,20_NP_06
12,2.7272727272727275,72.03637805609512,0.4026850429928885,1226.4533658862376,26,0,20_NP_06
12,2.909090909090909,77.1641476630274,0.4026850429928885,1226.4533658862376,26,0,20_NP_06
12,3.090909090909091,82.63080089629128,0.4026850429928885,1226.4533658862376,26,0,20_NP_06
12,3.272727272727273,88.45492915454321,0.4026850429928885,1226.4533658862376,26,0,20_NP_06
12,3.454545454545454,94.65559284446199,0.4026850429928885,1226.4533658862376,26,0,20_NP_06
12,3.6363636363636362,101.25224733513002,0.4026850429928885,1226.4533658862376,26,0,20_NP_06
12,3.8181818181818183,108.26465374321803,0.4026850429928885,1226.4533658862376,26,0,20_NP_06
12,4.0,115.71277327251825,0.4026850429928885,1226.4533658862376,26,0,20_NP_06
12,4.181818181818182,123.61664391546802,0.4026850429928885,1226.4533658862376,26,0,20_NP_06
12,4.363636363636363,131.99623845940513,0.4026850429928885,1226.4533658862376,26,0,20_NP_06
12,4.545454545454546,140.87130293457037,0.4026850429928885,1226.4533658862376,26,0,20_NP_06
12,4.7272727272727275,150.2611749022105,0.4026850429928885,1226.4533658862376,26,0,20_NP_06
12,4.909090909090908,160.18458131667745,0.4026850429928885,1226.4533658862376,26,0,20_NP_06
12,5.090909090909091,170.65941611091174,0.4026850429928885,1226.4533658862376,26,0,20_NP_06
12,5.2727272727272725,181.70249815378892,0.4026850429928885,1226.4533658862376,26,0,20_NP_06
12,5.454545454545455,193.3293108112265,0.4026850429928885,1226.4533658862376,26,0,20_NP_06
12,5.636363636363637,205.55372500759097,0.4026850429928885,1226.4533658862376,26,0,20_NP_06
12,5.818181818181818,218.3877084220355,0.4026850429928885,1226.4533658862376,26,0,20_NP_06
12,6.0,231.84102425255557,0.4026850429928885,1226.4533658862376,26,0,20_NP_06
12,6.181818181818182,245.92092381916865,0.4026850429928885,1226.4533658862376,26,0,20_NP_06
12,6.363636363636363,260.63183813033277,0.4026850429928885,1226.4533658862376,26,0,20_NP_06
12,6.545454545454546,275.97507437033323,0.4026850429928885,1226.4533658862376,26,0,20_NP_06
12,6.7272727272727275,291.9485240402356,0.4026850429928885,1226.4533658862376,26,0,20_NP_06
12,6.909090909090908,308.5463901559834,0.4026850429928885,1226.4533658862376,26,0,20_NP_06
12,7.090909090909091,325.75894142533207,0.4026850429928885,1226.4533658862376,26,0,20_NP_06
12,7.2727272727272725,343.572301640055,0.4026850429928885,1226.4533658862376,26,0,20_NP_06
12,7.454545454545455,361.9682825823138,0.4026850429928885,1226.4533658862376,26,0,20_NP_06
12,7.636363636363637,380.9242685104364,0.4026850429928885,1226.4533658862376,26,0,20_NP_06
12,7.818181818181818,400.4131597249805,0.4026850429928885,1226.4533658862376,26,0,20_NP_06
12,8.0,420.40338179945894,0.4026850429928885,1226.4533658862376,26,0,20_NP_06
12,8.181818181818182,440.85896578710657,0.4026850429928885,1226.4533658862376,26,0,20_NP_06
12,8.363636363636363,461.73970310135104,0.4026850429928885,1226.4533658862376,26,0,20_NP_06
12,8.545454545454545,483.00137685105466,0.4026850429928885,1226.4533658862376,26,0,20_NP_06
12,8.727272727272727,504.59606925249443,0.4026850429928885,1226.4533658862376,26,0,20_NP_06
12,8.90909090909091,526.4725424198724,0.4026850429928885,1226.4533658862376,26,0,20_NP_06
12,9.090909090909092,548.5766874540727,0.4026850429928885,1226.4533658862376,26,0,20_NP_06
12,9.272727272727273,570.8520344169771,0.4026850429928885,1226.4533658862376,26,0,20_NP_06
12,9.454545454545455,593.2403136130583,0.4026850429928885,1226.4533658862376,26,0,20_NP_06
12,9.636363636363637,615.6820567159142,0.4026850429928885,1226.4533658862376,26,0,20_NP_06
12,9.818181818181817,638.1172247788006,0.4026850429928885,1226.4533658862376,26,0,20_NP_06
12,10.0,660.4858491402204,0.4026850429928885,1226.4533658862376,26,0,20_NP_06
12,10.181818181818182,682.7286707378311,0.4026850429928885,1226.4533658862376,26,0,20_NP_06
12,10.363636363636365,704.7877634055487,0.4026850429928885,1226.4533658862376,26,0,20_NP_06
12,10.545454545454545,726.607127346097,0.4026850429928885,1226.4533658862376,26,0,20_NP_06
12,10.727272727272727,748.1332401082775,0.4026850429928885,1226.4533658862376,26,0,20_NP_06
12,10.90909090909091,769.3155539892027,0.4026850429928885,1226.4533658862376,26,0,20_NP_06
12,11.09090909090909,790.1069307367529,0.4026850429928885,1226.4533658862376,26,0,20_NP_06
12,11.272727272727273,810.4640066396348,0.4026850429928885,1226.4533658862376,26,0,20_NP_06
12,11.454545454545455,830.3474834455977,0.4026850429928885,1226.4533658862376,26,0,20_NP_06
12,11.636363636363637,849.7223429261287,0.4026850429928885,1226.4533658862376,26,0,20_NP_06
12,11.818181818181818,868.557985198789,0.4026850429928885,1226.4533658862376,26,0,20_NP_06
12,12.0,886.8282930306857,0.4026850429928885,1226.4533658862376,26,0,20_NP_06
12,12.181818181818182,904.5116262012938,0.4026850429928885,1226.4533658862376,26,0,20_NP_06
12,12.363636363636363,921.5907515444741,0.4026850429928885,1226.4533658862376,26,0,20_NP_06
12,12.545454545454547,938.0527154851583,0.4026850429928885,1226.4533658862376,26,0,20_NP_06
12,12.727272727272727,953.8886667246198,0.4026850429928885,1226.4533658862376,26,0,20_NP_06
12,12.909090909090908,969.0936372179228,0.4026850429928885,1226.4533658862376,26,0,20_NP_06
12,13.090909090909092,983.6662897526709,0.4026850429928885,1226.4533658862376,26,0,20_NP_06
12,13.272727272727272,997.6086403165539,0.4026850429928885,1226.4533658862376,26,0,20_NP_06
12,13.454545454545455,1010.9257630776731,0.4026850429928885,1226.4533658862376,26,0,20_NP_06
12,13.636363636363637,1023.6254852457612,0.4026850429928885,1226.4533658862376,26,0,20_NP_06
12,13.818181818181817,1035.718078384628,0.4026850429928885,1226.4533658862376,26,0,20_NP_06
12,14.0,1047.215951954753,0.4026850429928885,1226.4533658862376,26,0,20_NP_06
12,14.181818181818182,1058.1333540239873,0.4026850429928885,1226.4533658862376,26,0,20_NP_06
12,14.363636363636363,1068.4860832320826,0.4026850429928885,1226.4533658862376,26,0,20_NP_06
12,14.545454545454545,1078.2912152630092,0.4026850429928885,1226.4533658862376,26,0,20_NP_06
12,14.727272727272728,1087.5668462925307,0.4026850429928885,1226.4533658862376,26,0,20_NP_06
12,14.90909090909091,1096.3318551555622,0.4026850429928885,1226.4533658862376,26,0,20_NP_06
12,15.09090909090909,1104.6056853304683,0.4026850429928885,1226.4533658862376,26,0,20_NP_06
12,15.272727272727273,1112.4081472723665,0.4026850429928885,1226.4533658862376,26,0,20_NP_06
12,15.454545454545453,1119.759241146876,0.4026850429928885,1226.4533658862376,26,0,20_NP_06
12,15.636363636363637,1126.678999618156,0.4026850429928885,1226.4533658862376,26,0,20_NP_06
12,15.818181818181818,1133.1873500262934,0.4026850429928885,1226.4533658862376,26,0,20_NP_06
12,16.0,1139.3039950431057,0.4026850429928885,1226.4533658862376,26,0,20_NP_06
12,16.181818181818183,1145.0483107147652,0.4026850429928885,1226.4533658862376,26,0,20_NP_06
12,16.363636363636363,1150.4392606764193,0.4026850429928885,1226.4533658862376,26,0,20_NP_06
12,16.545454545454547,1155.4953252499515,0.4026850429928885,1226.4533658862376,26,0,20_NP_06
12,16.727272727272727,1160.2344441032474,0.4026850429928885,1226.4533658862376,26,0,20_NP_06
12,16.90909090909091,1164.673971150243,0.4026850429928885,1226.4533658862376,26,0,20_NP_06
12,17.09090909090909,1168.8306403987303,0.4026850429928885,1226.4533658862376,26,0,20_NP_06
12,17.272727272727273,1172.7205415011902,0.4026850429928885,1226.4533658862376,26,0,20_NP_06
12,17.454545454545453,1176.3591038273928,0.4026850429928885,1226.4533658862376,26,0,20_NP_06
12,17.636363636363637,1179.761087951511,0.4026850429928885,1226.4533658862376,26,0,20_NP_06
12,17.81818181818182,1182.94058352713,0.4026850429928885,1226.4533658862376,26,0,20_NP_06
12,18.0,1185.911012607606,0.4026850429928885,1226.4533658862376,26,0,20_NP_06
13,0.0,25.0,0.4238466940005368,1212.412839095226,20,0,20_NP_07
13,0.18181818181818182,26.958222379134792,0.4238466940005368,1212.412839095226,20,0,20_NP_07
13,0.36363636363636365,29.06607551056222,0.4238466940005368,1212.412839095226,20,0,20_NP_07
13,0.5454545454545454,31.33438449559588,0.4238466940005368,1212.412839095226,20,0,20_NP_07
13,0.7272727272727273,33.77465933349307,0.4238466940005368,1212.412839095226,20,0,20_NP_07
13,0.9090909090909091,36.39912220437077,0.4238466940005368,1212.412839095226,20,0,20_NP_07
13,1.0909090909090908,39.22073301766309,0.4238466940005368,1212.412839095226,20,0,20_NP_07
13,1.2727272727272727,42.253212592861466,0.4238466940005368,1212.412839095226,20,0,20_NP_07
13,1.4545454545454546,45.51106274185685,0.4238466940005368,1212.412839095226,20,0,20_NP_07
13,1.6363636363636365,49.0095824166484,0.4238466940005368,1212.412839095226,20,0,20_NP_07
13,1.8181818181818181,52.764878973158815,0.4238466940005368,1212.412839095226,20,0,20_NP_07
13,2.0,56.793873482528255,0.4238466940005368,1212.412839095226,20,0,20_NP_07
13,2.1818181818181817,61.114298897242314,0.4238466940005368,1212.412839095226,20,0,20_NP_07
13,2.3636363636363638,65.74468975317167,0.4238466940005368,1212.412839095226,20,0,20_NP_07
13,2.5454545454545454,70.70436196326926,0.4238466940005368,1212.412839095226,20,0,20_NP_07
13,2.7272727272727275,76.01338113844683,0.4238466940005368,1212.412839095226,20,0,20_NP_07
13,2.909090909090909,81.69251776128134,0.4238466940005368,1212.412839095226,20,0,20_NP_07
13,3.090909090909091,87.76318744513152,0.4238466940005368,1212.412839095226,20,0,20_NP_07
13,3.272727272727273,94.24737444271716,0.4238466940005368,1212.412839095226,20,0,20_NP_07
13,3.454545454545454,101.16753653331385,0.4238466940005368,1212.412839095226,20,0,20_NP_07
13,3.6363636363636362,108.54648942686148,0.4238466940005368,1212.412839095226,20,0,20_NP_07
13,3.8181818181818183,116.40726888811766,0.4238466940005368,1212.412839095226,20,0,20_NP_07
13,4.0,124.77296891716617,0.4238466940005368,1212.412839095226,20,0,20_NP_07
13,4.181818181818182,133.66655453742015,0.4238466940005368,1212.412839095226,20,0,20_NP_07
13,4.363636363636363,143.11064805216031,0.4238466940005368,1212.412839095226,20,0,20_NP_07
13,4.545454545454546,153.12728804842024,0.4238466940005368,1212.412839095226,20,0,20_NP_07
13,4.7272727272727275,163.73766096389355,0.4238466940005368,1212.412839095226,20,0,20_NP_07
13,4.909090909090908,174.9618056969649,0.4238466940005368,1212.412839095226,20,0,20_NP_07
13,5.090909090909091,186.81829253629658,0.4238466940005368,1212.412839095226,20,0,20_NP_07
13,5.2727272727272725,199.32387861328672,0.4238466940005368,1212.412839095226,20,0,20_NP_07
13,5.454545454545455,212.4931431294929,0.4238466940005368,1212.412839095226,20,0,20_NP_07
13,5.636363636363637,226.33810676419228,0.4238466940005368,1212.412839095226,20,0,20_NP_07
13,5.818181818181818,240.86784089667228,0.4238466940005368,1212.412839095226,20,0,20_NP_07
13,6.0,256.08807354425403,0.4238466940005368,1212.412839095226,20,0,20_NP_07
13,6.181818181818182,272.0008001692365,0.4238466940005368,1212.412839095226,20,0,20_NP_07
13,6.363636363636363,288.60390868323174,0.4238466940005368,1212.412839095226,20,0,20_NP_07
13,6.545454545454546,305.89082900311803,0.4238466940005368,1212.412839095226,20,0,20_NP_07
13,6.7272727272727275,323.85021830917105,0.4238466940005368,1212.412839095226,20,0,20_NP_07
13,6.909090909090908,342.4656936398277,0.4238466940005368,1212.412839095226,20,0,20_NP_07
13,7.090909090909091,361.71562354823294,0.4238466940005368,1212.412839095226,20,0,20_NP_07
13,7.2727272727272725,381.57299017126667,0.4238466940005368,1212.412839095226,20,0,20_NP_07
13,7.454545454545455,402.00533216629515,0.4238466940005368,1212.412839095226,20,0,20_NP_07
13,7.636363636363637,422.9747775220631,0.4238466940005368,1212.412839095226,20,0,20_NP_07
13,7.818181818181818,444.4381732459092,0.4238466940005368,1212.412839095226,20,0,20_NP_07
13,8.0,466.3473164034402,0.4238466940005368,1212.412839095226,20,0,20_NP_07
13,8.181818181818182,488.6492880111958,0.4238466940005368,1212.412839095226,20,0,20_NP_07
13,8.363636363636363,511.28688796846643,0.4238466940005368,1212.412839095226,20,0,20_NP_07
13,8.545454545454545,534.1991657069402,0.4238466940005368,1212.412839095226,20,0,20_NP_07
13,8.727272727272727,557.3220377092089,0.4238466940005368,1212.412839095226,20,0,20_NP_07
13,8.90909090909091,580.5889796888054,0.4238466940005368,1212.412839095226,20,0,20_NP_07
13,9.090909090909092,603.9317782276011,0.4238466940005368,1212.412839095226,20,0,20_NP_07
13,9.272727272727273,627.2813242111049,0.4238466940005368,1212.412839095226,20,0,20_NP_07
13,9.454545454545455,650.5684286412826,0.4238466940005368,1212.412839095226,20,0,20_NP_07
13,9.636363636363637,673.7246404522708,0.4238466940005368,1212.412839095226,20,0,20_NP_07
13,9.818181818181817,696.683045868575,0.4238466940005368,1212.412839095226,20,0,20_NP_07
13,10.0,719.379029633568,0.4238466940005368,1212.412839095226,20,0,20_NP_07
13,10.181818181818182,741.7509800472628,0.4238466940005368,1212.412839095226,20,0,20_NP_07
13,10.363636363636365,763.7409220832852,0.4238466940005368,1212.412839095226,20,0,20_NP_07
13,10.545454545454545,785.2950657597897,0.4238466940005368,1212.412839095226,20,0,20_NP_07
13,10.727272727272727,806.3642602419504,0.4238466940005368,1212.412839095226,20,0,20_NP_07
13,10.90909090909091,826.904347663446,0.4238466940005368,1212.412839095226,20,0,20_NP_07
13,11.09090909090909,846.8764141800502,0.4238466940005368,1212.412839095226,20,0,20_NP_07
13,11.272727272727273,866.246939132811,0.4238466940005368,1212.412839095226,20,0,20_NP_07
13,11.454545454545455,884.9878462497318,0.4238466940005368,1212.412839095226,20,0,20_NP_07
13,11.636363636363637,903.0764634353743,0.4238466940005368,1212.412839095226,20,0,20_NP_07
13,11.818181818181818,920.4953998074798,0.4238466940005368,1212.412839095226,20,0,20_NP_07
13,12.0,937.2323501975935,0.4238466940005368,1212.412839095226,20,0,20_NP_07
13,12.181818181818182,953.2798383342314,0.4238466940005368,1212.412839095226,20,0,20_NP_07
13,12.363636363636363,968.6349103992993,0.4238466940005368,1212.412839095226,20,0,20_NP_07
13,12.545454545454547,983.298790643135,0.4238466940005368,1212.412839095226,20,0,20_NP_07
13,12.727272727272727,997.2765103300653,0.4238466940005368,1212.412839095226,20,0,20_NP_07
13,12.909090909090908,1010.576520544373,0.4238466940005368,1212.412839095226,20,0,20_NP_07
13,13.090909090909092,1023.2102983990653,0.4238466940005368,1212.412839095226,20,0,20_NP_07
13,13.272727272727272,1035.1919550376997,0.4238466940005368,1212.412839095226,20,0,20_NP_07
13,13.454545454545455,1046.537852577074,0.4238466940005368,1212.412839095226,20,0,20_NP_07
13,13.636363636363637,1057.2662358705516,0.4238466940005368,1212.412839095226,20,0,20_NP_07
13,13.818181818181817,1067.3968837317177,0.4238466940005368,1212.412839095226,20,0,20_NP_07
13,14.0,1076.9507830875834,0.4238466940005368,1212.412839095226,20,0,20_NP_07
13,14.181818181818182,1085.9498284597637,0.4238466940005368,1212.412839095226,20,0,20_NP_07
13,14.363636363636363,1094.4165482205158,0.4238466940005368,1212.412839095226,20,0,20_NP_07
13,14.545454545454545,1102.3738582484345,0.4238466940005368,1212.412839095226,20,0,20_NP_07
13,14.727272727272728,1109.8448429186876,0.4238466940005368,1212.412839095226,20,0,20_NP_07
13,14.90909090909091,1116.85256280151,0.4238466940005368,1212.412839095226,20,0,20_NP_07
13,15.09090909090909,1123.4198880025265,0.4238466940005368,1212.412839095226,20,0,20_NP_07
13,15.272727272727273,1129.5693557485351,0.4238466940005368,1212.412839095226,20,0,20_NP_07
13,15.454545454545453,1135.3230505900726,0.4238466940005368,1212.412839095226,20,0,20_NP_07
13,15.636363636363637,1140.7025054440671,0.4238466940005368,1212.412839095226,20,0,20_NP_07
13,15.818181818181818,1145.7286216227528,0.4238466940005368,1212.412839095226,20,0,20_NP_07
13,16.0,1150.4216059759776,0.4238466940005368,1212.412839095226,20,0,20_NP_07
13,16.181818181818183,1154.8009233012199,0.4238466940005368,1212.412839095226,20,0,20_NP_07
13,16.363636363636363,1158.8852622383527,0.4238466940005368,1212.412839095226,20,0,20_NP_07
13,16.545454545454547,1162.6925129551432,0.4238466940005368,1212.412839095226,20,0,20_NP_07
13,16.727272727272727,1166.2397550366136,0.4238466940005368,1212.412839095226,20,0,20_NP_07
13,16.90909090909091,1169.5432541100447,0.4238466940005368,1212.412839095226,20,0,20_NP_07
13,17.09090909090909,1172.6184658621003,0.4238466940005368,1212.412839095226,20,0,20_NP_07
13,17.272727272727273,1175.4800462309238,0.4238466940005368,1212.412839095226,20,0,20_NP_07
13,17.454545454545453,1178.1418666807251,0.4238466940005368,1212.412839095226,20,0,20_NP_07
13,17.636363636363637,1180.6170335868017,0.4238466940005368,1212.412839095226,20,0,20_NP_07
13,17.81818181818182,1182.9179108733047,0.4238466940005368,1212.412839095226,20,0,20_NP_07
13,18.0,1185.056145153132,0.4238466940005368,1212.412839095226,20,0,20_NP_07
14,0.0,25.0,0.5756665862700412,388.1584567856165,20,0,20_NP_07
14,0.18181818181818182,27.562632197156606,0.5756665862700412,388.1584567856165,20,0,20_NP_07
14,0.36363636363636365,30.365983123491542,0.5756665862700412,388.1584567856165,20,0,20_NP_07
14,0.5454545454545454,33.428026706324246,0.5756665862700412,388.1584567856165,20,0,20_NP_07
14,0.7272727272727273,36.76711096239122,0.5756665862700412,388.1584567856165,20,0,20_NP_07
14,0.9090909090909091,40.40174428131042,0.5756665862700412,388.1584567856165,20,0,20_NP_07
14,1.0909090909090908,44.35033233042754,0.5756665862700412,388.1584567856165,20,0,20_NP_07
14,1.2727272727272727,48.63086219318758,0.5756665862700412,388.1584567856165,20,0,20_NP_07
14,1.4545454545454546,53.26053183290668,0.5756665862700412,388.1584567856165,20,0,20_NP_07
14,1.6363636363636365,58.25532504806935,0.5756665862700412,388.1584567856165,20,0,20_NP_07
14,1.8181818181818181,63.62953480462852,0.5756665862700412,388.1584567856165,20,0,20_NP_07
14,2.0,69.39524120213459,0.5756665862700412,388.1584567856165,20,0,20_NP_07
14,2.1818181818181817,75.56175429731513,0.5756665862700412,388.1584567856165,20,0,20_NP_07
14,2.3636363636363638,82.13503643132815,0.5756665862700412,388.1584567856165,20,0,20_NP_07
14,2.5454545454545454,89.11712334654483,0.5756665862700412,388.1584567856165,20,0,20_NP_07
14,2.7272727272727275,96.50556788967965,0.5756665862700412,388.1584567856165,20,0,20_NP_07
14,2.909090909090909,104.292934033466,0.5756665862700412,388.1584567856165,20,0,20_NP_07
14,3.090909090909091,112.46637178500346,0.5756665862700412,388.1584567856165,20,0,20_NP_07
14,3.272727272727273,121.00730473054688,0.5756665862700412,388.1584567856165,20,0,20_NP_07
14,3.454545454545454,129.89126097578642,0.5756665862700412,388.1584567856165,20,0,20_NP_07
14,3.6363636363636362,139.08787468056624,0.5756665862700412,388.1584567856165,20,0,20_NP_07
14,3.8181818181818183,148.56107907172597,0.5756665862700412,388.1584567856165,20,0,20_NP_07
14,4.0,158.2695028527077,0.5756665862700412,388.1584567856165,20,0,20_NP_07
14,4.181818181818182,168.16707076092828,0.5756665862700412,388.1584567856165,20,0,20_NP_07
14,4.363636363636363,178.2037964460106,0.5756665862700412,388.1584567856165,20,0,20_NP_07
14,4.545454545454546,188.32674293562127,0.5756665862700412,388.1584567856165,20,0,20_NP_07
14,4.7272727272727275,198.48111397659622,0.5756665862700412,388.1584567856165,20,0,20_NP_07
14,4.909090909090908,208.6114297544545,0.5756665862700412,388.1584567856165,20,0,20_NP_07
14,5.090909090909091,218.66273399957208,0.5756665862700412,388.1584567856165,20,0,20_NP_07
14,5.2727272727272725,228.5817770365794,0.5756665862700412,388.1584567856165,20,0,20_NP_07
14,5.454545454545455,238.318121214408,0.5756665862700412,388.1584567856165,20,0,20_NP_07
14,5.636363636363637,247.8251211455405,0.5756665862700412,388.1584567856165,20,0,20_NP_07
14,5.818181818181818,257.06074058716496,0.5756665862700412,388.1584567856165,20,0,20_NP_07
14,6.0,265.9881795552102,0.5756665862700412,388.1584567856165,20,0,20_NP_07
14,6.181818181818182,274.57629811968764,0.5756665862700412,388.1584567856165,20,0,20_NP_07
14,6.363636363636363,282.7998360189779,0.5756665862700412,388.1584567856165,20,0,20_NP_07
14,6.545454545454546,290.63943863885027,0.5756665862700412,388.1584567856165,20,0,20_NP_07
14,6.7272727272727275,298.0815091936513,0.5756665862700412,388.1584567856165,20,0,20_NP_07
14,6.909090909090908,305.11791362814284,0.5756665862700412,388.1584567856165,20,0,20_NP_07
14,7.090909090909091,311.74556868009006,0.5756665862700412,388.1584567856165,20,0,20_NP_07
14,7.2727272727272725,317.9659448571104,0.5756665862700412,388.1584567856165,20,0,20_NP_07
14,7.454545454545455,323.78451516056623,0.5756665862700412,388.1584567856165,20,0,20_NP_07
14,7.636363636363637,329.21017774150357,0.5756665862700412,388.1584567856165,20,0,20_NP_07
14,7.818181818181818,334.2546768531052,0.5756665862700412,388.1584567856165,20,0,20_NP_07
14,8.0,338.93204200196215,0.5756665862700412,388.1584567856165,20,0,20_NP_07
14,8.181818181818182,343.25806055568285,0.5756665862700412,388.1584567856165,20,0,20_NP_07
14,8.363636363636363,347.24979459680895,0.5756665862700412,388.1584567856165,20,0,20_NP_07
14,8.545454545454545,350.92514877548217,0.5756665862700412,388.1584567856165,20,0,20_NP_07
14,8.727272727272727,354.30249245784415,0.5756665862700412,388.1584567856165,20,0,20_NP_07
14,8.90909090909091,357.4003366602622,0.5756665862700412,388.1584567856165,20,0,20_NP_07
14,9.090909090909092,360.2370641015404,0.5756665862700412,388.1584567856165,20,0,20_NP_07
14,9.272727272727273,362.8307091504475,0.5756665862700412,388.1584567856165,20,0,20_NP_07
14,9.454545454545455,365.1987834200496,0.5756665862700412,388.1584567856165,20,0,20_NP_07
14,9.636363636363637,367.35814217578326,0.5756665862700412,388.1584567856165,20,0,20_NP_07
14,9.818181818181817,369.3248864907416,0.5756665862700412,388.1584567856165,20,0,20_NP_07
14,10.0,371.1142961140876,0.5756665862700412,388.1584567856165,20,0,20_NP_07
14,10.181818181818182,372.74078824122313,0.5756665862700412,388.1584567856165,20,0,20_NP_07
14,10.363636363636365,374.21789772347927,0.5756665862700412,388.1584567856165,20,0,20_NP_07
14,10.545454545454545,375.55827467903123,0.5756665862700412,388.1584567856165,20,0,20_NP_07
14,10.727272727272727,376.7736959255072,0.5756665862700412,388.1584567856165,20,0,20_NP_07
14,10.90909090909091,377.875087118739,0.5756665862700412,388.1584567856165,20,0,20_NP_07
14,11.09090909090909,378.8725529304469,0.5756665862700412,388.1584567856165,20,0,20_NP_07
14,11.272727272727273,379.7754130166585,0.5756665862700412,388.1584567856165,20,0,20_NP_07
14,11.454545454545455,380.59224191021144,0.5756665862700412,388.1584567856165,20,0,20_NP_07
14,11.636363636363637,381.33091131086064,0.5756665862700412,388.1584567856165,20,0,20_NP_07
14,11.818181818181818,381.9986335444369,0.5756665862700412,388.1584567856165,20,0,20_NP_07
14,12.0,382.60200521940516,0.5756665862700412,388.1584567856165,20,0,20_NP_07
14,12.181818181818182,383.1470503276231,0.5756665862700412,388.1584567856165,20,0,20_NP_07
14,12.363636363636363,383.6392622194812,0.5756665862700412,388.1584567856165,20,0,20_NP_07
14,12.545454545454547,384.08364403564633,0.5756665862700412,388.1584567856165,20,0,20_NP_07
14,12.727272727272727,384.48474730216793,0.5756665862700412,388.1584567856165,20,0,20_NP_07
14,12.909090909090908,384.84670849645454,0.5756665862700412,388.1584567856165,20,0,20_NP_07
14,13.090909090909092,385.1732834720529,0.5756665862700412,388.1584567856165,20,0,20_NP_07
14,13.272727272727272,385.4678796934483,0.5756665862700412,388.1584567856165,20,0,20_NP_07
14,13.454545454545455,385.7335862810655,0.5756665862700412,388.1584567856165,20,0,20_NP_07
14,13.636363636363637,385.9732019037751,0.5756665862700412,388.1584567856165,20,0,20_NP_07
14,13.818181818181817,386.18926058364724,0.5756665862700412,388.1584567856165,20,0,20_NP_07
14,14.0,386.3840554972748,0.5756665862700412,388.1584567856165,20,0,20_NP_07
14,14.181818181818182,386.55966087127706,0.5756665862700412,388.1584567856165,20,0,20_NP_07
14,14.363636363636363,386.71795207788176,0.5756665862700412,388.1584567856165,20,0,20_NP_07
14,14.545454545454545,386.8606240408631,0.5756665862700412,388.1584567856165,20,0,20_NP_07
14,14.727272727272728,386.98920806346666,0.5756665862700412,388.1584567856165,20,0,20_NP_07
14,14.90909090909091,387.10508718902,0.5756665862700412,388.1584567856165,20,0,20_NP_07
14,15.09090909090909,387.209510202288,0.5756665862700412,388.1584567856165,20,0,20_NP_07
14,15.272727272727273,387.3036043757701,0.5756665862700412,388.1584567856165,20,0,20_NP_07
14,15.454545454545453,387.3883870604286,0.5756665862700412,388.1584567856165,20,0,20_NP_07
14,15.636363636363637,387.46477621507665,0.5756665862700412,388.1584567856165,20,0,20_NP_07
14,15.818181818181818,387.5335999630825,0.5756665862700412,388.1584567856165,20,0,20_NP_07
14,16.0,387.5956052593382,0.5756665862700412,388.1584567856165,20,0,20_NP_07
14,16.181818181818183,387.6514657447331,0.5756665862700412,388.1584567856165,20,0,20_NP_07
14,16.363636363636363,387.7017888597691,0.5756665862700412,388.1584567856165,20,0,20_NP_07
14,16.545454545454547,387.7471222835234,0.5756665862700412,388.1584567856165,20,0,20_NP_07
14,16.727272727272727,387.78795975896986,0.5756665862700412,388.1584567856165,20,0,20_NP_07
14,16.90909090909091,387.82474636072425,0.5756665862700412,388.1584567856165,20,0,20_NP_07
14,17.09090909090909,387.8578832566312,0.5756665862700412,388.1584567856165,20,0,20_NP_07
14,17.272727272727273,387.8877320102403,0.5756665862700412,388.1584567856165,20,0,20_NP_07
14,17.454545454545453,387.91461846715555,0.5756665862700412,388.1584567856165,20,0,20_NP_07
14,17.636363636363637,387.9388362644634,0.5756665862700412,388.1584567856165,20,0,20_NP_07
14,17.81818181818182,387.96064999895174,0.5756665862700412,388.1584567856165,20,0,20_NP_07
14,18.0,387.9802980866075,0.5756665862700412,388.1584567856165,20,0,20_NP_07
15,0.0,25.0,0.32333444505587267,401.8416673216159,20,0,20_NP_07
15,0.18181818181818182,26.414257559349203,0.32333444505587267,401.8416673216159,20,0,20_NP_07
15,0.36363636363636365,27.90259626482105,0.32333444505587267,401.8416673216159,20,0,20_NP_07
15,0.5454545454545454,29.468214424326742,0.32333444505587267,401.8416673216159,20,0,20_NP_07
15,0.7272727272727273,31.114370121213287,0.32333444505587267,401.8416673216159,20,0,20_NP_07
15,0.9090909090909091,32.84437257370541,0.32333444505587267,401.8416673216159,20,0,20_NP_07
15,1.0909090909090908,34.66157213407378,0.32333444505587267,401.8416673216159,20,0,20_NP_07
15,1.2727272727272727,36.56934883788021,0.32333444505587267,401.8416673216159,20,0,20_NP_07
15,1.4545454545454546,38.57109941848458,0.32333444505587267,401.8416673216159,20,0,20_NP_07
15,1.6363636363636365,40.67022270913215,0.32333444505587267,401.8416673216159,20,0,20_NP_07
15,1.8181818181818181,42.87010336467211,0.32333444505587267,401.8416673216159,20,0,20_NP_07
15,2.0,45.17409384758582,0.32333444505587267,401.8416673216159,20,0,20_NP_07
15,2.1818181818181817,47.58549463880608,0.32333444505587267,401.8416673216159,20,0,20_NP_07
15,2.3636363636363638,50.107532653041844,0.32333444505587267,401.8416673216159,20,0,20_NP_07
15,2.5454545454545454,52.743337861192686,0.32333444505587267,401.8416673216159,20,0,20_NP_07
15,2.7272727272727275,55.49591814909781,0.32333444505587267,401.8416673216159,20,0,20_NP_07
15,2.909090909090909,58.368132472381184,0.32333444505587267,401.8416673216159,20,0,20_NP_07
15,3.090909090909091,61.3626624015005,0.32333444505587267,401.8416673216159,20,0,20_NP_07
15,3.272727272727273,64.48198218912957,0.32333444505587267,401.8416673216159,20,0,20_NP_07
15,3.454545454545454,67.7283275334073,0.32333444505587267,401.8416673216159,20,0,20_NP_07
15,3.6363636363636362,71.10366325491403,0.32333444505587267,401.8416673216159,20,0,20_NP_07
15,3.8181818181818183,74.60965015184873,0.32333444505587267,401.8416673216159,20,0,20_NP_07
15,4.0,78.2476113459468,0.32333444505587267,401.8416673216159,20,0,20_NP_07
15,4.181818181818182,82.01849848016151,0.32333444505587267,401.8416673216159,20,0,20_NP_07
15,4.363636363636363,85.92285817679937,0.32333444505587267,401.8416673216159,20,0,20_NP_07
15,4.545454545454546,89.96079921021835,0.32333444505587267,401.8416673216159,20,0,20_NP_07
15,4.7272727272727275,94.13196088977195,0.32333444505587267,401.8416673216159,20,0,20_NP_07
15,4.909090909090908,98.43548318467172,0.32333444505587267,401.8416673216159,20,0,20_NP_07
15,5.090909090909091,102.86997915101665,0.32333444505587267,401.8416673216159,20,0,20_NP_07
15,5.2727272727272725,107.43351024054357,0.32333444505587267,401.8416673216159,20,0,20_NP_07
15,5.454545454545455,112.12356507886852,0.32333444505587267,401.8416673216159,20,0,20_NP_07
15,5.636363636363637,116.93704229643043,0.32333444505587267,401.8416673216159,20,0,20_NP_07
15,5.818181818181818,121.87023797654555,0.32333444505587267,401.8416673216159,20,0,20_NP_07
15,6.0,126.91883825078745,0.32333444505587267,401.8416673216159,20,0,20_NP_07
15,6.181818181818182,132.07791752158968,0.32333444505587267,401.8416673216159,20,0,20_NP_07
15,6.363636363636363,137.34194272529675,0.32333444505587267,401.8416673216159,20,0,20_NP_07
15,6.545454545454546,142.70478396621954,0.32333444505587267,401.8416673216159,20,0,20_NP_07
15,6.7272727272727275,148.15973175457412,0.32333444505587267,401.8416673216159,20,0,20_NP_07
15,6.909090909090908,153.6995209701533,0.32333444505587267,401.8416673216159,20,0,20_NP_07
15,7.090909090909091,159.31636155152415,0.32333444505587267,401.8416673216159,20,0,20_NP_07
15,7.2727272727272725,165.00197578040468,0.32333444505587267,401.8416673216159,20,0,20_NP_07
15,7.454545454545455,170.74764189614467,0.32333444505587267,401.8416673216159,20,0,20_NP_07
15,7.636363636363637,176.54424363984984,0.32333444505587267,401.8416673216159,20,0,20_NP_07
15,7.818181818181818,182.3823251958535,0.32333444505587267,401.8416673216159,20,0,20_NP_07
15,8.0,188.25215087428947,0.32333444505587267,401.8416673216159,20,0,20_NP_07
15,8.181818181818182,194.14376876668985,0.32333444505587267,401.8416673216159,20,0,20_NP_07
15,8.363636363636363,200.04707751078828,0.32333444505587267,401.8416673216159,20,0,20_NP_07
15,8.545454545454545,205.9518952245346,0.32333444505587267,401.8416673216159,20,0,20_NP_07
15,8.727272727272727,211.8480296155506,0.32333444505587267,401.8416673216159,20,0,20_NP_07
15,8.90909090909091,217.72534824290022,0.32333444505587267,401.8416673216159,20,0,20_NP_07
15,9.090909090909092,223.5738479042371,0.32333444505587267,401.8416673216159,20,0,20_NP_07
15,9.272727272727273,229.38372214325875,0.32333444505587267,401.8416673216159,20,0,20_NP_07
15,9.454545454545455,235.14542591912024,0.32333444505587267,401.8416673216159,20,0,20_NP_07
15,9.636363636363637,240.84973654926856,0.32333444505587267,401.8416673216159,20,0,20_NP_07
15,9.818181818181817,246.48781012744908,0.32333444505587267,401.8416673216159,20,0,20_NP_07
15,10.0,252.05123272609782,0.32333444505587267,401.8416673216159,20,0,20_NP_07
15,10.181818181818182,257.53206581313316,0.32333444505587267,401.8416673216159,20,0,20_NP_07
15,10.363636363636365,262.9228854431128,0.32333444505587267,401.8416673216159,20,0,20_NP_07
15,10.545454545454545,268.2168149175018,0.32333444505587267,401.8416673216159,20,0,20_NP_07
15,10.727272727272727,273.4075507441509,0.32333444505587267,401.8416673216159,20,0,20_NP_07
15,10.90909090909091,278.489381857962,0.32333444505587267,401.8416673216159,20,0,20_NP_07
15,11.09090909090909,283.4572021895032,0.32333444505587267,401.8416673216159,20,0,20_NP_07
15,11.272727272727273,288.3065167828988,0.32333444505587267,401.8416673216159,20,0,20_NP_07
15,11.454545454545455,293.0334417661473,0.32333444505587267,401.8416673216159,20,0,20_NP_07
15,11.636363636363637,297.6346985642696,0.32333444505587267,401.8416673216159,20,0,20_NP_07
15,11.818181818181818,302.1076028171528,0.32333444505587267,401.8416673216159,20,0,20_NP_07
15,12.0,306.45004851911784,0.32333444505587267,401.8416673216159,20,0,20_NP_07
15,12.181818181818182,310.660487936146,0.32333444505587267,401.8416673216159,20,0,20_NP_07
15,12.363636363636363,314.73790787995523,0.32333444505587267,401.8416673216159,20,0,20_NP_07
15,12.545454545454547,318.6818029267476,0.32333444505587267,401.8416673216159,20,0,20_NP_07
15,12.727272727272727,322.49214616384927,0.32333444505587267,401.8416673216159,20,0,20_NP_07
15,12.909090909090908,326.16935803125153,0.32333444505587267,401.8416673216159,20,0,20_NP_07
15,13.090909090909092,329.7142737990382,0.32333444505587267,401.8416673216159,20,0,20_NP_07
15,13.272727272727272,333.1281101876919,0.32333444505587267,401.8416673216159,20,0,20_NP_07
15,13.454545454545455,336.41243159816975,0.32333444505587267,401.8416673216159,20,0,20_NP_07
15,13.636363636363637,339.56911637417784,0.32333444505587267,401.8416673216159,20,0,20_NP_07
15,13.818181818181817,342.60032347191975,0.32333444505587267,401.8416673216159,20,0,20_NP_07
15,14.0,345.5084598642116,0.32333444505587267,401.8416673216159,20,0,20_NP_07
15,14.181818181818182,348.29614895755344,0.32333444505587267,401.8416673216159,20,0,20_NP_07
15,14.363636363636363,350.9662002536034,0.32333444505587267,401.8416673216159,20,0,20_NP_07
15,14.545454545454545,353.5215804414252,0.32333444505587267,401.8416673216159,20,0,20_NP_07
15,14.727272727272728,355.9653860645565,0.32333444505587267,401.8416673216159,20,0,20_NP_07
15,14.90909090909091,358.30081786788116,0.32333444505587267,401.8416673216159,20,0,20_NP_07
15,15.09090909090909,360.5311568938373,0.32333444505587267,401.8416673216159,20,0,20_NP_07
15,15.272727272727273,362.6597423658322,0.32333444505587267,401.8416673216159,20,0,20_NP_07
15,15.454545454545453,364.68995136893756,0.32333444505587267,401.8416673216159,20,0,20_NP_07
15,15.636363636363637,366.6251803139603,0.32333444505587267,401.8416673216159,20,0,20_NP_07
15,15.818181818181818,368.4688281506926,0.32333444505587267,401.8416673216159,20,0,20_NP_07
15,16.0,370.22428127935353,0.32333444505587267,401.8416673216159,20,0,20_NP_07
15,16.181818181818183,371.89490009569414,0.32333444505587267,401.8416673216159,20,0,20_NP_07
15,16.363636363636363,373.4840070946816,0.32333444505587267,401.8416673216159,20,0,20_NP_07
15,16.545454545454547,374.99487644980326,0.32333444505587267,401.8416673216159,20,0,20_NP_07
15,16.727272727272727,376.4307249795515,0.32333444505587267,401.8416673216159,20,0,20_NP_07
15,16.90909090909091,377.79470440925286,0.32333444505587267,401.8416673216159,20,0,20_NP_07
15,17.09090909090909,379.0898948348151,0.32333444505587267,401.8416673216159,20,0,20_NP_07
15,17.272727272727273,380.31929929489553,0.32333444505587267,401.8416673216159,20,0,20_NP_07
15,17.454545454545453,381.48583935920425,0.32333444505587267,401.8416673216159,20,0,20_NP_07
15,17.636363636363637,382.59235164289504,0.32333444505587267,401.8416673216159,20,0,20_NP_07
15,17.81818181818182,383.64158516006637,0.32333444505587267,401.8416673216159,20,0,20_NP_07
15,18.0,384.6361994331027,0.32333444505587267,401.8416673216159,20,0,20_NP_07
16,0.0,25.0,0.25244904047719363,23729.964728803985,26,0,20_NP_07
16,0.24242424242424243,26.576014685712092,0.25244904047719363,23729.964728803985,26,0,20_NP_07
16,0.48484848484848486,28.25126385554352,0.25244904047719363,23729.964728803985,26,0,20_NP_07
16,0.7272727272727273,30.031980457375173,0.25244904047719363,23729.964728803985,26,0,20_NP_07
16,0.9696969696969697,31.924786930673406,0.25244904047719363,23729.964728803985,26,0,20_NP_07
16,1.2121212121212122,33.93671928513507,0.25244904047719363,23729.964728803985,26,0,20_NP_07
16,1.4545454545454546,36.075252633965015,0.25244904047719363,23729.964728803985,26,0,20_NP_07
16,1.6969696969696968,38.34832826521569,0.25244904047719363,23729.964728803985,26,0,20_NP_07
16,1.9393939393939394,40.76438233881221,0.25244904047719363,23729.964728803985,26,0,20_NP_07
16,2.1818181818181817,43.33237630120733,0.25244904047719363,23729.964728803985,26,0,20_NP_07
16,2.4242424242424243,46.061829114052856,0.25244904047719363,23729.964728803985,26,0,20_NP_07
16,2.6666666666666665,48.962851397822774,0.25244904047719363,23729.964728803985,26,0,20_NP_07
16,2.909090909090909,52.046181595967525,0.25244904047719363,23729.964728803985,26,0,20_NP_07
16,3.151515151515152,55.323224269897146,0.25244904047719363,23729.964728803985,26,0,20_NP_07
16,3.3939393939393936,58.806090639863754,0.25244904047719363,23729.964728803985,26,0,20_NP_07
16,3.6363636363636367,62.50764149161329,0.25244904047719363,23729.964728803985,26,0,20_NP_07
16,3.878787878787879,66.44153257347037,0.25244904047719363,23729.964728803985,26,0,20_NP_07
16,4.121212121212121,70.62226261327211,0.25244904047719363,23729.964728803985,26,0,20_NP_07
16,4.363636363636363,75.06522408923063,0.25244904047719363,23729.964728803985,26,0,20_NP_07
16,4.6060606060606055,79.78675689332721,0.25244904047719363,23729.964728803985,26,0,20_NP_07
16,4.848484848484849,84.80420503016573,0.25244904047719363,23729.964728803985,26,0,20_NP_07
16,5.090909090909091,90.13597649826285,0.25244904047719363,23729.964728803985,26,0,20_NP_07
16,5.333333333333333,95.80160650445072,0.25244904047719363,23729.964728803985,26,0,20_NP_07
16,5.575757575757576,101.82182416531808,0.25244904047719363,23729.964728803985,26,0,20_NP_07
16,5.818181818181818,108.21862285230841,0.25244904047719363,23729.964728803985,26,0,20_NP_07
16,6.0606060606060606,115.01533433910838,0.25244904047719363,23729.964728803985,26,0,20_NP_07
16,6.303030303030304,122.23670691115261,0.25244904047719363,23729.964728803985,26,0,20_NP_07
16,6.545454545454545,129.90898759728267,0.25244904047719363,23729.964728803985,26,0,20_NP_07
16,6.787878787878787,138.06000868264815,0.25244904047719363,23729.964728803985,26,0,20_NP_07
16,7.03030303030303,146.71927865961854,0.25244904047719363,23729.964728803985,26,0,20_NP_07
16,7.272727272727273,155.91807776955787,0.25244904047719363,23729.964728803985,26,0,20_NP_07
16,7.515151515151516,165.68955828253692,0.25244904047719363,23729.964728803985,26,0,20_NP_07
16,7.757575757575758,176.0688496541311,0.25244904047719363,23729.964728803985,26,0,20_NP_07
16,8.0,187.09316868804848,0.25244904047719363,23729.964728803985,26,0,20_NP_07
16,8.242424242424242,198.80193482009096,0.25244904047719363,23729.964728803985,26,0,20_NP_07
16,8.484848484848484,211.23689062246677,0.25244904047719363,23729.964728803985,26,0,20_NP_07
16,8.727272727272727,224.44222760729832,0.25244904047719363,23729.964728803985,26,0,20_NP_07
16,8.96969696969697,238.46471738381513,0.25244904047719363,23729.964728803985,26,0,20_NP_07
16,9.212121212121211,253.35384819463818,0.25244904047719363,23729.964728803985,26,0,20_NP_07
16,9.454545454545453,269.1619668221613,0.25244904047719363,23729.964728803985,26,0,20_NP_07
16,9.696969696969697,285.94442581566113,0.25244904047719363,23729.964728803985,26,0,20_NP_07
16,9.93939393939394,303.75973594271807,0.25244904047719363,23729.964728803985,26,0,20_NP_07
16,10.181818181818182,322.6697237140344,0.25244904047719363,23729.964728803985,26,0,20_NP_07
16,10.424242424242426,342.739693767976,0.25244904047719363,23729.964728803985,26,0,20_NP_07
16,10.666666666666666,364.03859582925037,0.25244904047719363,23729.964728803985,26,0,20_NP_07
16,10.909090909090908,386.63919587413636,0.25244904047719363,23729.964728803985,26,0,20_NP_07
16,11.151515151515152,410.61825104159834,0.25244904047719363,23729.964728803985,26,0,20_NP_07
16,11.393939393939394,436.0566877244233,0.25244904047719363,23729.964728803985,26,0,20_NP_07
16,11.636363636363637,463.0397821561317,0.25244904047719363,23729.964728803985,26,0,20_NP_07
16,11.878787878787879,491.6573426767281,0.25244904047719363,23729.964728803985,26,0,20_NP_07
16,12.121212121212121,522.0038927122804,0.25244904047719363,23729.964728803985,26,0,20_NP_07
16,12.363636363636363,554.1788533387312,0.25244904047719363,23729.964728803985,26,0,20_NP_07
16,12.606060606060607,588.2867241181946,0.25244904047719363,23729.964728803985,26,0,20_NP_07
16,12.848484848484848,624.437260695294,0.25244904047719363,23729.964728803985,26,0,20_NP_07
16,13.09090909090909,662.7456474209622,0.25244904047719363,23729.964728803985,26,0,20_NP_07
16,13.333333333333334,703.3326630308071,0.25244904047719363,23729.964728803985,26,0,20_NP_07
16,13.575757575757574,746.3248371441836,0.25244904047719363,23729.964728803985,26,0,20_NP_07
16,13.81818181818182,791.8545950682176,0.25244904047719363,23729.964728803985,26,0,20_NP_07
16,14.06060606060606,840.0603880883618,0.25244904047719363,23729.964728803985,26,0,20_NP_07
16,14.303030303030301,891.0868061042194,0.25244904047719363,23729.964728803985,26,0,20_NP_07
16,14.545454545454547,945.0846691274141,0.25244904047719363,23729.964728803985,26,0,20_NP_07
16,14.787878787878787,1002.2110937991268,0.25244904047719363,23729.964728803985,26,0,20_NP_07
16,15.030303030303031,1062.6295307110545,0.25244904047719363,23729.964728803985,26,0,20_NP_07
16,15.272727272727273,1126.5097679285434,0.25244904047719363,23729.964728803985,26,0,20_NP_07
16,15.515151515151516,1194.0278957232317,0.25244904047719363,23729.964728803985,26,0,20_NP_07
16,15.757575757575758,1265.366227130374,0.25244904047719363,23729.964728803985,26,0,20_NP_07
16,16.0,1340.7131685606896,0.25244904047719363,23729.964728803985,26,0,20_NP_07
16,16.242424242424242,1420.2630343266756,0.25244904047719363,23729.964728803985,26,0,20_NP_07
16,16.484848484848484,1504.2157985996826,0.25244904047719363,23729.964728803985,26,0,20_NP_07
16,16.727272727272727,1592.7767780090985,0.25244904047719363,23729.964728803985,26,0,20_NP_07
16,16.96969696969697,1686.1562378431208,0.25244904047719363,23729.964728803985,26,0,20_NP_07
16,17.21212121212121,1784.5689146286993,0.25244904047719363,23729.964728803985,26,0,20_NP_07
16,17.454545454545453,1888.233447774567,0.25244904047719363,23729.964728803985,26,0,20_NP_07
16,17.696969696969695,1997.371712977053,0.25244904047719363,23729.964728803985,26,0,20_NP_07
16,17.93939393939394,2112.2080502359913,0.25244904047719363,23729.964728803985,26,0,20_NP_07
16,18.18181818181818,2232.9683796318027,0.25244904047719363,23729.964728803985,26,0,20_NP_07
16,18.424242424242422,2359.8791985007642,0.25244904047719363,23729.964728803985,26,0,20_NP_07
16,18.666666666666668,2493.1664543393904,0.25244904047719363,23729.964728803985,26,0,20_NP_07
16,18.909090909090907,2633.054288697673,0.25244904047719363,23729.964728803985,26,0,20_NP_07
16,19.151515151515152,2779.763648509663,0.25244904047719363,23729.964728803985,26,0,20_NP_07
16,19.393939393939394,2933.5107627821017,0.25244904047719363,23729.964728803985,26,0,20_NP_07
16,19.636363636363637,3094.505484337532,0.25244904047719363,23729.964728803985,26,0,20_NP_07
16,19.87878787878788,3262.949498401915,0.25244904047719363,23729.964728803985,26,0,20_NP_07
16,20.12121212121212,3439.0344022470586,0.25244904047719363,23729.964728803985,26,0,20_NP_07
16,20.363636363636363,3622.939662843558,0.25244904047719363,23729.964728803985,26,0,20_NP_07
16,20.606060606060606,3814.8304625395804,0.25244904047719363,23729.964728803985,26,0,20_NP_07
16,20.84848484848485,4014.8554461300096,0.25244904047719363,23729.964728803985,26,0,20_NP_07
16,21.09090909090909,4223.1443862800415,0.25244904047719363,23729.964728803985,26,0,20_NP_07
16,21.333333333333332,4439.805788061818,0.25244904047719363,23729.964728803985,26,0,20_NP_07
16,21.575757575757578,4664.92445727838,0.25244904047719363,23729.964728803985,26,0,20_NP_07
16,21.818181818181817,4898.559061194439,0.25244904047719363,23729.964728803985,26,0,20_NP_07
16,22.060606060606062,5140.739714157438,0.25244904047719363,23729.964728803985,26,0,20_NP_07
16,22.303030303030305,5391.465624247282,0.25244904047719363,23729.964728803985,26,0,20_NP_07
16,22.545454545454547,5650.702840395818,0.25244904047719363,23729.964728803985,26,0,20_NP_07
16,22.78787878787879,5918.38214221202,0.25244904047719363,23729.964728803985,26,0,20_NP_07
16,23.03030303030303,6194.397116873853,0.25244904047719363,23729.964728803985,26,0,20_NP_07
16,23.272727272727273,6478.602468739135,0.25244904047719363,23729.964728803985,26,0,20_NP_07
16,23.515151515151516,6770.812607628465,0.25244904047719363,23729.964728803985,26,0,20_NP_07
16,23.757575757575758,7070.8005609004385,0.25244904047719363,23729.964728803985,26,0,20_NP_07
16,24.0,7378.2972523544595,0.25244904047719363,23729.964728803985,26,0,20_NP_07
17,0.0,25.0,0.5334662073273153,5718.6757422883165,26,0,20_NP_07
17,0.22222222222222224,28.13104591355758,0.5334662073273153,5718.6757422883165,26,0,20_NP_07
17,0.4444444444444445,31.65204981039282,0.5334662073273153,5718.6757422883165,26,0,20_NP_07
17,0.6666666666666667,35.61099995551073,0.5334662073273153,5718.6757422883165,26,0,20_NP_07
17,0.888888888888889,40.061636343352696,0.5334662073273153,5718.6757422883165,26,0,20_NP_07
17,1.1111111111111112,45.0640992627565,0.5334662073273153,5718.6757422883165,26,0,20_NP_07
17,1.3333333333333335,50.68564005781401,0.5334662073273153,5718.6757422883165,26,0,20_NP_07
17,1.5555555555555556,57.00139701638461,0.5334662073273153,5718.6757422883165,26,0,20_NP_07
17,1.777777777777778,64.0952385018115,0.5334662073273153,5718.6757422883165,26,0,20_NP_07
17,2.0,72.06067425790167,0.5334662073273153,5718.6757422883165,26,0,20_NP_07
17,2.2222222222222223,81.00183416466305,0.5334662073273153,5718.6757422883165,26,0,20_NP_07
17,2.444444444444444,91.03451148641224,0.5334662073273153,5718.6757422883165,26,0,20_NP_07
17,2.666666666666667,102.28726469878897,0.5334662073273153,5718.6757422883165,26,0,20_NP_07
17,2.8888888888888893,114.90256815119497,0.5334662073273153,5718.6757422883165,26,0,20_NP_07
17,3.111111111111111,129.03799694210204,0.5334662073273153,5718.6757422883165,26,0,20_NP_07
17,3.3333333333333335,144.86742526814652,0.5334662073273153,5718.6757422883165,26,0,20_NP_07
17,3.555555555555556,162.58220995918578,0.5334662073273153,5718.6757422883165,26,0,20_NP_07
17,3.7777777777777777,182.3923217427302,0.5334662073273153,5718.6757422883165,26,0,20_NP_07
17,4.0,204.52737583214227,0.5334662073273153,5718.6757422883165,26,0,20_NP_07
17,4.222222222222222,229.23750060122347,0.5334662073273153,5718.6757422883165,26,0,20_NP_07
17,4.444444444444445,256.7939683906395,0.5334662073273153,5718.6757422883165,26,0,20_NP_07
17,4.666666666666667,287.48949604252243,0.5334662073273153,5718.6757422883165,26,0,20_NP_07
17,4.888888888888888,321.63810496014116,0.5334662073273153,5718.6757422883165,26,0,20_NP_07
17,5.111111111111111,359.5744120372685,0.5334662073273153,5718.6757422883165,26,0,20_NP_07
17,5.333333333333334,401.6522048109822,0.5334662073273153,5718.6757422883165,26,0,20_NP_07
17,5.555555555555556,448.24213829950753,0.5334662073273153,5718.6757422883165,26,0,20_NP_07
17,5.777777777777779,499.7283794522585,0.5334662073273153,5718.6757422883165,26,0,20_NP_07
17,6.0,556.5040209108818,0.5334662073273153,5718.6757422883165,26,0,20_NP_07
17,6.222222222222222,618.9650924999977,0.5334662073273153,5718.6757422883165,26,0,20_NP_07
17,6.444444444444445,687.5030207674652,0.5334662073273153,5718.6757422883165,26,0,20_NP_07
17,6.666666666666667,762.4954285377069,0.5334662073273153,5718.6757422883165,26,0,20_NP_07
17,6.888888888888889,844.2952322416638,0.5334662073273153,5718.6757422883165,26,0,20_NP_07
17,7.111111111111112,933.2180882781751,0.5334662073273153,5718.6757422883165,26,0,20_NP_07
17,7.333333333333333,1029.5283625032525,0.5334662073273153,5718.6757422883165,26,0,20_NP_07
17,7.555555555555555,1133.4239477073995,0.5334662073273153,5718.6757422883165,26,0,20_NP_07
17,7.777777777777778,1245.0204268211426,0.5334662073273153,5718.6757422883165,26,0,20_NP_07
17,8.0,1364.3352632845304,0.5334662073273153,5718.6757422883165,26,0,20_NP_07
17,8.222222222222223,1491.2728771429631,0.5334662073273153,5718.6757422883165,26,0,20_NP_07
17,8.444444444444445,1625.6116128899769,0.5334662073273153,5718.6757422883165,26,0,20_NP_07
17,8.666666666666666,1766.99369578389,0.5334662073273153,5718.6757422883165,26,0,20_NP_07
17,8.88888888888889,1914.9192795779045,0.5334662073273153,5718.6757422883165,26,0,20_NP_07
17,9.11111111111111,2068.745586737797,0.5334662073273153,5718.6757422883165,26,0,20_NP_07
17,9.333333333333334,2227.6919185567976,0.5334662073273153,5718.6757422883165,26,0,20_NP_07
17,9.555555555555555,2390.8509687374735,0.5334662073273153,5718.6757422883165,26,0,20_NP_07
17,9.777777777777777,2557.206430726865,0.5334662073273153,5718.6757422883165,26,0,20_NP_07
17,10.0,2725.656386738153,0.5334662073273153,5718.6757422883165,26,0,20_NP_07
17,10.222222222222221,2895.041461286182,0.5334662073273153,5718.6757422883165,26,0,20_NP_07
17,10.444444444444445,3064.1762785033166,0.5334662073273153,5718.6757422883165,26,0,20_NP_07
17,10.666666666666668,3231.8824417913584,0.5334662073273153,5718.6757422883165,26,0,20_NP_07
17,10.88888888888889,3397.021103179291,0.5334662073273153,5718.6757422883165,26,0,20_NP_07
17,11.111111111111112,3558.52323070966,0.5334662073273153,5718.6757422883165,26,0,20_NP_07
17,11.333333333333332,3715.4159091060847,0.5334662073273153,5718.6757422883165,26,0,20_NP_07
17,11.555555555555557,3866.8433882348645,0.5334662073273153,5718.6757422883165,26,0,20_NP_07
17,11.777777777777779,4012.0820712836908,0.5334662073273153,5718.6757422883165,26,0,20_NP_07
17,12.0,4150.549146129655,0.5334662073273153,5718.6757422883165,26,0,20_NP_07
17,12.222222222222223,4281.805046915186,0.5334662073273153,5718.6757422883165,26,0,20_NP_07
17,12.444444444444445,4405.550338056469,0.5334662073273153,5718.6757422883165,26,0,20_NP_07
17,12.666666666666668,4521.617907483144,0.5334662073273153,5718.6757422883165,26,0,20_NP_07
17,12.88888888888889,4629.961527452918,0.5334662073273153,5718.6757422883165,26,0,20_NP_07
17,13.11111111111111,4730.641895236096,0.5334662073273153,5718.6757422883165,26,0,20_NP_07
17,13.333333333333334,4823.811220912059,0.5334662073273153,5718.6757422883165,26,0,20_NP_07
17,13.555555555555555,4909.697311462661,0.5334662073273153,5718.6757422883165,26,0,20_NP_07
17,13.777777777777779,4988.587937259476,0.5334662073273153,5718.6757422883165,26,0,20_NP_07
17,14.0,5060.8160846387655,0.5334662073273153,5718.6757422883165,26,0,20_NP_07
17,14.222222222222223,5126.746517355884,0.5334662073273153,5718.6757422883165,26,0,20_NP_07
17,14.444444444444445,5186.763905110293,0.5334662073273153,5718.6757422883165,26,0,20_NP_07
17,14.666666666666666,5241.262637907278,0.5334662073273153,5718.6757422883165,26,0,20_NP_07
17,14.88888888888889,5290.638334581012,0.5334662073273153,5718.6757422883165,26,0,20_NP_07
17,15.11111111111111,5335.280972316134,0.5334662073273153,5718.6757422883165,26,0,20_NP_07
17,15.333333333333334,5375.569508884563,0.5334662073273153,5718.6757422883165,26,0,20_NP_07
17,15.555555555555555,5411.867836549249,0.5334662073273153,5718.6757422883165,26,0,20_NP_07
17,15.777777777777777,5444.52189162723,0.5334662073273153,5718.6757422883165,26,0,20_NP_07
17,16.0,5473.857742083347,0.5334662073273153,5718.6757422883165,26,0,20_NP_07
17,16.22222222222222,5500.180483237488,0.5334662073273153,5718.6757422883165,26,0,20_NP_07
17,16.444444444444446,5523.773785357402,0.5334662073273153,5718.6757422883165,26,0,20_NP_07
17,16.666666666666668,5544.899953923042,0.5334662073273153,5718.6757422883165,26,0,20_NP_07
17,16.88888888888889,5563.800381700621,0.5334662073273153,5718.6757422883165,26,0,20_NP_07
17,17.11111111111111,5580.6962900511235,0.5334662073273153,5718.6757422883165,26,0,20_NP_07
17,17.333333333333332,5595.78967419312,0.5334662073273153,5718.6757422883165,26,0,20_NP_07
17,17.555555555555557,5609.264382890652,0.5334662073273153,5718.6757422883165,26,0,20_NP_07
17,17.77777777777778,5621.287276967882,0.5334662073273153,5718.6757422883165,26,0,20_NP_07
17,18.0,5632.009423083566,0.5334662073273153,5718.6757422883165,26,0,20_NP_07
17,18.22222222222222,5641.567289380617,0.5334662073273153,5718.6757422883165,26,0,20_NP_07
17,18.444444444444443,5650.083918090574,0.5334662073273153,5718.6757422883165,26,0,20_NP_07
17,18.666666666666668,5657.670057094337,0.5334662073273153,5718.6757422883165,26,0,20_NP_07
17,18.88888888888889,5664.425238012111,0.5334662073273153,5718.6757422883165,26,0,20_NP_07
17,19.11111111111111,5670.4387928102615,0.5334662073273153,5718.6757422883165,26,0,20_NP_07
17,19.333333333333332,5675.790804353943,0.5334662073273153,5718.6757422883165,26,0,20_NP_07
17,19.555555555555554,5680.5529889685295,0.5334662073273153,5718.6757422883165,26,0,20_NP_07
17,19.77777777777778,5684.789511047628,0.5334662073273153,5718.6757422883165,26,0,20_NP_07
17,20.0,5688.5577311881025,0.5334662073273153,5718.6757422883165,26,0,20_NP_07
17,20.22222222222222,5691.90889035152,0.5334662073273153,5718.6757422883165,26,0,20_NP_07
17,20.444444444444443,5694.888733237285,0.5334662073273153,5718.6757422883165,26,0,20_NP_07
17,20.666666666666668,5697.538074480028,0.5334662073273153,5718.6757422883165,26,0,20_NP_07
17,20.88888888888889,5699.893311513785,0.5334662073273153,5718.6757422883165,26,0,20_NP_07
17,21.11111111111111,5701.986888026954,0.5334662073273153,5718.6757422883165,26,0,20_NP_07
17,21.333333333333336,5703.847711904551,0.5334662073273153,5718.6757422883165,26,0,20_NP_07
17,21.555555555555554,5705.501531448579,0.5334662073273153,5718.6757422883165,26,0,20_NP_07
17,21.77777777777778,5706.971273507863,0.5334662073273153,5718.6757422883165,26,0,20_NP_07
17,22.0,5708.27734695399,0.5334662073273153,5718.6757422883165,26,0,20_NP_07
18,0.0,25.000000000000004,0.5126391121191989,1895.0094447637434,26,0,20_NP_07
18,0.18181818181818182,27.406905262265703,0.5126391121191989,1895.0094447637434,26,0,20_NP_07
18,0.36363636363636365,30.041815522307186,0.5126391121191989,1895.0094447637434,26,0,20_NP_07
18,0.5454545454545454,32.925581033603386,0.5126391121191989,1895.0094447637434,26,0,20_NP_07
18,0.7272727272727273,36.080808669883446,0.5126391121191989,1895.0094447637434,26,0,20_NP_07
18,0.9090909090909091,39.53197967327716,0.5126391121191989,1895.0094447637434,26,0,20_NP_07
18,1.0909090909090908,43.30556896578837,0.5126391121191989,1895.0094447637434,26,0,20_NP_07
18,1.2727272727272727,47.43016447005917,0.5126391121191989,1895.0094447637434,26,0,20_NP_07
18,1.4545454545454546,51.9365844801935,0.5126391121191989,1895.0094447637434,26,0,20_NP_07
18,1.6363636363636365,56.85799065356307,0.5126391121191989,1895.0094447637434,26,0,20_NP_07
18,1.8181818181818181,62.229993655515486,0.5126391121191989,1895.0094447637434,26,0,20_NP_07
18,2.0,68.09074787773416,0.5126391121191989,1895.0094447637434,26,0,20_NP_07
18,2.1818181818181817,74.48103096693993,0.5126391121191989,1895.0094447637434,26,0,20_NP_07
18,2.3636363636363638,81.44430314625303,0.5126391121191989,1895.0094447637434,26,0,20_NP_07
18,2.5454545454545454,89.02674049396109,0.5126391121191989,1895.0094447637434,26,0,20_NP_07
18,2.7272727272727275,97.27723547677627,0.5126391121191989,1895.0094447637434,26,0,20_NP_07
18,2.909090909090909,106.24735713773993,0.5126391121191989,1895.0094447637434,26,0,20_NP_07
18,3.090909090909091,115.99126244317266,0.5126391121191989,1895.0094447637434,26,0,20_NP_07
18,3.272727272727273,126.56554944051531,0.5126391121191989,1895.0094447637434,26,0,20_NP_07
18,3.454545454545454,138.0290421251973,0.5126391121191989,1895.0094447637434,26,0,20_NP_07
18,3.6363636363636362,150.44249633078923,0.5126391121191989,1895.0094447637434,26,0,20_NP_07
18,3.8181818181818183,163.86821563016883,0.5126391121191989,1895.0094447637434,26,0,20_NP_07
18,4.0,178.36956627063572,0.5126391121191989,1895.0094447637434,26,0,20_NP_07
18,4.181818181818182,194.0103806828782,0.5126391121191989,1895.0094447637434,26,0,20_NP_07
18,4.363636363636363,210.85424023496546,0.5126391121191989,1895.0094447637434,26,0,20_NP_07
18,4.545454545454546,228.96362978727234,0.5126391121191989,1895.0094447637434,26,0,20_NP_07
18,4.7272727272727275,248.39895937906036,0.5126391121191989,1895.0094447637434,26,0,20_NP_07
18,4.909090909090908,269.2174521634675,0.5126391121191989,1895.0094447637434,26,0,20_NP_07
18,5.090909090909091,291.4719025934701,0.5126391121191989,1895.0094447637434,26,0,20_NP_07
18,5.2727272727272725,315.20931488221106,0.5126391121191989,1895.0094447637434,26,0,20_NP_07
18,5.454545454545455,340.4694388751437,0.5126391121191989,1895.0094447637434,26,0,20_NP_07
18,5.636363636363637,367.28322853514385,0.5126391121191989,1895.0094447637434,26,0,20_NP_07
18,5.818181818181818,395.67125698699834,0.5126391121191989,1895.0094447637434,26,0,20_NP_07
18,6.0,425.64213108477014,0.5126391121191989,1895.0094447637434,26,0,20_NP_07
18,6.181818181818182,457.19095719697754,0.5126391121191989,1895.0094447637434,26,0,20_NP_07
18,6.363636363636363,490.2979176546416,0.5126391121191989,1895.0094447637434,26,0,20_NP_07
18,6.545454545454546,524.927023272725,0.5126391121191989,1895.0094447637434,26,0,20_NP_07
18,6.7272727272727275,561.02511067966,0.5126391121191989,1895.0094447637434,26,0,20_NP_07
18,6.909090909090908,598.5211530413292,0.5126391121191989,1895.0094447637434,26,0,20_NP_07
18,7.090909090909091,637.3259484382841,0.5126391121191989,1895.0094447637434,26,0,20_NP_07
18,7.2727272727272725,677.3322411764402,0.5126391121191989,1895.0094447637434,26,0,20_NP_07
18,7.454545454545455,718.4153175536472,0.5126391121191989,1895.0094447637434,26,0,20_NP_07
18,7.636363636363637,760.4340993703411,0.5126391121191989,1895.0094447637434,26,0,20_NP_07
18,7.818181818181818,803.2327365454836,0.5126391121191989,1895.0094447637434,26,0,20_NP_07
18,8.0,846.6426758361989,0.5126391121191989,1895.0094447637434,26,0,20_NP_07
18,8.181818181818182,890.4851575186648,0.5126391121191989,1895.0094447637434,26,0,20_NP_07
18,8.363636363636363,934.5740678878653,0.5126391121191989,1895.0094447637434,26,0,20_NP_07
18,8.545454545454545,978.7190545614014,0.5126391121191989,1895.0094447637434,26,0,20_NP_07
18,8.727272727272727,1022.7287956577399,0.5126391121191989,1895.0094447637434,26,0,20_NP_07
18,8.90909090909091,1066.4143044136376,0.5126391121191989,1895.0094447637434,26,0,20_NP_07
18,9.090909090909092,1109.5921485971064,0.5126391121191989,1895.0094447637434,26,0,20_NP_07
18,9.272727272727273,1152.0874693697365,0.5126391121191989,1895.0094447637434,26,0,20_NP_07
18,9.454545454545455,1193.7366965566387,0.5126391121191989,1895.0094447637434,26,0,20_NP_07
18,9.636363636363637,1234.389875453514,0.5126391121191989,1895.0094447637434,26,0,20_NP_07
18,9.818181818181817,1273.912542704747,0.5126391121191989,1895.0094447637434,26,0,20_NP_07
18,10.0,1312.1871135010556,0.5126391121191989,1895.0094447637434,26,0,20_NP_07
18,10.181818181818182,1349.1137673855335,0.5126391121191989,1895.0094447637434,26,0,20_NP_07
18,10.363636363636365,1384.6108434912267,0.5126391121191989,1895.0094447637434,26,0,20_NP_07
18,10.545454545454545,1418.6147765567932,0.5126391121191989,1895.0094447637434,26,0,20_NP_07
18,10.727272727272727,1451.0796215135101,0.5126391121191989,1895.0094447637434,26,0,20_NP_07
18,10.90909090909091,1481.9762262251338,0.5126391121191989,1895.0094447637434,26,0,20_NP_07
18,11.09090909090909,1511.2911189762542,0.5126391121191989,1895.0094447637434,26,0,20_NP_07
18,11.272727272727273,1539.0251798277059,0.5126391121191989,1895.0094447637434,26,0,20_NP_07
18,11.454545454545455,1565.1921635719439,0.5126391121191989,1895.0094447637434,26,0,20_NP_07
18,11.636363636363637,1589.8171374985063,0.5126391121191989,1895.0094447637434,26,0,20_NP_07
18,11.818181818181818,1612.9348903724147,0.5126391121191989,1895.0094447637434,26,0,20_NP_07
18,12.0,1634.5883607794303,0.5126391121191989,1895.0094447637434,26,0,20_NP_07
18,12.181818181818182,1654.827124065346,0.5126391121191989,1895.0094447637434,26,0,20_NP_07
18,12.363636363636363,1673.7059681328203,0.5126391121191989,1895.0094447637434,26,0,20_NP_07
18,12.545454545454547,1691.2835798550548,0.5126391121191989,1895.0094447637434,26,0,20_NP_07
18,12.727272727272727,1707.621356170393,0.5126391121191989,1895.0094447637434,26,0,20_NP_07
18,12.909090909090908,1722.782347249764,0.5126391121191989,1895.0094447637434,26,0,20_NP_07
18,13.090909090909092,1736.830333578175,0.5126391121191989,1895.0094447637434,26,0,20_NP_07
18,13.272727272727272,1749.8290343691358,0.5126391121191989,1895.0094447637434,26,0,20_NP_07
18,13.454545454545455,1761.8414413768455,0.5126391121191989,1895.0094447637434,26,0,20_NP_07
18,13.636363636363637,1772.9292697808366,0.5126391121191989,1895.0094447637434,26,0,20_NP_07
18,13.818181818181817,1783.1525162621786,0.5126391121191989,1895.0094447637434,26,0,20_NP_07
18,14.0,1792.5691135302352,0.5126391121191989,1895.0094447637434,26,0,20_NP_07
18,14.181818181818182,1801.2346702570733,0.5126391121191989,1895.0094447637434,26,0,20_NP_07
18,14.363636363636363,1809.2022855049925,0.5126391121191989,1895.0094447637434,26,0,20_NP_07
18,14.545454545454545,1816.522427177492,0.5126391121191989,1895.0094447637434,26,0,20_NP_07
18,14.727272727272728,1823.242864687898,0.5126391121191989,1895.0094447637434,26,0,20_NP_07
18,14.90909090909091,1829.4086468422227,0.5126391121191989,1895.0094447637434,26,0,20_NP_07
18,15.09090909090909,1835.0621168092205,0.5126391121191989,1895.0094447637434,26,0,20_NP_07
18,15.272727272727273,1840.2429569512249,0.5126391121191989,1895.0094447637434,26,0,20_NP_07
18,15.454545454545453,1844.9882571772655,0.5126391121191989,1895.0094447637434,26,0,20_NP_07
18,15.636363636363637,1849.3326013289063,0.5126391121191989,1895.0094447637434,26,0,20_NP_07
18,15.818181818181818,1853.3081669018547,0.5126391121191989,1895.0094447637434,26,0,20_NP_07
18,16.0,1856.9448341322013,0.5126391121191989,1895.0094447637434,26,0,20_NP_07
18,16.181818181818183,1860.2703011301087,0.5126391121191989,1895.0094447637434,26,0,20_NP_07
18,16.363636363636363,1863.310202324808,0.5126391121191989,1895.0094447637434,26,0,20_NP_07
18,16.545454545454547,1866.088227994634,0.5126391121191989,1895.0094447637434,26,0,20_NP_07
18,16.727272727272727,1868.6262430983006,0.5126391121191989,1895.0094447637434,26,0,20_NP_07
18,16.90909090909091,1870.9444040035526,0.5126391121191989,1895.0094447637434,26,0,20_NP_07
18,17.09090909090909,1873.0612720324425,0.5126391121191989,1895.0094447637434,26,0,20_NP_07
18,17.272727272727273,1874.9939230145037,0.5126391121191989,1895.0094447637434,26,0,20_NP_07
18,17.454545454545453,1876.7580522660282,0.5126391121191989,1895.0094447637434,26,0,20_NP_07
18,17.636363636363637,1878.368074600969,0.5126391121191989,1895.0094447637434,26,0,20_NP_07
18,17.81818181818182,1879.8372191320798,0.5126391121191989,1895.0094447637434,26,0,20_NP_07
18,18.0,1881.1776187444787,0.5126391121191989,1895.0094447637434,26,0,20_NP_07
19,0.0,25.0,0.7497008625650895,3136.123708292102,20,0,20_NP_08
19,0.18181818181818182,28.617591140730866,0.7497008625650895,3136.123708292102,20,0,20_NP_08
19,0.36363636363636365,32.75314985291218,0.7497008625650895,3136.123708292102,20,0,20_NP_08
19,0.5454545454545454,37.4791346106817,0.7497008625650895,3136.123708292102,20,0,20_NP_08
19,0.7272727272727273,42.87761475271626,0.7497008625650895,3136.123708292102,20,0,20_NP_08
19,0.9090909090909091,49.04138312000948,0.7497008625650895,3136.123708292102,20,0,20_NP_08
19,1.0909090909090908,56.0751465043874,0.7497008625650895,3136.123708292102,20,0,20_NP_08
19,1.2727272727272727,64.09678184774346,0.7497008625650895,3136.123708292102,20,0,20_NP_08
19,1.4545454545454546,73.23863848805301,0.7497008625650895,3136.123708292102,20,0,20_NP_08
19,1.6363636363636365,83.64885680267254,0.7497008625650895,3136.123708292102,20,0,20_NP_08
19,1.8181818181818181,95.49266092506284,0.7497008625650895,3136.123708292102,20,0,20_NP_08
19,2.0,108.95356739786129,0.7497008625650895,3136.123708292102,20,0,20_NP_08
19,2.1818181818181817,124.23443234167016,0.7497008625650895,3136.123708292102,20,0,20_NP_08
19,2.3636363636363638,141.55823680622316,0.7497008625650895,3136.123708292102,20,0,20_NP_08
19,2.5454545454545454,161.16848357862943,0.7497008625650895,3136.123708292102,20,0,20_NP_08
19,2.7272727272727275,183.3290494962564,0.7497008625650895,3136.123708292102,20,0,20_NP_08
19,2.909090909090909,208.32330662598588,0.7497008625650895,3136.123708292102,20,0,20_NP_08
19,3.090909090909091,236.45229592000086,0.7497008625650895,3136.123708292102,20,0,20_NP_08
19,3.272727272727273,268.0317118558464,0.7497008625650895,3136.123708292102,20,0,20_NP_08
19,3.454545454545454,303.387441427113,0.7497008625650895,3136.123708292102,20,0,20_NP_08
19,3.6363636363636362,342.8494027339284,0.7497008625650895,3136.123708292102,20,0,20_NP_08
19,3.8181818181818183,386.7434560419138,0.7497008625650895,3136.123708292102,20,0,20_NP_08
19,4.0,435.3812233575038,0.7497008625650895,3136.123708292102,20,0,20_NP_08
19,4.181818181818182,489.04776106239035,0.7497008625650895,3136.123708292102,20,0,20_NP_08
19,4.363636363636363,547.9871916580628,0.7497008625650895,3136.123708292102,20,0,20_NP_08
19,4.545454545454546,612.3866179759635,0.7497008625650895,3136.123708292102,20,0,20_NP_08
19,4.7272727272727275,682.3589106541009,0.7497008625650895,3136.123708292102,20,0,20_NP_08
19,4.909090909090908,757.9252595696072,0.7497008625650895,3136.123708292102,20,0,20_NP_08
19,5.090909090909091,838.9986798917581,0.7497008625650895,3136.123708292102,20,0,20_NP_08
19,5.2727272727272725,925.3699163116494,0.7497008625650895,3136.123708292102,20,0,20_NP_08
19,5.454545454545455,1016.6973367175381,0.7497008625650895,3136.123708292102,20,0,20_NP_08
19,5.636363636363637,1112.502389079927,0.7497008625650895,3136.123708292102,20,0,20_NP_08
19,5.818181818181818,1212.1719644027721,0.7497008625650895,3136.123708292102,20,0,20_NP_08
19,6.0,1314.9685442474947,0.7497008625650895,3136.123708292102,20,0,20_NP_08
19,6.181818181818182,1420.0483359758248,0.7497008625650895,3136.123708292102,20,0,20_NP_08
19,6.363636363636363,1526.4867840713118,0.7497008625650895,3136.123708292102,20,0,20_NP_08
19,6.545454545454546,1633.310006611362,0.7497008625650895,3136.123708292102,20,0,20_NP_08
19,6.7272727272727275,1739.5299805668885,0.7497008625650895,3136.123708292102,20,0,20_NP_08
19,6.909090909090908,1844.1808195648737,0.7497008625650895,3136.123708292102,20,0,20_NP_08
19,7.090909090909091,1946.3533449692138,0.7497008625650895,3136.123708292102,20,0,20_NP_08
19,7.2727272727272725,2045.2253736279968,0.7497008625650895,3136.123708292102,20,0,20_NP_08
19,7.454545454545455,2140.085689882129,0.7497008625650895,3136.123708292102,20,0,20_NP_08
19,7.636363636363637,2230.350432198904,0.7497008625650895,3136.123708292102,20,0,20_NP_08
19,7.818181818181818,2315.5714701888164,0.7497008625650895,3136.123708292102,20,0,20_NP_08
19,8.0,2395.4371402394945,0.7497008625650895,3136.123708292102,20,0,20_NP_08
19,8.181818181818182,2469.766341007252,0.7497008625650895,3136.123708292102,20,0,20_NP_08
19,8.363636363636363,2538.497402852333,0.7497008625650895,3136.123708292102,20,0,20_NP_08
19,8.545454545454545,2601.673325911216,0.7497008625650895,3136.123708292102,20,0,20_NP_08
19,8.727272727272727,2659.424957540044,0.7497008625650895,3136.123708292102,20,0,20_NP_08
19,8.90909090909091,2711.953503525628,0.7497008625650895,3136.123708292102,20,0,20_NP_08
19,9.090909090909092,2759.5134993943207,0.7497008625650895,3136.123708292102,20,0,20_NP_08
19,9.272727272727273,2802.3970646152693,0.7497008625650895,3136.123708292102,20,0,20_NP_08
19,9.454545454545455,2840.919967548698,0.7497008625650895,3136.123708292102,20,0,20_NP_08
19,9.636363636363637,2875.409771612413,0.7497008625650895,3136.123708292102,20,0,20_NP_08
19,9.818181818181817,2906.1961280762835,0.7497008625650895,3136.123708292102,20,0,20_NP_08
19,10.0,2933.603131607675,0.7497008625650895,3136.123708292102,20,0,20_NP_08
19,10.181818181818182,2957.943557021141,0.7497008625650895,3136.123708292102,20,0,20_NP_08
19,10.363636363636365,2979.5147412619035,0.7497008625650895,3136.123708292102,20,0,20_NP_08
19,10.545454545454545,2998.5958535628474,0.7497008625650895,3136.123708292102,20,0,20_NP_08
19,10.727272727272727,3015.4462993060365,0.7497008625650895,3136.123708292102,20,0,20_NP_08
19,10.90909090909091,3030.305021017514,0.7497008625650895,3136.123708292102,20,0,20_NP_08
19,11.09090909090909,3043.39048645626,0.7497008625650895,3136.123708292102,20,0,20_NP_08
19,11.272727272727273,3054.901183986358,0.7497008625650895,3136.123708292102,20,0,20_NP_08
19,11.454545454545455,3065.0164759497275,0.7497008625650895,3136.123708292102,20,0,20_NP_08
19,11.636363636363637,3073.897689444113,0.7497008625650895,3136.123708292102,20,0,20_NP_08
19,11.818181818181818,3081.689349566142,0.7497008625650895,3136.123708292102,20,0,20_NP_08
19,12.0,3088.5204822867486,0.7497008625650895,3136.123708292102,20,0,20_NP_08
19,12.181818181818182,3094.505932618563,0.7497008625650895,3136.123708292102,20,0,20_NP_08
19,12.363636363636363,3099.7476588194054,0.7497008625650895,3136.123708292102,20,0,20_NP_08
19,12.545454545454547,3104.335975408466,0.7497008625650895,3136.123708292102,20,0,20_NP_08
19,12.727272727272727,3108.3507271702506,0.7497008625650895,3136.123708292102,20,0,20_NP_08
19,12.909090909090908,3111.862383511222,0.7497008625650895,3136.123708292102,20,0,20_NP_08
19,13.090909090909092,3114.9330479148093,0.7497008625650895,3136.123708292102,20,0,20_NP_08
19,13.272727272727272,3117.6173811689755,0.7497008625650895,3136.123708292102,20,0,20_NP_08
19,13.454545454545455,3119.9634398240905,0.7497008625650895,3136.123708292102,20,0,20_NP_08
19,13.636363636363637,3122.013433235108,0.7497008625650895,3136.123708292102,20,0,20_NP_08
19,13.818181818181817,3123.8044037619875,0.7497008625650895,3136.123708292102,20,0,20_NP_08
19,14.0,3125.3688354160245,0.7497008625650895,3136.123708292102,20,0,20_NP_08
19,14.181818181818182,3126.7351965816983,0.7497008625650895,3136.123708292102,20,0,20_NP_08
19,14.363636363636363,3127.9284225190254,0.7497008625650895,3136.123708292102,20,0,20_NP_08
19,14.545454545454545,3128.9703432410433,0.7497008625650895,3136.123708292102,20,0,20_NP_08
19,14.727272727272728,3129.880062126382,0.7497008625650895,3136.123708292102,20,0,20_NP_08
19,14.90909090909091,3130.6742903139107,0.7497008625650895,3136.123708292102,20,0,20_NP_08
19,15.09090909090909,3131.3676415689806,0.7497008625650895,3136.123708292102,20,0,20_NP_08
19,15.272727272727273,3131.9728919334175,0.7497008625650895,3136.123708292102,20,0,20_NP_08
19,15.454545454545453,3132.5012080912866,0.7497008625650895,3136.123708292102,20,0,20_NP_08
19,15.636363636363637,3132.962348011607,0.7497008625650895,3136.123708292102,20,0,20_NP_08
19,15.818181818181818,3133.364837075281,0.7497008625650895,3136.123708292102,20,0,20_NP_08
19,16.0,3133.716122561402,0.7497008625650895,3136.123708292102,20,0,20_NP_08
19,16.181818181818183,3134.0227090604044,0.7497008625650895,3136.123708292102,20,0,20_NP_08
19,16.363636363636363,3134.2902770992473,0.7497008625650895,3136.123708292102,20,0,20_NP_08
19,16.545454545454547,3134.523787006979,0.7497008625650895,3136.123708292102,20,0,20_NP_08
19,16.727272727272727,3134.727569816816,0.7497008625650895,3136.123708292102,20,0,20_NP_08
19,16.90909090909091,3134.905406792053,0.7497008625650895,3136.123708292102,20,0,20_NP_08
19,17.09090909090909,3135.060598976172,0.7497008625650895,3136.123708292102,20,0,20_NP_08
19,17.272727272727273,3135.196028000762,0.7497008625650895,3136.123708292102,20,0,20_NP_08
19,17.454545454545453,3135.314209236605,0.7497008625650895,3136.123708292102,20,0,20_NP_08
19,17.636363636363637,3135.4173382417744,0.7497008625650895,3136.123708292102,20,0,20_NP_08
19,17.81818181818182,3135.5073313442317,0.7497008625650895,3136.123708292102,20,0,20_NP_08
19,18.0,3135.5858610936907,0.7497008625650895,3136.123708292102,20,0,20_NP_08
20,0.0,25.0,0.6424913437368661,1244.8833592146239,20,0,20_NP_08
20,0.18181818181818182,28.028085807557048,0.6424913437368661,1244.8833592146239,20,0,20_NP_08
20,0.36363636363636365,31.41349892694133,0.6424913437368661,1244.8833592146239,20,0,20_NP_08
20,0.5454545454545454,35.19599683218086,0.6424913437368661,1244.8833592146239,20,0,20_NP_08
20,0.7272727272727273,39.41914998057095,0.6424913437368661,1244.8833592146239,20,0,20_NP_08
20,0.9090909090909091,44.130551378499014,0.6424913437368661,1244.8833592146239,20,0,20_NP_08
20,1.0909090909090908,49.381994553042276,0.6424913437368661,1244.8833592146239,20,0,20_NP_08
20,1.2727272727272727,55.22960518595641,0.6424913437368661,1244.8833592146239,20,0,20_NP_08
20,1.4545454545454546,61.733908502284486,0.6424913437368661,1244.8833592146239,20,0,20_NP_08
20,1.6363636363636365,68.95981107643702,0.6424913437368661,1244.8833592146239,20,0,20_NP_08
20,1.8181818181818181,76.97647214981431,0.6424913437368661,1244.8833592146239,20,0,20_NP_08
20,2.0,85.85703604693806,0.6424913437368661,1244.8833592146239,20,0,20_NP_08
20,2.1818181818181817,95.67819412764317,0.6424913437368661,1244.8833592146239,20,0,20_NP_08
20,2.3636363636363638,106.5195423304383,0.6424913437368661,1244.8833592146239,20,0,20_NP_08
20,2.5454545454545454,118.46269928265107,0.6424913437368661,1244.8833592146239,20,0,20_NP_08
20,2.7272727272727275,131.59015084200485,0.6424913437368661,1244.8833592146239,20,0,20_NP_08
20,2.909090909090909,145.9837905718816,0.6424913437368661,1244.8833592146239,20,0,20_NP_08
20,3.090909090909091,161.7231328909883,0.6424913437368661,1244.8833592146239,20,0,20_NP_08
20,3.272727272727273,178.8831873229336,0.6424913437368661,1244.8833592146239,20,0,20_NP_08
20,3.454545454545454,197.5319991170556,0.6424913437368661,1244.8833592146239,20,0,20_NP_08
20,3.6363636363636362,217.72788393057684,0.6424913437368661,1244.8833592146239,20,0,20_NP_08
20,3.8181818181818183,239.5164121485354,0.6424913437368661,1244.8833592146239,20,0,20_NP_08
20,4.0,262.92723091382805,0.6424913437368661,1244.8833592146239,20,0,20_NP_08
20,4.181818181818182,287.9708472158177,0.6424913437368661,1244.8833592146239,20,0,20_NP_08
20,4.363636363636363,314.63553050026184,0.6424913437368661,1244.8833592146239,20,0,20_NP_08
20,4.545454545454546,342.88452416979993,0.6424913437368661,1244.8833592146239,20,0,20_NP_08
20,4.7272727272727275,372.65377712768463,0.6424913437368661,1244.8833592146239,20,0,20_NP_08
20,4.909090909090908,403.85041390826945,0.6424913437368661,1244.8833592146239,20,0,20_NP_08
20,5.090909090909091,436.35215011035274,0.6424913437368661,1244.8833592146239,20,0,20_NP_08
20,5.2727272727272725,470.0078254288295,0.6424913437368661,1244.8833592146239,20,0,20_NP_08
20,5.454545454545455,504.6391686890094,0.6424913437368661,1244.8833592146239,20,0,20_NP_08
20,5.636363636363637,540.043830387242,0.6424913437368661,1244.8833592146239,20,0,20_NP_08
20,5.818181818181818,575.9996244865636,0.6424913437368661,1244.8833592146239,20,0,20_NP_08
20,6.0,612.2698221033945,0.6424913437368661,1244.8833592146239,20,0,20_NP_08
20,6.181818181818182,648.6092469413948,0.6424913437368661,1244.8833592146239,20,0,20_NP_08
20,6.363636363636363,684.7708479514487,0.6424913437368661,1244.8833592146239,20,0,20_NP_08
20,6.545454545454546,720.5123790322212,0.6424913437368661,1244.8833592146239,20,0,20_NP_08
20,6.7272727272727275,755.602805206436,0.6424913437368661,1244.8833592146239,20,0,20_NP_08
20,6.909090909090908,789.8280811318126,0.6424913437368661,1244.8833592146239,20,0,20_NP_08
20,7.090909090909091,822.9960071855012,0.6424913437368661,1244.8833592146239,20,0,20_NP_08
20,7.2727272727272725,854.9399522666452,0.6424913437368661,1244.8833592146239,20,0,20_NP_08
20,7.454545454545455,885.521329543103,0.6424913437368661,1244.8833592146239,20,0,20_NP_08
20,7.636363636363637,914.6308094678343,0.6424913437368661,1244.8833592146239,20,0,20_NP_08
20,7.818181818181818,942.1883425940538,0.6424913437368661,1244.8833592146239,20,0,20_NP_08
20,8.0,968.1421349060352,0.6424913437368661,1244.8833592146239,20,0,20_NP_08
20,8.181818181818182,992.4667660284916,0.6424913437368661,1244.8833592146239,20,0,20_NP_08
20,8.363636363636363,1015.1606648696384,0.6424913437368661,1244.8833592146239,20,0,20_NP_08
20,8.545454545454545,1036.243160090771,0.6424913437368661,1244.8833592146239,20,0,20_NP_08
20,8.727272727272727,1055.751308423832,0.6424913437368661,1244.8833592146239,20,0,20_NP_08
20,8.90909090909091,1073.736677413674,0.6424913437368661,1244.8833592146239,20,0,20_NP_08
20,9.090909090909092,1090.262225839438,0.6424913437368661,1244.8833592146239,20,0,20_NP_08
20,9.272727272727273,1105.3993894481018,0.6424913437368661,1244.8833592146239,20,0,20_NP_08
20,9.454545454545455,1119.2254452866857,0.6424913437368661,1244.8833592146239,20,0,20_NP_08
20,9.636363636363637,1131.8211972901252,0.6424913437368661,1244.8833592146239,20,0,20_NP_08
20,9.818181818181817,1143.2690002475517,0.6424913437368661,1244.8833592146239,20,0,20_NP_08
20,10.0,1153.6511193281208,0.6424913437368661,1244.8833592146239,20,0,20_NP_08
20,10.181818181818182,1163.0484078476843,0.6424913437368661,1244.8833592146239,20,0,20_NP_08
20,10.363636363636365,1171.5392763301243,0.6424913437368661,1244.8833592146239,20,0,20_NP_08
20,10.545454545454545,1179.1989203713276,0.6424913437368661,1244.8833592146239,20,0,20_NP_08
20,10.727272727272727,1186.0987724886995,0.6424913437368661,1244.8833592146239,20,0,20_NP_08
20,10.90909090909091,1192.3061432069464,0.6424913437368661,1244.8833592146239,20,0,20_NP_08
20,11.09090909090909,1197.8840183585874,0.6424913437368661,1244.8833592146239,20,0,20_NP_08
20,11.272727272727273,1202.8909823561885,0.6424913437368661,1244.8833592146239,20,0,20_NP_08
20,11.454545454545455,1207.3812405435922,0.6424913437368661,1244.8833592146239,20,0,20_NP_08
20,11.636363636363637,1211.404717298085,0.6424913437368661,1244.8833592146239,20,0,20_NP_08
20,11.818181818181818,1215.0072100827078,0.6424913437368661,1244.8833592146239,20,0,20_NP_08
20,12.0,1218.23058297229,0.6424913437368661,1244.8833592146239,20,0,20_NP_08
20,12.181818181818182,1221.1129862000084,0.6424913437368661,1244.8833592146239,20,0,20_NP_08
20,12.363636363636363,1223.6890909450337,0.6424913437368661,1244.8833592146239,20,0,20_NP_08
20,12.545454545454547,1225.9903308930152,0.6424913437368661,1244.8833592146239,20,0,20_NP_08
20,12.727272727272727,1228.0451440603777,0.6424913437368661,1244.8833592146239,20,0,20_NP_08
20,12.909090909090908,1229.8792100056844,0.6424913437368661,1244.8833592146239,20,0,20_NP_08
20,13.090909090909092,1231.5156788897182,0.6424913437368661,1244.8833592146239,20,0,20_NP_08
20,13.272727272727272,1232.9753899267037,0.6424913437368661,1244.8833592146239,20,0,20_NP_08
20,13.454545454545455,1234.2770776285925,0.6424913437368661,1244.8833592146239,20,0,20_NP_08
20,13.636363636363637,1235.4375649170802,0.6424913437368661,1244.8833592146239,20,0,20_NP_08
20,13.818181818181817,1236.4719426954462,0.6424913437368661,1244.8833592146239,20,0,20_NP_08
20,14.0,1237.393735862366,0.6424913437368661,1244.8833592146239,20,0,20_NP_08
20,14.181818181818182,1238.2150560367238,0.6424913437368661,1244.8833592146239,20,0,20_NP_08
20,14.363636363636363,1238.9467414668195,0.6424913437368661,1244.8833592146239,20,0,20_NP_08
20,14.545454545454545,1239.5984847365112,0.6424913437368661,1244.8833592146239,20,0,20_NP_08
20,14.727272727272728,1240.1789489691846,0.6424913437368661,1244.8833592146239,20,0,20_NP_08
20,14.90909090909091,1240.6958732796595,0.6424913437368661,1244.8833592146239,20,0,20_NP_08
20,15.09090909090909,1241.156168243856,0.6424913437368661,1244.8833592146239,20,0,20_NP_08
20,15.272727272727273,1241.5660021538279,0.6424913437368661,1244.8833592146239,20,0,20_NP_08
20,15.454545454545453,1241.9308788077167,0.6424913437368661,1244.8833592146239,20,0,20_NP_08
20,15.636363636363637,1242.2557075550596,0.6424913437368661,1244.8833592146239,20,0,20_NP_08
20,15.818181818181818,1242.5448662814013,0.6424913437368661,1244.8833592146239,20,0,20_NP_08
20,16.0,1242.8022579751566,0.6424913437368661,1244.8833592146239,20,0,20_NP_08
20,16.181818181818183,1243.0313614763118,0.6424913437368661,1244.8833592146239,20,0,20_NP_08
20,16.363636363636363,1243.235276962454,0.6424913437368661,1244.8833592146239,20,0,20_NP_08
20,16.545454545454547,1243.4167666839205,0.6424913437368661,1244.8833592146239,20,0,20_NP_08
20,16.727272727272727,1243.5782914174545,0.6424913437368661,1244.8833592146239,20,0,20_NP_08
20,16.90909090909091,1243.7220430671562,0.6424913437368661,1244.8833592146239,20,0,20_NP_08
20,17.09090909090909,1243.8499738031287,0.6424913437368661,1244.8833592146239,20,0,20_NP_08
20,17.272727272727273,1243.9638220922554,0.6424913437368661,1244.8833592146239,20,0,20_NP_08
20,17.454545454545453,1244.0651359420851,0.6424913437368661,1244.8833592146239,20,0,20_NP_08
20,17.636363636363637,1244.155293647887,0.6424913437368661,1244.8833592146239,20,0,20_NP_08
20,17.81818181818182,1244.2355223045124,0.6424913437368661,1244.8833592146239,20,0,20_NP_08
20,18.0,1244.30691431867,0.6424913437368661,1244.8833592146239,20,0,20_NP_08
21,0.0,25.000000000000004,0.546451437051577,1671.8861636374922,20,0,20_NP_08
21,0.18181818181818182,27.56839120929351,0.546451437051577,1671.8861636374922,20,0,20_NP_08
21,0.36363636363636365,30.39577772044551,0.546451437051577,1671.8861636374922,20,0,20_NP_08
21,0.5454545454545454,33.50722918327048,0.546451437051577,1671.8861636374922,20,0,20_NP_08
21,0.7272727272727273,36.930017490331466,0.546451437051577,1671.8861636374922,20,0,20_NP_08
21,0.9090909090909091,40.69376185641039,0.546451437051577,1671.8861636374922,20,0,20_NP_08
21,1.0909090909090908,44.83057253766652,0.546451437051577,1671.8861636374922,20,0,20_NP_08
21,1.2727272727272727,49.37519010981873,0.546451437051577,1671.8861636374922,20,0,20_NP_08
21,1.4545454545454546,54.36511647034191,0.546451437051577,1671.8861636374922,20,0,20_NP_08
21,1.6363636363636365,59.840732863616374,0.546451437051577,1671.8861636374922,20,0,20_NP_08
21,1.8181818181818181,65.84539924775997,0.546451437051577,1671.8861636374922,20,0,20_NP_08
21,2.0,72.42552823042087,0.546451437051577,1671.8861636374922,20,0,20_NP_08
21,2.1818181818181817,79.6306256086381,0.546451437051577,1671.8861636374922,20,0,20_NP_08
21,2.3636363636363638,87.51328827583406,0.546451437051577,1671.8861636374922,20,0,20_NP_08
21,2.5454545454545454,96.12914894144647,0.546451437051577,1671.8861636374922,20,0,20_NP_08
21,2.7272727272727275,105.53675579708009,0.546451437051577,1671.8861636374922,20,0,20_NP_08
21,2.909090909090909,115.79737402969123,0.546451437051577,1671.8861636374922,20,0,20_NP_08
21,3.090909090909091,126.97469502413412,0.546451437051577,1671.8861636374922,20,0,20_NP_08
21,3.272727272727273,139.13443833908667,0.546451437051577,1671.8861636374922,20,0,20_NP_08
21,3.454545454545454,152.34383123630252,0.546451437051577,1671.8861636374922,20,0,20_NP_08
21,3.6363636363636362,166.67095087715825,0.546451437051577,1671.8861636374922,20,0,20_NP_08
21,3.8181818181818183,182.18391548238586,0.546451437051577,1671.8861636374922,20,0,20_NP_08
21,4.0,198.94991300839072,0.546451437051577,1671.8861636374922,20,0,20_NP_08
21,4.181818181818182,217.034059458092,0.546451437051577,1671.8861636374922,20,0,20_NP_08
21,4.363636363636363,236.4980840296465,0.546451437051577,1671.8861636374922,20,0,20_NP_08
21,4.545454545454546,257.3988450796551,0.546451437051577,1671.8861636374922,20,0,20_NP_08
21,4.7272727272727275,279.7866894211761,0.546451437051577,1671.8861636374922,20,0,20_NP_08
21,4.909090909090908,303.70367774592745,0.546451437051577,1671.8861636374922,20,0,20_NP_08
21,5.090909090909091,329.1817107348112,0.546451437051577,1671.8861636374922,20,0,20_NP_08
21,5.2727272727272725,356.24060326365907,0.546451437051577,1671.8861636374922,20,0,20_NP_08
21,5.454545454545455,384.88616733367763,0.546451437051577,1671.8861636374922,20,0,20_NP_08
21,5.636363636363637,415.10837700882655,0.546451437051577,1671.8861636374922,20,0,20_NP_08
21,5.818181818181818,446.8796995360744,0.546451437051577,1671.8861636374922,20,0,20_NP_08
21,6.0,480.15368459469585,0.546451437051577,1671.8861636374922,20,0,20_NP_08
21,6.181818181818182,514.8639068410876,0.546451437051577,1671.8861636374922,20,0,20_NP_08
21,6.363636363636363,550.9233542580263,0.546451437051577,1671.8861636374922,20,0,20_NP_08
21,6.545454545454546,588.2243452490756,0.546451437051577,1671.8861636374922,20,0,20_NP_08
21,6.7272727272727275,626.6390404120193,0.546451437051577,1671.8861636374922,20,0,20_NP_08
21,6.909090909090908,666.0205906462244,0.546451437051577,1671.8861636374922,20,0,20_NP_08
21,7.090909090909091,706.2049326877026,0.546451437051577,1671.8861636374922,20,0,20_NP_08
21,7.2727272727272725,747.0132081662668,0.546451437051577,1671.8861636374922,20,0,20_NP_08
21,7.454545454545455,788.2547454425468,0.546451437051577,1671.8861636374922,20,0,20_NP_08
21,7.636363636363637,829.7305079352036,0.546451437051577,1671.8861636374922,20,0,20_NP_08
21,7.818181818181818,871.2368816948567,0.546451437051577,1671.8861636374922,20,0,20_NP_08
21,8.0,912.5696516862146,0.546451437051577,1671.8861636374922,20,0,20_NP_08
21,8.181818181818182,953.5280030103183,0.546451437051577,1671.8861636374922,20,0,20_NP_08
21,8.363636363636363,993.9183815362218,0.546451437051577,1671.8861636374922,20,0,20_NP_08
21,8.545454545454545,1033.5580583043777,0.546451437051577,1671.8861636374922,20,0,20_NP_08
21,8.727272727272727,1072.278262559724,0.546451437051577,1671.8861636374922,20,0,20_NP_08
21,8.90909090909091,1109.9267772339138,0.546451437051577,1671.8861636374922,20,0,20_NP_08
21,9.090909090909092,1146.3699252130739,0.546451437051577,1671.8861636374922,20,0,20_NP_08
21,9.272727272727273,1181.493911521764,0.546451437051577,1671.8861636374922,20,0,20_NP_08
21,9.454545454545455,1215.2055224051194,0.546451437051577,1671.8861636374922,20,0,20_NP_08
21,9.636363636363637,1247.4322144109894,0.546451437051577,1671.8861636374922,20,0,20_NP_08
21,9.818181818181817,1278.12165287559,0.546451437051577,1671.8861636374922,20,0,20_NP_08
21,10.0,1307.2407784519655,0.546451437051577,1671.8861636374922,20,0,20_NP_08
21,10.181818181818182,1334.7744920873756,0.546451437051577,1671.8861636374922,20,0,20_NP_08
21,10.363636363636365,1360.7240534916161,0.546451437051577,1671.8861636374922,20,0,20_NP_08
21,10.545454545454545,1385.105286546832,0.546451437051577,1671.8861636374922,20,0,20_NP_08
21,10.727272727272727,1407.9466785519705,0.546451437051577,1671.8861636374922,20,0,20_NP_08
21,10.90909090909091,1429.2874500873884,0.546451437051577,1671.8861636374922,20,0,20_NP_08
21,11.09090909090909,1449.175660024406,0.546451437051577,1671.8861636374922,20,0,20_NP_08
21,11.272727272727273,1467.6663970413038,0.546451437051577,1671.8861636374922,20,0,20_NP_08
21,11.454545454545455,1484.8200959667922,0.546451437051577,1671.8861636374922,20,0,20_NP_08
21,11.636363636363637,1500.7010051209018,0.546451437051577,1671.8861636374922,20,0,20_NP_08
21,11.818181818181818,1515.3758200715044,0.546451437051577,1671.8861636374922,20,0,20_NP_08
21,12.0,1528.9124901529815,0.546451437051577,1671.8861636374922,20,0,20_NP_08
21,12.181818181818182,1541.3791967943023,0.546451437051577,1671.8861636374922,20,0,20_NP_08
21,12.363636363636363,1552.8434971278164,0.546451437051577,1671.8861636374922,20,0,20_NP_08
21,12.545454545454547,1563.3716223513973,0.546451437051577,1671.8861636374922,20,0,20_NP_08
21,12.727272727272727,1573.027917691925,0.546451437051577,1671.8861636374922,20,0,20_NP_08
21,12.909090909090908,1581.8744093387388,0.546451437051577,1671.8861636374922,20,0,20_NP_08
21,13.090909090909092,1589.9704831509691,0.546451437051577,1671.8861636374922,20,0,20_NP_08
21,13.272727272727272,1597.3726600763707,0.546451437051577,1671.8861636374922,20,0,20_NP_08
21,13.454545454545455,1604.1344538592282,0.546451437051577,1671.8861636374922,20,0,20_NP_08
21,13.636363636363637,1610.3062975977573,0.546451437051577,1671.8861636374922,20,0,20_NP_08
21,13.818181818181817,1615.9355269037526,0.546451437051577,1671.8861636374922,20,0,20_NP_08
21,14.0,1621.0664087140676,0.546451437051577,1671.8861636374922,20,0,20_NP_08
21,14.181818181818182,1625.7402061255698,0.546451437051577,1671.8861636374922,20,0,20_NP_08
21,14.363636363636363,1629.9952709151705,0.546451437051577,1671.8861636374922,20,0,20_NP_08
21,14.545454545454545,1633.8671566253481,0.546451437051577,1671.8861636374922,20,0,20_NP_08
21,14.727272727272728,1637.388746218668,0.546451437051577,1671.8861636374922,20,0,20_NP_08
21,14.90909090909091,1640.5903893189131,0.546451437051577,1671.8861636374922,20,0,20_NP_08
21,15.09090909090909,1643.500044956591,0.546451437051577,1671.8861636374922,20,0,20_NP_08
21,15.272727272727273,1646.143426523853,0.546451437051577,1671.8861636374922,20,0,20_NP_08
21,15.454545454545453,1648.5441463233635,0.546451437051577,1671.8861636374922,20,0,20_NP_08
21,15.636363636363637,1650.7238576751172,0.546451437051577,1671.8861636374922,20,0,20_NP_08
21,15.818181818181818,1652.702393033713,0.546451437051577,1671.8861636374922,20,0,20_NP_08
21,16.0,1654.4978969759738,0.546451437051577,1671.8861636374922,20,0,20_NP_08
21,16.181818181818183,1656.1269532547574,0.546451437051577,1671.8861636374922,20,0,20_NP_08
21,16.363636363636363,1657.6047053887623,0.546451437051577,1671.8861636374922,20,0,20_NP_08
21,16.545454545454547,1658.9449704788478,0.546451437051577,1671.8861636374922,20,0,20_NP_08
21,16.727272727272727,1660.160346116835,0.546451437051577,1671.8861636374922,20,0,20_NP_08
21,16.90909090909091,1661.2623103901155,0.546451437051577,1671.8861636374922,20,0,20_NP_08
21,17.09090909090909,1662.2613150909535,0.546451437051577,1671.8861636374922,20,0,20_NP_08
21,17.272727272727273,1663.1668723186508,0.546451437051577,1671.8861636374922,20,0,20_NP_08
21,17.454545454545453,1663.987634720489,0.546451437051577,1671.8861636374922,20,0,20_NP_08
21,17.636363636363637,1664.731469657617,0.546451437051577,1671.8861636374922,20,0,20_NP_08
21,17.81818181818182,1665.4055276082408,0.546451437051577,1671.8861636374922,20,0,20_NP_08
21,18.0,1666.0163051355153,0.546451437051577,1671.8861636374922,20,0,20_NP_08
22,0.0,24.999999999999996,0.49661784547520893,31585.626096263437,26,0,20_NP_08
22,0.22222222222222224,27.9144087630101,0.49661784547520893,31585.626096263437,26,0,20_NP_08
22,0.4444444444444445,31.1682331365217,0.49661784547520893,31585.626096263437,26,0,20_NP_08
22,0.6666666666666667,34.80091911154113,0.49661784547520893,31585.626096263437,26,0,20_NP_08
22,0.888888888888889,38.85647657711527,0.49661784547520893,31585.626096263437,26,0,20_NP_08
22,1.1111111111111112,43.38400232848014,0.49661784547520893,31585.626096263437,26,0,20_NP_08
22,1.3333333333333335,48.43826176681942,0.49661784547520893,31585.626096263437,26,0,20_NP_08
22,1.5555555555555556,54.080335568401885,0.49661784547520893,31585.626096263437,26,0,20_NP_08
22,1.777777777777778,60.37833819474999,0.49661784547520893,31585.626096263437,26,0,20_NP_08
22,2.0,67.40821574531296,0.49661784547520893,31585.626096263437,26,0,20_NP_08
22,2.2222222222222223,75.25463131617445,0.49661784547520893,31585.626096263437,26,0,20_NP_08
22,2.444444444444444,84.01194671665874,0.49661784547520893,31585.626096263437,26,0,20_NP_08
22,2.666666666666667,93.78531010144137,0.49661784547520893,31585.626096263437,26,0,20_NP_08
22,2.8888888888888893,104.6918597863164,0.49661784547520893,31585.626096263437,26,0,20_NP_08
22,3.111111111111111,116.86205521378068,0.49661784547520893,31585.626096263437,26,0,20_NP_08
22,3.3333333333333335,130.44114669675295,0.49661784547520893,31585.626096263437,26,0,20_NP_08
22,3.555555555555556,145.59079616428014,0.49661784547520893,31585.626096263437,26,0,20_NP_08
22,3.7777777777777777,162.49086162196613,0.49661784547520893,31585.626096263437,26,0,20_NP_08
22,4.0,181.3413583706605,0.49661784547520893,31585.626096263437,26,0,20_NP_08
22,4.222222222222222,202.3646101343022,0.49661784547520893,31585.626096263437,26,0,20_NP_08
22,4.444444444444445,225.80760304948106,0.49661784547520893,31585.626096263437,26,0,20_NP_08
22,4.666666666666667,251.94455486268217,0.49661784547520893,31585.626096263437,26,0,20_NP_08
22,4.888888888888888,281.07971053960057,0.49661784547520893,31585.626096263437,26,0,20_NP_08
22,5.111111111111111,313.5503736591401,0.49661784547520893,31585.626096263437,26,0,20_NP_08
22,5.333333333333334,349.7301802544637,0.49661784547520893,31585.626096263437,26,0,20_NP_08
22,5.555555555555556,390.0326179485662,0.49661784547520893,31585.626096263437,26,0,20_NP_08
22,5.777777777777779,434.91478804355546,0.49661784547520893,31585.626096263437,26,0,20_NP_08
22,6.0,484.8814013457562,0.49661784547520893,31585.626096263437,26,0,20_NP_08
22,6.222222222222222,540.488989577939,0.49661784547520893,31585.626096263437,26,0,20_NP_08
22,6.444444444444445,602.3503028302313,0.49661784547520893,31585.626096263437,26,0,20_NP_08
22,6.666666666666667,671.1388491700161,0.49661784547520893,31585.626096263437,26,0,20_NP_08
22,6.888888888888889,747.5935147665239,0.49661784547520893,31585.626096263437,26,0,20_NP_08
22,7.111111111111112,832.5231811626182,0.49661784547520893,31585.626096263437,26,0,20_NP_08
22,7.333333333333333,926.8112301223375,0.49661784547520893,31585.626096263437,26,0,20_NP_08
22,7.555555555555555,1031.4197953197788,0.49661784547520893,31585.626096263437,26,0,20_NP_08
22,7.777777777777778,1147.3935836381343,0.49661784547520893,31585.626096263437,26,0,20_NP_08
22,8.0,1275.863046828665,0.49661784547520893,31585.626096263437,26,0,20_NP_08
22,8.222222222222223,1418.0466368472994,0.49661784547520893,31585.626096263437,26,0,20_NP_08
22,8.444444444444445,1575.2518258921796,0.49661784547520893,31585.626096263437,26,0,20_NP_08
22,8.666666666666666,1748.8745161799288,0.49661784547520893,31585.626096263437,26,0,20_NP_08
22,8.88888888888889,1940.3964068262296,0.49661784547520893,31585.626096263437,26,0,20_NP_08
22,9.11111111111111,2151.3798289155325,0.49661784547520893,31585.626096263437,26,0,20_NP_08
22,9.333333333333334,2383.459509357994,0.49661784547520893,31585.626096263437,26,0,20_NP_08
22,9.555555555555555,2638.3306854004954,0.49661784547520893,31585.626096263437,26,0,20_NP_08
22,9.777777777777777,2917.7329723737193,0.49661784547520893,31585.626096263437,26,0,20_NP_08
22,10.0,3223.4293968825896,0.49661784547520893,31585.626096263437,26,0,20_NP_08
22,10.222222222222221,3557.180057248692,0.49661784547520893,31585.626096263437,26,0,20_NP_08
22,10.444444444444445,3920.7099747700495,0.49661784547520893,31585.626096263437,26,0,20_NP_08
22,10.666666666666668,4315.67086564917,0.49661784547520893,31585.626096263437,26,0,20_NP_08
22,10.88888888888889,4743.596805373753,0.49661784547520893,31585.626096263437,26,0,20_NP_08
22,11.111111111111112,5205.8540827423585,0.49661784547520893,31585.626096263437,26,0,20_NP_08
22,11.333333333333332,5703.585951549933,0.49661784547520893,31585.626096263437,26,0,20_NP_08
22,11.555555555555557,6237.653477255931,0.49661784547520893,31585.626096263437,26,0,20_NP_08
22,11.777777777777779,6808.574224939185,0.49661784547520893,31585.626096263437,26,0,20_NP_08
22,12.0,7416.461110339525,0.49661784547520893,31585.626096263437,26,0,20_NP_08
22,12.222222222222223,8060.9642891497215,0.49661784547520893,31585.626096263437,26,0,20_NP_08
22,12.444444444444445,8741.219427897266,0.49661784547520893,31585.626096263437,26,0,20_NP_08
22,12.666666666666668,9455.806009401356,0.49661784547520893,31585.626096263437,26,0,20_NP_08
22,12.88888888888889,10202.719400925998,0.49661784547520893,31585.626096263437,26,0,20_NP_08
22,13.11111111111111,10979.360186181628,0.49661784547520893,31585.626096263437,26,0,20_NP_08
22,13.333333333333334,11782.54368734744,0.49661784547520893,31585.626096263437,26,0,20_NP_08
22,13.555555555555555,12608.531669561758,0.49661784547520893,31585.626096263437,26,0,20_NP_08
22,13.777777777777779,13453.086963016654,0.49661784547520893,31585.626096263437,26,0,20_NP_08
22,14.0,14311.55024267218,0.49661784547520893,31585.626096263437,26,0,20_NP_08
22,14.222222222222223,15178.936605157824,0.49661784547520893,31585.626096263437,26,0,20_NP_08
22,14.444444444444445,16050.048042144916,0.49661784547520893,31585.626096263437,26,0,20_NP_08
22,14.666666666666666,16919.596605555605,0.49661784547520893,31585.626096263437,26,0,20_NP_08
22,14.88888888888889,17782.332151970728,0.49661784547520893,31585.626096263437,26,0,20_NP_08
22,15.11111111111111,18633.168157459804,0.49661784547520893,31585.626096263437,26,0,20_NP_08
22,15.333333333333334,19467.29926150077,0.49661784547520893,31585.626096263437,26,0,20_NP_08
22,15.555555555555555,20280.304907741523,0.49661784547520893,31585.626096263437,26,0,20_NP_08
22,15.777777777777777,21068.234608496306,0.49661784547520893,31585.626096263437,26,0,20_NP_08
22,16.0,21827.671824342466,0.49661784547520893,31585.626096263437,26,0,20_NP_08
22,16.22222222222222,22555.775047188556,0.49661784547520893,31585.626096263437,26,0,20_NP_08
22,16.444444444444446,23250.296231754026,0.49661784547520893,31585.626096263437,26,0,20_NP_08
22,16.666666666666668,23909.57808833323,0.49661784547520893,31585.626096263437,26,0,20_NP_08
22,16.88888888888889,24532.53282308141,0.49661784547520893,31585.626096263437,26,0,20_NP_08
22,17.11111111111111,25118.605635093383,0.49661784547520893,31585.626096263437,26,0,20_NP_08
22,17.333333333333332,25667.726645211525,0.49661784547520893,31585.626096263437,26,0,20_NP_08
22,17.555555555555557,26180.254972845632,0.49661784547520893,31585.626096263437,26,0,20_NP_08
22,17.77777777777778,26656.918454499933,0.49661784547520893,31585.626096263437,26,0,20_NP_08
22,18.0,27098.75208522906,0.49661784547520893,31585.626096263437,26,0,20_NP_08
22,18.22222222222222,27507.037737432303,0.49661784547520893,31585.626096263437,26,0,20_NP_08
22,18.444444444444443,27883.247138211027,0.49661784547520893,31585.626096263437,26,0,20_NP_08
22,18.666666666666668,28228.989521788782,0.49661784547520893,31585.626096263437,26,0,20_NP_08
22,18.88888888888889,28545.964856700637,0.49661784547520893,31585.626096263437,26,0,20_NP_08
22,19.11111111111111,28835.92310304155,0.49661784547520893,31585.626096263437,26,0,20_NP_08
22,19.333333333333332,29100.6295944722,0.49661784547520893,31585.626096263437,26,0,20_NP_08
22,19.555555555555554,29341.836364233226,0.49661784547520893,31585.626096263437,26,0,20_NP_08
22,19.77777777777778,29561.259038359185,0.49661784547520893,31585.626096263437,26,0,20_NP_08
22,20.0,29760.55879256073,0.49661784547520893,31585.626096263437,26,0,20_NP_08
22,20.22222222222222,29941.328799790186,0.49661784547520893,31585.626096263437,26,0,20_NP_08
22,20.444444444444443,30105.084570922958,0.49661784547520893,31585.626096263437,26,0,20_NP_08
22,20.666666666666668,30253.257599673616,0.49661784547520893,31585.626096263437,26,0,20_NP_08
22,20.88888888888889,30387.191754662836,0.49661784547520893,31585.626096263437,26,0,20_NP_08
22,21.11111111111111,30508.14190804002,0.49661784547520893,31585.626096263437,26,0,20_NP_08
22,21.333333333333336,30617.27434458962,0.49661784547520893,31585.626096263437,26,0,20_NP_08
22,21.555555555555554,30715.66855279365,0.49661784547520893,31585.626096263437,26,0,20_NP_08
22,21.77777777777778,30804.320056296605,0.49661784547520893,31585.626096263437,26,0,20_NP_08
22,22.0,30884.143998209292,0.49661784547520893,31585.626096263437,26,0,20_NP_08
23,0.0,25.0,0.39786824681636174,7155.962234143524,26,0,20_NP_08
23,0.22222222222222224,27.302221977276666,0.39786824681636174,7155.962234143524,26,0,20_NP_08
23,0.4444444444444445,29.81556655592707,0.39786824681636174,7155.962234143524,26,0,20_NP_08
23,0.6666666666666667,32.559223867212644,0.39786824681636174,7155.962234143524,26,0,20_NP_08
23,0.888888888888889,35.55409552675925,0.39786824681636174,7155.962234143524,26,0,20_NP_08
23,1.1111111111111112,38.82294095638544,0.39786824681636174,7155.962234143524,26,0,20_NP_08
23,1.3333333333333335,42.3905349907615,0.39786824681636174,7155.962234143524,26,0,20_NP_08
23,1.5555555555555556,46.28383739601982,0.39786824681636174,7155.962234143524,26,0,20_NP_08
23,1.777777777777778,50.53217491011147,0.39786824681636174,7155.962234143524,26,0,20_NP_08
23,2.0,55.1674363827315,0.39786824681636174,7155.962234143524,26,0,20_NP_08
23,2.2222222222222223,60.22428154257958,0.39786824681636174,7155.962234143524,26,0,20_NP_08
23,2.444444444444444,65.74036384754854,0.39786824681636174,7155.962234143524,26,0,20_NP_08
23,2.666666666666667,71.75656777443659,0.39786824681636174,7155.962234143524,26,0,20_NP_08
23,2.8888888888888893,78.31726077350551,0.39786824681636174,7155.962234143524,26,0,20_NP_08
23,3.111111111111111,85.4705599433797,0.39786824681636174,7155.962234143524,26,0,20_NP_08
23,3.3333333333333335,93.26861326622853,0.39786824681636174,7155.962234143524,26,0,20_NP_08
23,3.555555555555556,101.76789497377005,0.39786824681636174,7155.962234143524,26,0,20_NP_08
23,3.7777777777777777,111.0295142822614,0.39786824681636174,7155.962234143524,26,0,20_NP_08
23,4.0,121.11953632917216,0.39786824681636174,7155.962234143524,26,0,20_NP_08
23,4.222222222222222,132.1093136545805,0.39786824681636174,7155.962234143524,26,0,20_NP_08
23,4.444444444444445,144.07582598451035,0.39786824681636174,7155.962234143524,26,0,20_NP_08
23,4.666666666666667,157.1020253787715,0.39786824681636174,7155.962234143524,26,0,20_NP_08
23,4.888888888888888,171.2771829892777,0.39786824681636174,7155.962234143524,26,0,20_NP_08
23,5.111111111111111,186.6972327232325,0.39786824681636174,7155.962234143524,26,0,20_NP_08
23,5.333333333333334,203.46510600652783,0.39786824681636174,7155.962234143524,26,0,20_NP_08
23,5.555555555555556,221.69105058520708,0.39786824681636174,7155.962234143524,26,0,20_NP_08
23,5.777777777777779,241.49292487846034,0.39786824681636174,7155.962234143524,26,0,20_NP_08
23,6.0,262.9964578008982,0.39786824681636174,7155.962234143524,26,0,20_NP_08
23,6.222222222222222,286.33546220613846,0.39786824681636174,7155.962234143524,26,0,20_NP_08
23,6.444444444444445,311.65198817737456,0.39786824681636174,7155.962234143524,26,0,20_NP_08
23,6.666666666666667,339.0964003236257,0.39786824681636174,7155.962234143524,26,0,20_NP_08
23,6.888888888888889,368.82736106658984,0.39786824681636174,7155.962234143524,26,0,20_NP_08
23,7.111111111111112,401.01169967363774,0.39786824681636174,7155.962234143524,26,0,20_NP_08
23,7.333333333333333,435.82414457988256,0.39786824681636174,7155.962234143524,26,0,20_NP_08
23,7.555555555555555,473.44689444413916,0.39786824681636174,7155.962234143524,26,0,20_NP_08
23,7.777777777777778,514.0690015268821,0.39786824681636174,7155.962234143524,26,0,20_NP_08
23,8.0,557.885539522667,0.39786824681636174,7155.962234143524,26,0,20_NP_08
23,8.222222222222223,605.0965271196247,0.39786824681636174,7155.962234143524,26,0,20_NP_08
23,8.444444444444445,655.9055785250633,0.39786824681636174,7155.962234143524,26,0,20_NP_08
23,8.666666666666666,710.518253253028,0.39786824681636174,7155.962234143524,26,0,20_NP_08
23,8.88888888888889,769.1400799088575,0.39786824681636174,7155.962234143524,26,0,20_NP_08
23,9.11111111111111,831.9742328364298,0.39786824681636174,7155.962234143524,26,0,20_NP_08
23,9.333333333333334,899.2188466252609,0.39786824681636174,7155.962234143524,26,0,20_NP_08
23,9.555555555555555,971.0639618927163,0.39786824681636174,7155.962234143524,26,0,20_NP_08
23,9.777777777777777,1047.688106691881,0.39786824681636174,7155.962234143524,26,0,20_NP_08
23,10.0,1129.2545314844156,0.39786824681636174,7155.962234143524,26,0,20_NP_08
23,10.222222222222221,1215.907131856376,0.39786824681636174,7155.962234143524,26,0,20_NP_08
23,10.444444444444445,1307.766111850668,0.39786824681636174,7155.962234143524,26,0,20_NP_08
23,10.666666666666668,1404.9234615113899,0.39786824681636174,7155.962234143524,26,0,20_NP_08
23,10.88888888888889,1507.4383442713397,0.39786824681636174,7155.962234143524,26,0,20_NP_08
23,11.111111111111112,1615.3325121446712,0.39786824681636174,7155.962234143524,26,0,20_NP_08
23,11.333333333333332,1728.5858879804405,0.39786824681636174,7155.962234143524,26,0,20_NP_08
23,11.555555555555557,1847.1324726755229,0.39786824681636174,7155.962234143524,26,0,20_NP_08
23,11.777777777777779,1970.856749411497,0.39786824681636174,7155.962234143524,26,0,20_NP_08
23,12.0,2099.590764750433,0.39786824681636174,7155.962234143524,26,0,20_NP_08
23,12.222222222222223,2233.1120659493945,0.39786824681636174,7155.962234143524,26,0,20_NP_08
23,12.444444444444445,2371.1426635553426,0.39786824681636174,7155.962234143524,26,0,20_NP_08
23,12.666666666666668,2513.3491671380375,0.39786824681636174,7155.962234143524,26,0,20_NP_08
23,12.88888888888889,2659.344209539793,0.39786824681636174,7155.962234143524,26,0,20_NP_08
23,13.11111111111111,2808.689231797431,0.39786824681636174,7155.962234143524,26,0,20_NP_08
23,13.333333333333334,2960.898648463115,0.39786824681636174,7155.962234143524,26,0,20_NP_08
23,13.555555555555555,3115.4453539793167,0.39786824681636174,7155.962234143524,26,0,20_NP_08
23,13.777777777777779,3271.767468518503,0.39786824681636174,7155.962234143524,26,0,20_NP_08
23,14.0,3429.2761604159305,0.39786824681636174,7155.962234143524,26,0,20_NP_08
23,14.222222222222223,3587.3643264479533,0.39786824681636174,7155.962234143524,26,0,20_NP_08
23,14.444444444444445,3745.415865054736,0.39786824681636174,7155.962234143524,26,0,20_NP_08
23,14.666666666666666,3902.8152449062136,0.39786824681636174,7155.962234143524,26,0,20_NP_08
23,14.88888888888889,4058.9570546871446,0.39786824681636174,7155.962234143524,26,0,20_NP_08
23,15.11111111111111,4213.255221032552,0.39786824681636174,7155.962234143524,26,0,20_NP_08
23,15.333333333333334,4365.15160008807,0.39786824681636174,7155.962234143524,26,0,20_NP_08
23,15.555555555555555,4514.123682631669,0.39786824681636174,7155.962234143524,26,0,20_NP_08
23,15.777777777777777,4659.69120021067,0.39786824681636174,7155.962234143524,26,0,20_NP_08
23,16.0,4801.421476497851,0.39786824681636174,7155.962234143524,26,0,20_NP_08
23,16.22222222222222,4938.933429696961,0.39786824681636174,7155.962234143524,26,0,20_NP_08
23,16.444444444444446,5071.900193902164,0.39786824681636174,7155.962234143524,26,0,20_NP_08
23,16.666666666666668,5200.050385764802,0.39786824681636174,7155.962234143524,26,0,20_NP_08
23,16.88888888888889,5323.168094271837,0.39786824681636174,7155.962234143524,26,0,20_NP_08
23,17.11111111111111,5441.091713449436,0.39786824681636174,7155.962234143524,26,0,20_NP_08
23,17.333333333333332,5553.711768954877,0.39786824681636174,7155.962234143524,26,0,20_NP_08
23,17.555555555555557,5660.9679093951745,0.39786824681636174,7155.962234143524,26,0,20_NP_08
23,17.77777777777778,5762.845242275067,0.39786824681636174,7155.962234143524,26,0,20_NP_08
23,18.0,5859.370193884072,0.39786824681636174,7155.962234143524,26,0,20_NP_08
23,18.22222222222222,5950.606063803413,0.39786824681636174,7155.962234143524,26,0,20_NP_08
23,18.444444444444443,6036.648429916472,0.39786824681636174,7155.962234143524,26,0,20_NP_08
23,18.666666666666668,6117.620540756974,0.39786824681636174,7155.962234143524,26,0,20_NP_08
23,18.88888888888889,6193.668810532939,0.39786824681636174,7155.962234143524,26,0,20_NP_08
23,19.11111111111111,6264.958509805055,0.39786824681636174,7155.962234143524,26,0,20_NP_08
23,19.333333333333332,6331.669722870861,0.39786824681636174,7155.962234143524,26,0,20_NP_08
23,19.555555555555554,6393.99362239351,0.39786824681636174,7155.962234143524,26,0,20_NP_08
23,19.77777777777778,6452.1290933922655,0.39786824681636174,7155.962234143524,26,0,20_NP_08
23,20.0,6506.27972278163,0.39786824681636174,7155.962234143524,26,0,20_NP_08
23,20.22222222222222,6556.651157375107,0.39786824681636174,7155.962234143524,26,0,20_NP_08
23,20.444444444444443,6603.4488226422445,0.39786824681636174,7155.962234143524,26,0,20_NP_08
23,20.666666666666668,6646.87598637434,0.39786824681636174,7155.962234143524,26,0,20_NP_08
23,20.88888888888889,6687.13214553571,0.39786824681636174,7155.962234143524,26,0,20_NP_08
23,21.11111111111111,6724.411710663842,0.39786824681636174,7155.962234143524,26,0,20_NP_08
23,21.333333333333336,6758.90295992253,0.39786824681636174,7155.962234143524,26,0,20_NP_08
23,21.555555555555554,6790.787233999412,0.39786824681636174,7155.962234143524,26,0,20_NP_08
23,21.77777777777778,6820.238343184184,0.39786824681636174,7155.962234143524,26,0,20_NP_08
23,22.0,6847.422158905602,0.39786824681636174,7155.962234143524,26,0,20_NP_08
24,0.0,25.0,0.3568797957574984,18354.295268495403,26,0,20_NP_08
24,0.24242424242424243,27.255873976140936,0.3568797957574984,18354.295268495403,26,0,20_NP_08
24,0.48484848484848486,29.71497664406903,0.3568797957574984,18354.295268495403,26,0,20_NP_08
24,0.7272727272727273,32.39555438583324,0.3568797957574984,18354.295268495403,26,0,20_NP_08
24,0.9696969696969697,35.317480061489576,0.3568797957574984,18354.295268495403,26,0,20_NP_08
24,1.2121212121212122,38.50239578150367,0.3568797957574984,18354.295268495403,26,0,20_NP_08
24,1.4545454545454546,41.973867793703654,0.3568797957574984,18354.295268495403,26,0,20_NP_08
24,1.6969696969696968,45.75755443307024,0.3568797957574984,18354.295268495403,26,0,20_NP_08
24,1.9393939393939394,49.881388141349156,0.3568797957574984,18354.295268495403,26,0,20_NP_08
24,2.1818181818181817,54.375772622570366,0.3568797957574984,18354.295268495403,26,0,20_NP_08
24,2.4242424242424243,59.273796259227886,0.3568797957574984,18354.295268495403,26,0,20_NP_08
24,2.6666666666666665,64.61146297105768,0.3568797957574984,18354.295268495403,26,0,20_NP_08
24,2.909090909090909,70.42794175272849,0.3568797957574984,18354.295268495403,26,0,20_NP_08
24,3.151515151515152,76.76583617669374,0.3568797957574984,18354.295268495403,26,0,20_NP_08
24,3.3939393939393936,83.67147519093128,0.3568797957574984,18354.295268495403,26,0,20_NP_08
24,3.6363636363636367,91.19522657586937,0.3568797957574984,18354.295268495403,26,0,20_NP_08
24,3.878787878787879,99.39183444749251,0.3568797957574984,18354.295268495403,26,0,20_NP_08
24,4.121212121212121,108.32078220086764,0.3568797957574984,18354.295268495403,26,0,20_NP_08
24,4.363636363636363,118.04668227585952,0.3568797957574984,18354.295268495403,26,0,20_NP_08
24,4.6060606060606055,128.63969408952786,0.3568797957574984,18354.295268495403,26,0,20_NP_08
24,4.848484848484849,140.17597141161335,0.3568797957574984,18354.295268495403,26,0,20_NP_08
24,5.090909090909091,152.73814035355275,0.3568797957574984,18354.295268495403,26,0,20_NP_08
24,5.333333333333333,166.4158089893458,0.3568797957574984,18354.295268495403,26,0,20_NP_08
24,5.575757575757576,181.30610941871234,0.3568797957574984,18354.295268495403,26,0,20_NP_08
24,5.818181818181818,197.51427280821076,0.3568797957574984,18354.295268495403,26,0,20_NP_08
24,6.0606060606060606,215.1542375915711,0.3568797957574984,18354.295268495403,26,0,20_NP_08
24,6.303030303030304,234.34929056186976,0.3568797957574984,18354.295268495403,26,0,20_NP_08
24,6.545454545454545,255.23274002886953,0.3568797957574984,18354.295268495403,26,0,20_NP_08
24,6.787878787878787,277.94861952639735,0.3568797957574984,18354.295268495403,26,0,20_NP_08
24,7.03030303030303,302.6524197165294,0.3568797957574984,18354.295268495403,26,0,20_NP_08
24,7.272727272727273,329.5118451271205,0.3568797957574984,18354.295268495403,26,0,20_NP_08
24,7.515151515151516,358.7075911525078,0.3568797957574984,18354.295268495403,26,0,20_NP_08
24,7.757575757575758,390.43413531822085,0.3568797957574984,18354.295268495403,26,0,20_NP_08
24,8.0,424.90053513234557,0.3568797957574984,18354.295268495403,26,0,20_NP_08
24,8.242424242424242,462.3312228916913,0.3568797957574984,18354.295268495403,26,0,20_NP_08
24,8.484848484848484,502.9667855537912,0.3568797957574984,18354.295268495403,26,0,20_NP_08
24,8.727272727272727,547.0647152020315,0.3568797957574984,18354.295268495403,26,0,20_NP_08
24,8.96969696969697,594.900112701139,0.3568797957574984,18354.295268495403,26,0,20_NP_08
24,9.212121212121211,646.7663238510742,0.3568797957574984,18354.295268495403,26,0,20_NP_08
24,9.454545454545453,702.9754836963716,0.3568797957574984,18354.295268495403,26,0,20_NP_08
24,9.696969696969697,763.8589406466385,0.3568797957574984,18354.295268495403,26,0,20_NP_08
24,9.93939393939394,829.7675277428528,0.3568797957574984,18354.295268495403,26,0,20_NP_08
24,10.181818181818182,901.0716438186527,0.3568797957574984,18354.295268495403,26,0,20_NP_08
24,10.424242424242426,978.1611025428582,0.3568797957574984,18354.295268495403,26,0,20_NP_08
24,10.666666666666666,1061.4447025147301,0.3568797957574984,18354.295268495403,26,0,20_NP_08
24,10.909090909090908,1151.3494668894155,0.3568797957574984,18354.295268495403,26,0,20_NP_08
24,11.151515151515152,1248.3194966648755,0.3568797957574984,18354.295268495403,26,0,20_NP_08
24,11.393939393939394,1352.814378052921,0.3568797957574984,18354.295268495403,26,0,20_NP_08
24,11.636363636363637,1465.3070816437241,0.3568797957574984,18354.295268495403,26,0,20_NP_08
24,11.878787878787879,1586.2812897853034,0.3568797957574984,18354.295268495403,26,0,20_NP_08
24,12.121212121212121,1716.2280892384772,0.3568797957574984,18354.295268495403,26,0,20_NP_08
24,12.363636363636363,1855.6419693001842,0.3568797957574984,18354.295268495403,26,0,20_NP_08
24,12.606060606060607,2005.0160718310283,0.3568797957574984,18354.295268495403,26,0,20_NP_08
24,12.848484848484848,2164.836649619531,0.3568797957574984,18354.295268495403,26,0,20_NP_08
24,13.09090909090909,2335.576703897918,0.3568797957574984,18354.295268495403,26,0,20_NP_08
24,13.333333333333334,2517.6887911616946,0.3568797957574984,18354.295268495403,26,0,20_NP_08
24,13.575757575757574,2711.59701417889,0.3568797957574984,18354.295268495403,26,0,20_NP_08
24,13.81818181818182,2917.688242436271,0.3568797957574984,18354.295268495403,26,0,20_NP_08
24,14.06060606060606,3136.3026431891813,0.3568797957574984,18354.295268495403,26,0,20_NP_08
24,14.303030303030301,3367.723645289394,0.3568797957574984,18354.295268495403,26,0,20_NP_08
24,14.545454545454547,3612.1675030959796,0.3568797957574984,18354.295268495403,26,0,20_NP_08
24,14.787878787878787,3869.7726754858386,0.3568797957574984,18354.295268495403,26,0,20_NP_08
24,15.030303030303031,4140.589283104504,0.3568797957574984,18354.295268495403,26,0,20_NP_08
24,15.272727272727273,4424.568952735594,0.3568797957574984,18354.295268495403,26,0,20_NP_08
24,15.515151515151516,4721.555397656023,0.3568797957574984,18354.295268495403,26,0,20_NP_08
24,15.757575757575758,5031.276113298761,0.3568797957574984,18354.295268495403,26,0,20_NP_08
24,16.0,5353.3355844982125,0.3568797957574984,18354.295268495403,26,0,20_NP_08
24,16.242424242424242,5687.210400215523,0.3568797957574984,18354.295268495403,26,0,20_NP_08
24,16.484848484848484,6032.246650644022,0.3568797957574984,18354.295268495403,26,0,20_NP_08
24,16.727272727272727,6387.6599376700915,0.3568797957574984,18354.295268495403,26,0,20_NP_08
24,16.96969696969697,6752.538261921219,0.3568797957574984,18354.295268495403,26,0,20_NP_08
24,17.21212121212121,7125.847958971417,0.3568797957574984,18354.295268495403,26,0,20_NP_08
24,17.454545454545453,7506.442746623155,0.3568797957574984,18354.295268495403,26,0,20_NP_08
24,17.696969696969695,7893.075819554465,0.3568797957574984,18354.295268495403,26,0,20_NP_08
24,17.93939393939394,8284.414793908623,0.3568797957574984,18354.295268495403,26,0,20_NP_08
24,18.18181818181818,8679.059170961524,0.3568797957574984,18354.295268495403,26,0,20_NP_08
24,18.424242424242422,9075.559864957715,0.3568797957574984,18354.295268495403,26,0,20_NP_08
24,18.666666666666668,9472.44023462896,0.3568797957574984,18354.295268495403,26,0,20_NP_08
24,18.909090909090907,9868.217978899049,0.3568797957574984,18354.295268495403,26,0,20_NP_08
24,19.151515151515152,10261.4272111011,0.3568797957574984,18354.295268495403,26,0,20_NP_08
24,19.393939393939394,10650.64001642634,0.3568797957574984,18354.295268495403,26,0,20_NP_08
24,19.636363636363637,11034.486825070979,0.3568797957574984,18354.295268495403,26,0,20_NP_08
24,19.87878787878788,11411.674996390579,0.3568797957574984,18354.295268495403,26,0,20_NP_08
24,20.12121212121212,11781.00510226659,0.3568797957574984,18354.295268495403,26,0,20_NP_08
24,20.363636363636363,12141.384513575216,0.3568797957574984,18354.295268495403,26,0,20_NP_08
24,20.606060606060606,12491.838023438939,0.3568797957574984,18354.295268495403,26,0,20_NP_08
24,20.84848484848485,12831.515375624753,0.3568797957574984,18354.295268495403,26,0,20_NP_08
24,21.09090909090909,13159.695697186033,0.3568797957574984,18354.295268495403,26,0,20_NP_08
24,21.333333333333332,13475.788953514892,0.3568797957574984,18354.295268495403,26,0,20_NP_08
24,21.575757575757578,13779.33464536272,0.3568797957574984,18354.295268495403,26,0,20_NP_08
24,21.818181818181817,14069.998047096606,0.3568797957574984,18354.295268495403,26,0,20_NP_08
24,22.060606060606062,14347.564341568857,0.3568797957574984,18354.295268495403,26,0,20_NP_08
24,22.303030303030305,14611.931039499877,0.3568797957574984,18354.295268495403,26,0,20_NP_08
24,22.545454545454547,14863.09908184614,0.3568797957574984,18354.295268495403,26,0,20_NP_08
24,22.78787878787879,15101.163015087295,0.3568797957574984,18354.295268495403,26,0,20_NP_08
24,23.03030303030303,15326.30060532693,0.3568797957574984,18354.295268495403,26,0,20_NP_08
24,23.272727272727273,15538.762221500952,0.3568797957574984,18354.295268495403,26,0,20_NP_08
24,23.515151515151516,15738.860274741524,0.3568797957574984,18354.295268495403,26,0,20_NP_08
24,23.757575757575758,15926.958953654032,0.3568797957574984,18354.295268495403,26,0,20_NP_08
24,24.0,16103.464447030745,0.3568797957574984,18354.295268495403,26,0,20_NP_08
25,0.0,25.0,0.9951980286473114,1485.9511084929277,20,1,20_COP_02
25,0.18181818181818182,29.85909246911192,0.9951980286473114,1485.9511084929277,20,1,20_COP_02
25,0.36363636363636365,35.63957693472941,0.9951980286473114,1485.9511084929277,20,1,20_COP_02
25,0.5454545454545454,42.50644988734819,0.9951980286473114,1485.9511084929277,20,1,20_COP_02
25,0.7272727272727273,50.65019421465628,0.9951980286473114,1485.9511084929277,20,1,20_COP_02
25,0.9090909090909091,60.289018228883464,0.9951980286473114,1485.9511084929277,20,1,20_COP_02
25,1.0909090909090908,71.6705344683498,0.9951980286473114,1485.9511084929277,20,1,20_COP_02
25,1.2727272727272727,85.07246896574682,0.9951980286473114,1485.9511084929277,20,1,20_COP_02
25,1.4545454545454546,100.80186118809577,0.9951980286473114,1485.9511084929277,20,1,20_COP_02
25,1.6363636363636365,119.19207750517387,0.9951980286473114,1485.9511084929277,20,1,20_COP_02
25,1.8181818181818181,140.59683863184446,0.9951980286473114,1485.9511084929277,20,1,20_COP_02
25,2.0,165.38039081153187,0.9951980286473114,1485.9511084929277,20,1,20_COP_02
25,2.1818181818181817,193.90298597343136,0.9951980286473114,1485.9511084929277,20,1,20_COP_02
25,2.3636363636363638,226.5010480996746,0.9951980286473114,1485.9511084929277,20,1,20_COP_02
25,2.5454545454545454,263.46186795199435,0.9951980286473114,1485.9511084929277,20,1,20_COP_02
25,2.7272727272727275,304.9934456838152,0.9951980286473114,1485.9511084929277,20,1,20_COP_02
25,2.909090909090909,351.1911958820401,0.9951980286473114,1485.9511084929277,20,1,20_COP_02
25,3.090909090909091,402.00454578576836,0.9951980286473114,1485.9511084929277,20,1,20_COP_02
25,3.272727272727273,457.20775680417347,0.9951980286473114,1485.9511084929277,20,1,20_COP_02
25,3.454545454545454,516.3801999013298,0.9951980286473114,1485.9511084929277,20,1,20_COP_02
25,3.6363636363636362,578.9013593589085,0.9951980286473114,1485.9511084929277,20,1,20_COP_02
25,3.8181818181818183,643.9646481140238,0.9951980286473114,1485.9511084929277,20,1,20_COP_02
25,4.0,710.6115977359215,0.9951980286473114,1485.9511084929277,20,1,20_COP_02
25,4.181818181818182,777.7844940751492,0.9951980286473114,1485.9511084929277,20,1,20_COP_02
25,4.363636363636363,844.3918775218225,0.9951980286473114,1485.9511084929277,20,1,20_COP_02
25,4.545454545454546,909.3785567188945,0.9951980286473114,1485.9511084929277,20,1,20_COP_02
25,4.7272727272727275,971.7907741920875,0.9951980286473114,1485.9511084929277,20,1,20_COP_02
25,4.909090909090908,1030.8282468854186,0.9951980286473114,1485.9511084929277,20,1,20_COP_02
25,5.090909090909091,1085.8776245237675,0.9951980286473114,1485.9511084929277,20,1,20_COP_02
25,5.2727272727272725,1136.5255729442317,0.9951980286473114,1485.9511084929277,20,1,20_COP_02
25,5.454545454545455,1182.5531580274433,0.9951980286473114,1485.9511084929277,20,1,20_COP_02
25,5.636363636363637,1223.9156808207888,0.9951980286473114,1485.9511084929277,20,1,20_COP_02
25,5.818181818181818,1260.7132567483552,0.9951980286473114,1485.9511084929277,20,1,20_COP_02
25,6.0,1293.1573489197087,0.9951980286473114,1485.9511084929277,20,1,20_COP_02
25,6.181818181818182,1321.5375426270452,0.9951980286473114,1485.9511084929277,20,1,20_COP_02
25,6.363636363636363,1346.1915421959295,0.9951980286473114,1485.9511084929277,20,1,20_COP_02
25,6.545454545454546,1367.4800599672756,0.9951980286473114,1485.9511084929277,20,1,20_COP_02
25,6.7272727272727275,1385.7671828129044,0.9951980286473114,1485.9511084929277,20,1,20_COP_02
25,6.909090909090908,1401.4060361556278,0.9951980286473114,1485.9511084929277,20,1,20_COP_02
25,7.090909090909091,1414.7291110117612,0.9951980286473114,1485.9511084929277,20,1,20_COP_02
25,7.2727272727272725,1426.0424153596327,0.9951980286473114,1485.9511084929277,20,1,20_COP_02
25,7.454545454545455,1435.6225806970454,0.9951980286473114,1485.9511084929277,20,1,20_COP_02
25,7.636363636363637,1443.7161280604648,0.9951980286473114,1485.9511084929277,20,1,20_COP_02
25,7.818181818181818,1450.540221278833,0.9951980286473114,1485.9511084929277,20,1,20_COP_02
25,8.0,1456.284372636689,0.9951980286473114,1485.9511084929277,20,1,20_COP_02
25,8.181818181818182,1461.1126961006983,0.9951980286473114,1485.9511084929277,20,1,20_COP_02
25,8.363636363636363,1465.1664153420847,0.9951980286473114,1485.9511084929277,20,1,20_COP_02
25,8.545454545454545,1468.5664245242979,0.9951980286473114,1485.9511084929277,20,1,20_COP_02
25,8.727272727272727,1471.4157698342156,0.9951980286473114,1485.9511084929277,20,1,20_COP_02
25,8.90909090909091,1473.801971616906,0.9951980286473114,1485.9511084929277,20,1,20_COP_02
25,9.090909090909092,1475.7991440225508,0.9951980286473114,1485.9511084929277,20,1,20_COP_02
25,9.272727272727273,1477.4698945513867,0.9951980286473114,1485.9511084929277,20,1,20_COP_02
25,9.454545454545455,1478.867002666288,0.9951980286473114,1485.9511084929277,20,1,20_COP_02
25,9.636363636363637,1480.0348871021847,0.9951980286473114,1485.9511084929277,20,1,20_COP_02
25,9.818181818181817,1481.0108774966218,0.9951980286473114,1485.9511084929277,20,1,20_COP_02
25,10.0,1481.8263089046147,0.9951980286473114,1485.9511084929277,20,1,20_COP_02
25,10.181818181818182,1482.507458679082,0.9951980286473114,1485.9511084929277,20,1,20_COP_02
25,10.363636363636365,1483.0763448376433,0.9951980286473114,1485.9511084929277,20,1,20_COP_02
25,10.545454545454545,1483.5514039164416,0.9951980286473114,1485.9511084929277,20,1,20_COP_02
25,10.727272727272727,1483.948064785745,0.9951980286473114,1485.9511084929277,20,1,20_COP_02
25,10.90909090909091,1484.279233204847,0.9951980286473114,1485.9511084929277,20,1,20_COP_02
25,11.09090909090909,1484.5557001750963,0.9951980286473114,1485.9511084929277,20,1,20_COP_02
25,11.272727272727273,1484.786485500837,0.9951980286473114,1485.9511084929277,20,1,20_COP_02
25,11.454545454545455,1484.9791264398814,0.9951980286473114,1485.9511084929277,20,1,20_COP_02
25,11.636363636363637,1485.1399199425257,0.9951980286473114,1485.9511084929277,20,1,20_COP_02
25,11.818181818181818,1485.2741257487646,0.9951980286473114,1485.9511084929277,20,1,20_COP_02
25,12.0,1485.3861365343028,0.9951980286473114,1485.9511084929277,20,1,20_COP_02
25,12.181818181818182,1485.4796203582189,0.9951980286473114,1485.9511084929277,20,1,20_COP_02
25,12.363636363636363,1485.5576398564472,0.9951980286473114,1485.9511084929277,20,1,20_COP_02
25,12.545454545454547,1485.6227519320896,0.9951980286473114,1485.9511084929277,20,1,20_COP_02
25,12.727272727272727,1485.6770911023655,0.9951980286473114,1485.9511084929277,20,1,20_COP_02
25,12.909090909090908,1485.7224391596644,0.9951980286473114,1485.9511084929277,20,1,20_COP_02
25,13.090909090909092,1485.760283378758,0.9951980286473114,1485.9511084929277,20,1,20_COP_02
25,13.272727272727272,1485.7918651428326,0.9951980286473114,1485.9511084929277,20,1,20_COP_02
25,13.454545454545455,1485.818220558074,0.9951980286473114,1485.9511084929277,20,1,20_COP_02
25,13.636363636363637,1485.840214371596,0.9951980286473114,1485.9511084929277,20,1,20_COP_02
25,13.818181818181817,1485.8585682933092,0.9951980286473114,1485.9511084929277,20,1,20_COP_02
25,14.0,1485.873884642515,0.9951980286473114,1485.9511084929277,20,1,20_COP_02
25,14.181818181818182,1485.886666089271,0.9951980286473114,1485.9511084929277,20,1,20_COP_02
25,14.363636363636363,1485.8973321342721,0.9951980286473114,1485.9511084929277,20,1,20_COP_02
25,14.545454545454545,1485.90623286523,0.9951980286473114,1485.9511084929277,20,1,20_COP_02
25,14.727272727272728,1485.913660439266,0.9951980286473114,1485.9511084929277,20,1,20_COP_02
25,14.90909090909091,1485.9198586668033,0.9951980286473114,1485.9511084929277,20,1,20_COP_02
25,15.09090909090909,1485.9250310105724,0.9951980286473114,1485.9511084929277,20,1,20_COP_02
25,15.272727272727273,1485.9293472616341,0.9951980286473114,1485.9511084929277,20,1,20_COP_02
25,15.454545454545453,1485.9329491110793,0.9951980286473114,1485.9511084929277,20,1,20_COP_02
25,15.636363636363637,1485.9359547999968,0.9951980286473114,1485.9511084929277,20,1,20_COP_02
25,15.818181818181818,1485.93846300012,0.9951980286473114,1485.9511084929277,20,1,20_COP_02
25,16.0,1485.9405560523837,0.9951980286473114,1485.9511084929277,20,1,20_COP_02
25,16.181818181818183,1485.9423026696068,0.9951980286473114,1485.9511084929277,20,1,20_COP_02
25,16.363636363636363,1485.9437601919394,0.9951980286473114,1485.9511084929277,20,1,20_COP_02
25,16.545454545454547,1485.944976469075,0.9951980286473114,1485.9511084929277,20,1,20_COP_02
25,16.727272727272727,1485.9459914309712,0.9951980286473114,1485.9511084929277,20,1,20_COP_02
25,16.90909090909091,1485.9468383986264,0.9951980286473114,1485.9511084929277,20,1,20_COP_02
25,17.09090909090909,1485.9475451779283,0.9951980286473114,1485.9511084929277,20,1,20_COP_02
25,17.272727272727273,1485.9481349724647,0.9951980286473114,1485.9511084929277,20,1,20_COP_02
25,17.454545454545453,1485.9486271452597,0.9951980286473114,1485.9511084929277,20,1,20_COP_02
25,17.636363636363637,1485.949037854441,0.9951980286473114,1485.9511084929277,20,1,20_COP_02
25,17.81818181818182,1485.9493805836946,0.9951980286473114,1485.9511084929277,20,1,20_COP_02
25,18.0,1485.9496665849254,0.9951980286473114,1485.9511084929277,20,1,20_COP_02
26,0.0,25.000000000000004,0.3175196487844321,4026.9072833628325,20,1,20_COP_02
26,0.24242424242424243,26.986956575438395,0.3175196487844321,4026.9072833628325,20,1,20_COP_02
26,0.48484848484848486,29.13068347795935,0.3175196487844321,4026.9072833628325,20,1,20_COP_02
26,0.7272727272727273,31.443360121023066,0.3175196487844321,4026.9072833628325,20,1,20_COP_02
26,0.9696969696969697,33.938080854877256,0.3175196487844321,4026.9072833628325,20,1,20_COP_02
26,1.2121212121212122,36.628918530130626,0.3175196487844321,4026.9072833628325,20,1,20_COP_02
26,1.4545454545454546,39.53099161172128,0.3175196487844321,4026.9072833628325,20,1,20_COP_02
26,1.6969696969696968,42.66053488933221,0.3175196487844321,4026.9072833628325,20,1,20_COP_02
26,1.9393939393939394,46.03497379874762,0.3175196487844321,4026.9072833628325,20,1,20_COP_02
26,2.1818181818181817,49.67300232976564,0.3175196487844321,4026.9072833628325,20,1,20_COP_02
26,2.4242424242424243,53.594664448957985,0.3175196487844321,4026.9072833628325,20,1,20_COP_02
26,2.6666666666666665,57.8214389085459,0.3175196487844321,4026.9072833628325,20,1,20_COP_02
26,2.909090909090909,62.37632724457115,0.3175196487844321,4026.9072833628325,20,1,20_COP_02
26,3.151515151515152,67.28394468688671,0.3175196487844321,4026.9072833628325,20,1,20_COP_02
26,3.3939393939393936,72.57061360866145,0.3175196487844321,4026.9072833628325,20,1,20_COP_02
26,3.6363636363636367,78.26445903237348,0.3175196487844321,4026.9072833628325,20,1,20_COP_02
26,3.878787878787879,84.39550558085912,0.3175196487844321,4026.9072833628325,20,1,20_COP_02
26,4.121212121212121,90.99577511404236,0.3175196487844321,4026.9072833628325,20,1,20_COP_02
26,4.363636363636363,98.09938412263796,0.3175196487844321,4026.9072833628325,20,1,20_COP_02
26,4.6060606060606055,105.74263975760324,0.3175196487844321,4026.9072833628325,20,1,20_COP_02
26,4.848484848484849,113.96413315674508,0.3175196487844321,4026.9072833628325,20,1,20_COP_02
26,5.090909090909091,122.8048284862517,0.3175196487844321,4026.9072833628325,20,1,20_COP_02
26,5.333333333333333,132.3081458439647,0.3175196487844321,4026.9072833628325,20,1,20_COP_02
26,5.575757575757576,142.5200358724275,0.3175196487844321,4026.9072833628325,20,1,20_COP_02
26,5.818181818181818,153.4890436033727,0.3175196487844321,4026.9072833628325,20,1,20_COP_02
26,6.0606060606060606,165.2663587025498,0.3175196487844321,4026.9072833628325,20,1,20_COP_02
26,6.303030303030304,177.90584890711733,0.3175196487844321,4026.9072833628325,20,1,20_COP_02
26,6.545454545454545,191.46407305127966,0.3175196487844321,4026.9072833628325,20,1,20_COP_02
26,6.787878787878787,206.0002696654469,0.3175196487844321,4026.9072833628325,20,1,20_COP_02
26,7.03030303030303,221.57631671829336,0.3175196487844321,4026.9072833628325,20,1,20_COP_02
26,7.272727272727273,238.25665766081676,0.3175196487844321,4026.9072833628325,20,1,20_COP_02
26,7.515151515151516,256.10818854122454,0.3175196487844321,4026.9072833628325,20,1,20_COP_02
26,7.757575757575758,275.2001006071729,0.3175196487844321,4026.9072833628325,20,1,20_COP_02
26,8.0,295.60367251958183,0.3175196487844321,4026.9072833628325,20,1,20_COP_02
26,8.242424242424242,317.39200609622515,0.3175196487844321,4026.9072833628325,20,1,20_COP_02
26,8.484848484848484,340.63969941427695,0.3175196487844321,4026.9072833628325,20,1,20_COP_02
26,8.727272727272727,365.4224511640155,0.3175196487844321,4026.9072833628325,20,1,20_COP_02
26,8.96969696969697,391.81659039989256,0.3175196487844321,4026.9072833628325,20,1,20_COP_02
26,9.212121212121211,419.8985263222801,0.3175196487844321,4026.9072833628325,20,1,20_COP_02
26,9.454545454545453,449.7441134872942,0.3175196487844321,4026.9072833628325,20,1,20_COP_02
26,9.696969696969697,481.42792892708536,0.3175196487844321,4026.9072833628325,20,1,20_COP_02
26,9.93939393939394,515.0224591101424,0.3175196487844321,4026.9072833628325,20,1,20_COP_02
26,10.181818181818182,550.5971965159523,0.3175196487844321,4026.9072833628325,20,1,20_COP_02
26,10.424242424242426,588.2176478663743,0.3175196487844321,4026.9072833628325,20,1,20_COP_02
26,10.666666666666666,627.9442587584838,0.3175196487844321,4026.9072833628325,20,1,20_COP_02
26,10.909090909090908,669.831262571859,0.3175196487844321,4026.9072833628325,20,1,20_COP_02
26,11.151515151515152,713.9254650438512,0.3175196487844321,4026.9072833628325,20,1,20_COP_02
26,11.393939393939394,760.2649797555116,0.3175196487844321,4026.9072833628325,20,1,20_COP_02
26,11.636363636363637,808.8779338501024,0.3175196487844321,4026.9072833628325,20,1,20_COP_02
26,11.878787878787879,859.7811674791418,0.3175196487844321,4026.9072833628325,20,1,20_COP_02
26,12.121212121212121,912.9789545625631,0.3175196487844321,4026.9072833628325,20,1,20_COP_02
26,12.363636363636363,968.4617762475974,0.3175196487844321,4026.9072833628325,20,1,20_COP_02
26,12.606060606060607,1026.2051817118813,0.3175196487844321,4026.9072833628325,20,1,20_COP_02
26,12.848484848484848,1086.1687734147445,0.3175196487844321,4026.9072833628325,20,1,20_COP_02
26,13.09090909090909,1148.2953552839895,0.3175196487844321,4026.9072833628325,20,1,20_COP_02
26,13.333333333333334,1212.510282371915,0.3175196487844321,4026.9072833628325,20,1,20_COP_02
26,13.575757575757574,1278.7210489951865,0.3175196487844321,4026.9072833628325,20,1,20_COP_02
26,13.81818181818182,1346.817149116634,0.3175196487844321,4026.9072833628325,20,1,20_COP_02
26,14.06060606060606,1416.670237642522,0.3175196487844321,4026.9072833628325,20,1,20_COP_02
26,14.303030303030301,1488.1346144087793,0.3175196487844321,4026.9072833628325,20,1,20_COP_02
26,14.545454545454547,1561.048044045331,0.3175196487844321,4026.9072833628325,20,1,20_COP_02
26,14.787878787878787,1635.232914898357,0.3175196487844321,4026.9072833628325,20,1,20_COP_02
26,15.030303030303031,1710.497729140008,0.3175196487844321,4026.9072833628325,20,1,20_COP_02
26,15.272727272727273,1786.6389045992203,0.3175196487844321,4026.9072833628325,20,1,20_COP_02
26,15.515151515151516,1863.4428572854706,0.3175196487844321,4026.9072833628325,20,1,20_COP_02
26,15.757575757575758,1940.6883226763614,0.3175196487844321,4026.9072833628325,20,1,20_COP_02
26,16.0,2018.1488642280208,0.3175196487844321,4026.9072833628325,20,1,20_COP_02
26,16.242424242424242,2095.5955098243007,0.3175196487844321,4026.9072833628325,20,1,20_COP_02
26,16.484848484848484,2172.7994514897528,0.3175196487844321,4026.9072833628325,20,1,20_COP_02
26,16.727272727272727,2249.5347409964825,0.3175196487844321,4026.9072833628325,20,1,20_COP_02
26,16.96969696969697,2325.5809141704376,0.3175196487844321,4026.9072833628325,20,1,20_COP_02
26,17.21212121212121,2400.7254797372107,0.3175196487844321,4026.9072833628325,20,1,20_COP_02
26,17.454545454545453,2474.7662142448357,0.3175196487844321,4026.9072833628325,20,1,20_COP_02
26,17.696969696969695,2547.5132125986474,0.3175196487844321,4026.9072833628325,20,1,20_COP_02
26,17.93939393939394,2618.790653543679,0.3175196487844321,4026.9072833628325,20,1,20_COP_02
26,18.18181818181818,2688.4382504449472,0.3175196487844321,4026.9072833628325,20,1,20_COP_02
26,18.424242424242422,2756.3123693148314,0.3175196487844321,4026.9072833628325,20,1,20_COP_02
26,18.666666666666668,2822.2868075959195,0.3175196487844321,4026.9072833628325,20,1,20_COP_02
26,18.909090909090907,2886.253238156283,0.3175196487844321,4026.9072833628325,20,1,20_COP_02
26,19.151515151515152,2948.12133280881,0.3175196487844321,4026.9072833628325,20,1,20_COP_02
26,19.393939393939394,3007.818588057681,0.3175196487844321,4026.9072833628325,20,1,20_COP_02
26,19.636363636363637,3065.289882459682,0.3175196487844321,4026.9072833628325,20,1,20_COP_02
26,19.87878787878788,3120.49679984945,0.3175196487844321,4026.9072833628325,20,1,20_COP_02
26,20.12121212121212,3173.4167557171218,0.3175196487844321,4026.9072833628325,20,1,20_COP_02
26,20.363636363636363,3224.0419653457443,0.3175196487844321,4026.9072833628325,20,1,20_COP_02
26,20.606060606060606,3272.3782920943236,0.3175196487844321,4026.9072833628325,20,1,20_COP_02
26,20.84848484848485,3318.444012684402,0.3175196487844321,4026.9072833628325,20,1,20_COP_02
26,21.09090909090909,3362.268533777803,0.3175196487844321,4026.9072833628325,20,1,20_COP_02
26,21.333333333333332,3403.89109079345,0.3175196487844321,4026.9072833628325,20,1,20_COP_02
26,21.575757575757578,3443.359456065072,0.3175196487844321,4026.9072833628325,20,1,20_COP_02
26,21.818181818181817,3480.728679329573,0.3175196487844321,4026.9072833628325,20,1,20_COP_02
26,22.060606060606062,3516.05987936559,0.3175196487844321,4026.9072833628325,20,1,20_COP_02
26,22.303030303030305,3549.419101543924,0.3175196487844321,4026.9072833628325,20,1,20_COP_02
26,22.545454545454547,3580.8762522376906,0.3175196487844321,4026.9072833628325,20,1,20_COP_02
26,22.78787878787879,3610.5041175642605,0.3175196487844321,4026.9072833628325,20,1,20_COP_02
26,23.03030303030303,3638.377470853235,0.3175196487844321,4026.9072833628325,20,1,20_COP_02
26,23.272727272727273,3664.572270584879,0.3175196487844321,4026.9072833628325,20,1,20_COP_02
26,23.515151515151516,3689.1649483276797,0.3175196487844321,4026.9072833628325,20,1,20_COP_02
26,23.757575757575758,3712.231784408674,0.3175196487844321,4026.9072833628325,20,1,20_COP_02
26,24.0,3733.8483676489273,0.3175196487844321,4026.9072833628325,20,1,20_COP_02
27,0.0,25.0,0.25782137456107834,27404.935281833405,20,1,20_COP_02
27,0.24242424242424243,26.610853029607785,0.25782137456107834,27404.935281833405,20,1,20_COP_02
27,0.48484848484848486,28.325392580526113,0.25782137456107834,27404.935281833405,20,1,20_COP_02
27,0.7272727272727273,30.150278409869415,0.25782137456107834,27404.935281833405,20,1,20_COP_02
27,0.9696969696969697,32.09259613003614,0.25782137456107834,27404.935281833405,20,1,20_COP_02
27,1.2121212121212122,34.159884187213535,0.25782137456107834,27404.935281833405,20,1,20_COP_02
27,1.4545454545454546,36.360162515346076,0.25782137456107834,27404.935281833405,20,1,20_COP_02
27,1.6969696969696968,38.70196296511228,0.25782137456107834,27404.935281833405,20,1,20_COP_02
27,1.9393939393939394,41.19436161275732,0.25782137456107834,27404.935281833405,20,1,20_COP_02
27,2.1818181818181817,43.847013059127526,0.25782137456107834,27404.935281833405,20,1,20_COP_02
27,2.4242424242424243,46.670186834942804,0.25782137456107834,27404.935281833405,20,1,20_COP_02
27,2.6666666666666665,49.6748060342138,0.25782137456107834,27404.935281833405,20,1,20_COP_02
27,2.909090909090909,52.87248830375192,0.25782137456107834,27404.935281833405,20,1,20_COP_02
27,3.151515151515152,56.27558932291498,0.25782137456107834,27404.935281833405,20,1,20_COP_02
27,3.3939393939393936,59.897248914060924,0.25782137456107834,27404.935281833405,20,1,20_COP_02
27,3.6363636363636367,63.75143993061971,0.25782137456107834,27404.935281833405,20,1,20_COP_02
27,3.878787878787879,67.85302007621021,0.25782137456107834,27404.935281833405,20,1,20_COP_02
27,4.121212121212121,72.21778681478668,0.25782137456107834,27404.935281833405,20,1,20_COP_02
27,4.363636363636363,76.86253553835303,0.25782137456107834,27404.935281833405,20,1,20_COP_02
27,4.6060606060606055,81.80512116527916,0.25782137456107834,27404.935281833405,20,1,20_COP_02
27,4.848484848484849,87.06452334862992,0.25782137456107834,27404.935281833405,20,1,20_COP_02
27,5.090909090909091,92.66091548009734,0.25782137456107834,27404.935281833405,20,1,20_COP_02
27,5.333333333333333,98.61573768102515,0.25782137456107834,27404.935281833405,20,1,20_COP_02
27,5.575757575757576,104.95177397752921,0.25782137456107834,27404.935281833405,20,1,20_COP_02
27,5.818181818181818,111.6932338617307,0.25782137456107834,27404.935281833405,20,1,20_COP_02
27,6.0606060606060606,118.86583844549473,0.25782137456107834,27404.935281833405,20,1,20_COP_02
27,6.303030303030304,126.49691141665002,0.25782137456107834,27404.935281833405,20,1,20_COP_02
27,6.545454545454545,134.6154750102765,0.25782137456107834,27404.935281833405,20,1,20_COP_02
27,6.787878787878787,143.25235120908025,0.25782137456107834,27404.935281833405,20,1,20_COP_02
27,7.03030303030303,152.44026838689973,0.25782137456107834,27404.935281833405,20,1,20_COP_02
27,7.272727272727273,162.21397360773722,0.25782137456107834,27404.935281833405,20,1,20_COP_02
27,7.515151515151516,172.610350789083,0.25782137456107834,27404.935281833405,20,1,20_COP_02
27,7.757575757575758,183.6685449323639,0.25782137456107834,27404.935281833405,20,1,20_COP_02
27,8.0,195.43009261471556,0.25782137456107834,27404.935281833405,20,1,20_COP_02
27,8.242424242424242,207.93905892452477,0.25782137456107834,27404.935281833405,20,1,20_COP_02
27,8.484848484848484,221.2421810078364,0.25782137456107834,27404.935281833405,20,1,20_COP_02
27,8.727272727272727,235.38901837322967,0.25782137456107834,27404.935281833405,20,1,20_COP_02
27,8.96969696969697,250.43211007855095,0.25782137456107834,27404.935281833405,20,1,20_COP_02
27,9.212121212121211,266.4271388932834,0.25782137456107834,27404.935281833405,20,1,20_COP_02
27,9.454545454545453,283.4331024946084,0.25782137456107834,27404.935281833405,20,1,20_COP_02
27,9.696969696969697,301.51249171256603,0.25782137456107834,27404.935281833405,20,1,20_COP_02
27,9.93939393939394,320.7314757892763,0.25782137456107834,27404.935281833405,20,1,20_COP_02
27,10.181818181818182,341.1600945579697,0.25782137456107834,27404.935281833405,20,1,20_COP_02
27,10.424242424242426,362.87245737855875,0.25782137456107834,27404.935281833405,20,1,20_COP_02
27,10.666666666666666,385.9469485865205,0.25782137456107834,27404.935281833405,20,1,20_COP_02
27,10.909090909090908,410.46643911974843,0.25782137456107834,27404.935281833405,20,1,20_COP_02
27,11.151515151515152,436.51850388246146,0.25782137456107834,27404.935281833405,20,1,20_COP_02
27,11.393939393939394,464.19564428484995,0.25782137456107834,27404.935281833405,20,1,20_COP_02
27,11.636363636363637,493.5955152604536,0.25782137456107834,27404.935281833405,20,1,20_COP_02
27,11.878787878787879,524.8211559087753,0.25782137456107834,27404.935281833405,20,1,20_COP_02
27,12.121212121212121,557.9812227367962,0.25782137456107834,27404.935281833405,20,1,20_COP_02
27,12.363636363636363,593.1902242782846,0.25782137456107834,27404.935281833405,20,1,20_COP_02
27,12.606060606060607,630.5687556525093,0.25782137456107834,27404.935281833405,20,1,20_COP_02
27,12.848484848484848,670.2437313826397,0.25782137456107834,27404.935281833405,20,1,20_COP_02
27,13.09090909090909,712.3486145273105,0.25782137456107834,27404.935281833405,20,1,20_COP_02
27,13.333333333333334,757.0236398851833,0.25782137456107834,27404.935281833405,20,1,20_COP_02
27,13.575757575757574,804.4160287108381,0.25782137456107834,27404.935281833405,20,1,20_COP_02
27,13.81818181818182,854.6801920300744,0.25782137456107834,27404.935281833405,20,1,20_COP_02
27,14.06060606060606,907.9779192633091,0.25782137456107834,27404.935281833405,20,1,20_COP_02
27,14.303030303030301,964.4785484573237,0.25782137456107834,27404.935281833405,20,1,20_COP_02
27,14.545454545454547,1024.3591139887503,0.25782137456107834,27404.935281833405,20,1,20_COP_02
27,14.787878787878787,1087.8044671389882,0.25782137456107834,27404.935281833405,20,1,20_COP_02
27,15.030303030303031,1155.0073644520373,0.25782137456107834,27404.935281833405,20,1,20_COP_02
27,15.272727272727273,1226.1685182776162,0.25782137456107834,27404.935281833405,20,1,20_COP_02
27,15.515151515151516,1301.4966033768574,0.25782137456107834,27404.935281833405,20,1,20_COP_02
27,15.757575757575758,1381.208212933208,0.25782137456107834,27404.935281833405,20,1,20_COP_02
27,16.0,1465.527756775311,0.25782137456107834,27404.935281833405,20,1,20_COP_02
27,16.242424242424242,1554.6872940918304,0.25782137456107834,27404.935281833405,20,1,20_COP_02
27,16.484848484848484,1648.926292413107,0.25782137456107834,27404.935281833405,20,1,20_COP_02
27,16.727272727272727,1748.4913041663112,0.25782137456107834,27404.935281833405,20,1,20_COP_02
27,16.96969696969697,1853.63555169733,0.25782137456107834,27404.935281833405,20,1,20_COP_02
27,17.21212121212121,1964.6184113147751,0.25782137456107834,27404.935281833405,20,1,20_COP_02
27,17.454545454545453,2081.704786673146,0.25782137456107834,27404.935281833405,20,1,20_COP_02
27,17.696969696969695,2205.1643617001714,0.25782137456107834,27404.935281833405,20,1,20_COP_02
27,17.93939393939394,2335.270723317699,0.25782137456107834,27404.935281833405,20,1,20_COP_02
27,18.18181818181818,2472.3003444387496,0.25782137456107834,27404.935281833405,20,1,20_COP_02
27,18.424242424242422,2616.5314181807003,0.25782137456107834,27404.935281833405,20,1,20_COP_02
27,18.666666666666668,2768.2425349525956,0.25782137456107834,27404.935281833405,20,1,20_COP_02
27,18.909090909090907,2927.7111950911767,0.25782137456107834,27404.935281833405,20,1,20_COP_02
27,19.151515151515152,3095.212151072593,0.25782137456107834,27404.935281833405,20,1,20_COP_02
27,19.393939393939394,3271.0155750507283,0.25782137456107834,27404.935281833405,20,1,20_COP_02
27,19.636363636363637,3455.3850496007453,0.25782137456107834,27404.935281833405,20,1,20_COP_02
27,19.87878787878788,3648.5753821043168,0.25782137456107834,27404.935281833405,20,1,20_COP_02
27,20.12121212121212,3850.830246219701,0.25782137456107834,27404.935281833405,20,1,20_COP_02
27,20.363636363636363,4062.379657342682,0.25782137456107834,27404.935281833405,20,1,20_COP_02
27,20.606060606060606,4283.437292877639,0.25782137456107834,27404.935281833405,20,1,20_COP_02
27,20.84848484848485,4514.197672478493,0.25782137456107834,27404.935281833405,20,1,20_COP_02
27,21.09090909090909,4754.8332181444175,0.25782137456107834,27404.935281833405,20,1,20_COP_02
27,21.333333333333332,5005.491219099734,0.25782137456107834,27404.935281833405,20,1,20_COP_02
27,21.575757575757578,5266.290731661072,0.25782137456107834,27404.935281833405,20,1,20_COP_02
27,21.818181818181817,5537.319449681212,0.25782137456107834,27404.935281833405,20,1,20_COP_02
27,22.060606060606062,5818.630586514028,0.25782137456107834,27404.935281833405,20,1,20_COP_02
27,22.303030303030305,6110.239814598885,0.25782137456107834,27404.935281833405,20,1,20_COP_02
27,22.545454545454547,6412.122313521177,0.25782137456107834,27404.935281833405,20,1,20_COP_02
27,22.78787878787879,6724.209981554736,0.25782137456107834,27404.935281833405,20,1,20_COP_02
27,23.03030303030303,7046.388869003351,0.25782137456107834,27404.935281833405,20,1,20_COP_02
27,23.272727272727273,7378.496893899513,0.25782137456107834,27404.935281833405,20,1,20_COP_02
27,23.515151515151516,7720.321901559674,0.25782137456107834,27404.935281833405,20,1,20_COP_02
27,23.757575757575758,8071.600128924415,0.25782137456107834,27404.935281833405,20,1,20_COP_02
27,24.0,8432.015132346418,0.25782137456107834,27404.935281833405,20,1,20_COP_02
28,0.0,25.0,0.6503165786316008,3115.719192149579,26,1,20_COP_02
28,0.24242424242424243,29.228934410417246,0.6503165786316008,3115.719192149579,26,1,20_COP_02
28,0.48484848484848486,34.16531661432685,0.6503165786316008,3115.719192149579,26,1,20_COP_02
28,0.7272727272727273,39.924604771621816,0.6503165786316008,3115.719192149579,26,1,20_COP_02
28,0.9696969696969697,46.64004895429288,0.6503165786316008,3115.719192149579,26,1,20_COP_02
28,1.2121212121212122,54.46505016828309,0.6503165786316008,3115.719192149579,26,1,20_COP_02
28,1.4545454545454546,63.5756901889251,0.6503165786316008,3115.719192149579,26,1,20_COP_02
28,1.6969696969696968,74.17338662312471,0.6503165786316008,3115.719192149579,26,1,20_COP_02
28,1.9393939393939394,86.48759835234425,0.6503165786316008,3115.719192149579,26,1,20_COP_02
28,2.1818181818181817,100.77846760315397,0.6503165786316008,3115.719192149579,26,1,20_COP_02
28,2.4242424242424243,117.33923459829158,0.6503165786316008,3115.719192149579,26,1,20_COP_02
28,2.6666666666666665,136.49819769992362,0.6503165786316008,3115.719192149579,26,1,20_COP_02
28,2.909090909090909,158.61991572690945,0.6503165786316008,3115.719192149579,26,1,20_COP_02
28,3.151515151515152,184.10526100718104,0.6503165786316008,3115.719192149579,26,1,20_COP_02
28,3.3939393939393936,213.38983589889722,0.6503165786316008,3115.719192149579,26,1,20_COP_02
28,3.6363636363636367,246.94017052190458,0.6503165786316008,3115.719192149579,26,1,20_COP_02
28,3.878787878787879,285.2470398630389,0.6503165786316008,3115.719192149579,26,1,20_COP_02
28,4.121212121212121,328.81519643495744,0.6503165786316008,3115.719192149579,26,1,20_COP_02
28,4.363636363636363,378.14884088392887,0.6503165786316008,3115.719192149579,26,1,20_COP_02
28,4.6060606060606055,433.7322854648724,0.6503165786316008,3115.719192149579,26,1,20_COP_02
28,4.848484848484849,496.00554571166396,0.6503165786316008,3115.719192149579,26,1,20_COP_02
28,5.090909090909091,565.3350603960394,0.6503165786316008,3115.719192149579,26,1,20_COP_02
28,5.333333333333333,641.9804063151045,0.6503165786316008,3115.719192149579,26,1,20_COP_02
28,5.575757575757576,726.0587220105388,0.6503165786316008,3115.719192149579,26,1,20_COP_02
28,5.818181818181818,817.5095049690411,0.6503165786316008,3115.719192149579,26,1,20_COP_02
28,6.0606060606060606,916.0633510399881,0.6503165786316008,3115.719192149579,26,1,20_COP_02
28,6.303030303030304,1021.2188467994176,0.6503165786316008,3115.719192149579,26,1,20_COP_02
28,6.545454545454545,1132.2319548455475,0.6503165786316008,3115.719192149579,26,1,20_COP_02
28,6.787878787878787,1248.1216277031456,0.6503165786316008,3115.719192149579,26,1,20_COP_02
28,7.03030303030303,1367.6939434829985,0.6503165786316008,3115.719192149579,26,1,20_COP_02
28,7.272727272727273,1489.5848679570477,0.6503165786316008,3115.719192149579,26,1,20_COP_02
28,7.515151515151516,1612.3191379096438,0.6503165786316008,3115.719192149579,26,1,20_COP_02
28,7.757575757575758,1734.380242828907,0.6503165786316008,3115.719192149579,26,1,20_COP_02
28,8.0,1854.2846300547676,0.6503165786316008,3115.719192149579,26,1,20_COP_02
28,8.242424242424242,1970.652530634308,0.6503165786316008,3115.719192149579,26,1,20_COP_02
28,8.484848484848484,2082.2683865042036,0.6503165786316008,3115.719192149579,26,1,20_COP_02
28,8.727272727272727,2188.125603926163,0.6503165786316008,3115.719192149579,26,1,20_COP_02
28,8.96969696969697,2287.452829017055,0.6503165786316008,3115.719192149579,26,1,20_COP_02
28,9.212121212121211,2379.721568829344,0.6503165786316008,3115.719192149579,26,1,20_COP_02
28,9.454545454545453,2464.6372378388014,0.6503165786316008,3115.719192149579,26,1,20_COP_02
28,9.696969696969697,2542.1172451366515,0.6503165786316008,3115.719192149579,26,1,20_COP_02
28,9.93939393939394,2612.260434185356,0.6503165786316008,3115.719192149579,26,1,20_COP_02
28,10.181818181818182,2675.3121307129686,0.6503165786316008,3115.719192149579,26,1,20_COP_02
28,10.424242424242426,2731.6284574514198,0.6503165786316008,3115.719192149579,26,1,20_COP_02
28,10.666666666666666,2781.642687942978,0.6503165786316008,3115.719192149579,26,1,20_COP_02
28,10.909090909090908,2825.8354575880253,0.6503165786316008,3115.719192149579,26,1,20_COP_02
28,11.151515151515152,2864.7097857986623,0.6503165786316008,3115.719192149579,26,1,20_COP_02
28,11.393939393939394,2898.771174336622,0.6503165786316008,3115.719192149579,26,1,20_COP_02
28,11.636363636363637,2928.5125597646456,0.6503165786316008,3115.719192149579,26,1,20_COP_02
28,11.878787878787879,2954.403598369585,0.6503165786316008,3115.719192149579,26,1,20_COP_02
28,12.121212121212121,2976.883614807496,0.6503165786316008,3115.719192149579,26,1,20_COP_02
28,12.363636363636363,2996.3575095458723,0.6503165786316008,3115.719192149579,26,1,20_COP_02
28,12.606060606060607,3013.1939561635013,0.6503165786316008,3115.719192149579,26,1,20_COP_02
28,12.848484848484848,3027.725296172595,0.6503165786316008,3115.719192149579,26,1,20_COP_02
28,13.09090909090909,3040.2486331405066,0.6503165786316008,3115.719192149579,26,1,20_COP_02
28,13.333333333333334,3051.0277241456297,0.6503165786316008,3115.719192149579,26,1,20_COP_02
28,13.575757575757574,3060.2953558670984,0.6503165786316008,3115.719192149579,26,1,20_COP_02
28,13.81818181818182,3068.2559702847375,0.6503165786316008,3115.719192149579,26,1,20_COP_02
28,14.06060606060606,3075.088369494855,0.6503165786316008,3115.719192149579,26,1,20_COP_02
28,14.303030303030301,3080.948380821033,0.6503165786316008,3115.719192149579,26,1,20_COP_02
28,14.545454545454547,3085.9714035058782,0.6503165786316008,3115.719192149579,26,1,20_COP_02
28,14.787878787878787,3090.2747885255344,0.6503165786316008,3115.719192149579,26,1,20_COP_02
28,15.030303030303031,3093.9600252646947,0.6503165786316008,3115.719192149579,26,1,20_COP_02
28,15.272727272727273,3097.114724596436,0.6503165786316008,3115.719192149579,26,1,20_COP_02
28,15.515151515151516,3099.81439878526,0.6503165786316008,3115.719192149579,26,1,20_COP_02
28,15.757575757575758,3102.124045787214,0.6503165786316008,3115.719192149579,26,1,20_COP_02
28,16.0,3104.099549935842,0.6503165786316008,3115.719192149579,26,1,20_COP_02
28,16.242424242424242,3105.788913443973,0.6503165786316008,3115.719192149579,26,1,20_COP_02
28,16.484848484848484,3107.233334207458,0.6503165786316008,3115.719192149579,26,1,20_COP_02
28,16.727272727272727,3108.468145510298,0.6503165786316008,3115.719192149579,26,1,20_COP_02
28,16.96969696969697,3109.5236327278053,0.6503165786316008,3115.719192149579,26,1,20_COP_02
28,17.21212121212121,3110.4257412420952,0.6503165786316008,3115.719192149579,26,1,20_COP_02
28,17.454545454545453,3111.19668869043,0.6503165786316008,3115.719192149579,26,1,20_COP_02
28,17.696969696969695,3111.8554934782755,0.6503165786316008,3115.719192149579,26,1,20_COP_02
28,17.93939393939394,3112.4184302842395,0.6503165786316008,3115.719192149579,26,1,20_COP_02
28,18.18181818181818,3112.899422114337,0.6503165786316008,3115.719192149579,26,1,20_COP_02
28,18.424242424242422,3113.3103773597404,0.6503165786316008,3115.719192149579,26,1,20_COP_02
28,18.666666666666668,3113.6614792928285,0.6503165786316008,3115.719192149579,26,1,20_COP_02
28,18.909090909090907,3113.9614345088944,0.6503165786316008,3115.719192149579,26,1,20_COP_02
28,19.151515151515152,3114.217685986872,0.6503165786316008,3115.719192149579,26,1,20_COP_02
28,19.393939393939394,3114.436595699386,0.6503165786316008,3115.719192149579,26,1,20_COP_02
28,19.636363636363637,3114.6236010451325,0.6503165786316008,3115.719192149579,26,1,20_COP_02
28,19.87878787878788,3114.783348798633,0.6503165786316008,3115.719192149579,26,1,20_COP_02
28,20.12121212121212,3114.9198097665903,0.6503165786316008,3115.719192149579,26,1,20_COP_02
28,20.363636363636363,3115.0363768991356,0.6503165786316008,3115.719192149579,26,1,20_COP_02
28,20.606060606060606,3115.1359492211154,0.6503165786316008,3115.719192149579,26,1,20_COP_02
28,20.84848484848485,3115.221003616546,0.6503165786316008,3115.719192149579,26,1,20_COP_02
28,21.09090909090909,3115.2936562122954,0.6503165786316008,3115.719192149579,26,1,20_COP_02
28,21.333333333333332,3115.3557148592754,0.6503165786316008,3115.719192149579,26,1,20_COP_02
28,21.575757575757578,3115.40872399595,0.6503165786316008,3115.719192149579,26,1,20_COP_02
28,21.818181818181817,3115.4540029952764,0.6503165786316008,3115.719192149579,26,1,20_COP_02
28,22.060606060606062,3115.492678938243,0.6503165786316008,3115.719192149579,26,1,20_COP_02
28,22.303030303030305,3115.525714621623,0.6503165786316008,3115.719192149579,26,1,20_COP_02
28,22.545454545454547,3115.553932491158,0.6503165786316008,3115.719192149579,26,1,20_COP_02
28,22.78787878787879,3115.57803509163,0.6503165786316008,3115.719192149579,26,1,20_COP_02
28,23.03030303030303,3115.598622539806,0.6503165786316008,3115.719192149579,26,1,20_COP_02
28,23.272727272727273,3115.6162074529443,0.6503165786316008,3115.719192149579,26,1,20_COP_02
28,23.515151515151516,3115.6312277028974,0.6503165786316008,3115.719192149579,26,1,20_COP_02
28,23.757575757575758,3115.644057312149,0.6503165786316008,3115.719192149579,26,1,20_COP_02
28,24.0,3115.655015762208,0.6503165786316008,3115.719192149579,26,1,20_COP_02
29,0.0,25.0,1.0524336476697878,1732.2082201184407,26,1,20_COP_02
29,0.22222222222222224,31.467474015607653,1.0524336476697878,1732.2082201184407,26,1,20_COP_02
29,0.4444444444444445,39.569297424680556,1.0524336476697878,1732.2082201184407,26,1,20_COP_02
29,0.6666666666666667,49.696117718696044,1.0524336476697878,1732.2082201184407,26,1,20_COP_02
29,0.888888888888889,62.31923536994763,1.0524336476697878,1732.2082201184407,26,1,20_COP_02
29,1.1111111111111112,78.0000580104079,1.0524336476697878,1732.2082201184407,26,1,20_COP_02
29,1.3333333333333335,97.39637480653002,1.0524336476697878,1732.2082201184407,26,1,20_COP_02
29,1.5555555555555556,121.26241078316376,1.0524336476697878,1732.2082201184407,26,1,20_COP_02
29,1.777777777777778,150.43843037960096,1.0524336476697878,1732.2082201184407,26,1,20_COP_02
29,2.0,185.82452405983784,1.0524336476697878,1732.2082201184407,26,1,20_COP_02
29,2.2222222222222223,228.33260642638746,1.0524336476697878,1732.2082201184407,26,1,20_COP_02
29,2.444444444444444,278.8113708203432,1.0524336476697878,1732.2082201184407,26,1,20_COP_02
29,2.666666666666667,337.9420332227355,1.0524336476697878,1732.2082201184407,26,1,20_COP_02
29,2.8888888888888893,406.1091238972101,1.0524336476697878,1732.2082201184407,26,1,20_COP_02
29,3.111111111111111,483.26048273694374,1.0524336476697878,1732.2082201184407,26,1,20_COP_02
29,3.3333333333333335,568.7822385924093,1.0524336476697878,1732.2082201184407,26,1,20_COP_02
29,3.555555555555556,661.4235586839714,1.0524336476697878,1732.2082201184407,26,1,20_COP_02
29,3.7777777777777777,759.3061287288763,1.0524336476697878,1732.2082201184407,26,1,20_COP_02
29,4.0,860.0396269570148,1.0524336476697878,1732.2082201184407,26,1,20_COP_02
29,4.222222222222222,960.9374717708872,1.0524336476697878,1732.2082201184407,26,1,20_COP_02
29,4.444444444444445,1059.2956225607088,1.0524336476697878,1732.2082201184407,26,1,20_COP_02
29,4.666666666666667,1152.6752048843978,1.0524336476697878,1732.2082201184407,26,1,20_COP_02
29,4.888888888888888,1239.1283489952743,1.0524336476697878,1732.2082201184407,26,1,20_COP_02
29,5.111111111111111,1317.3266024088741,1.0524336476697878,1732.2082201184407,26,1,20_COP_02
29,5.333333333333334,1386.582409744177,1.0524336476697878,1732.2082201184407,26,1,20_COP_02
29,5.555555555555556,1446.7822958650254,1.0524336476697878,1732.2082201184407,26,1,20_COP_02
29,5.777777777777779,1498.265861461475,1.0524336476697878,1732.2082201184407,26,1,20_COP_02
29,6.0,1541.6859902407612,1.0524336476697878,1732.2082201184407,26,1,20_COP_02
29,6.222222222222222,1577.877376826325,1.0524336476697878,1732.2082201184407,26,1,20_COP_02
29,6.444444444444445,1607.7488929395556,1.0524336476697878,1732.2082201184407,26,1,20_COP_02
29,6.666666666666667,1632.2050653421231,1.0524336476697878,1732.2082201184407,26,1,20_COP_02
29,6.888888888888889,1652.095077801364,1.0524336476697878,1732.2082201184407,26,1,20_COP_02
29,7.111111111111112,1668.1842649769037,1.0524336476697878,1732.2082201184407,26,1,20_COP_02
29,7.333333333333333,1681.1421238895978,1.0524336476697878,1732.2082201184407,26,1,20_COP_02
29,7.555555555555555,1691.5413638258315,1.0524336476697878,1732.2082201184407,26,1,20_COP_02
29,7.777777777777778,1699.8636184099744,1.0524336476697878,1732.2082201184407,26,1,20_COP_02
29,8.0,1706.5086433763233,1.0524336476697878,1732.2082201184407,26,1,20_COP_02
29,8.222222222222223,1711.804869820625,1.0524336476697878,1732.2082201184407,26,1,20_COP_02
29,8.444444444444445,1716.0199917912173,1.0524336476697878,1732.2082201184407,26,1,20_COP_02
29,8.666666666666666,1719.3708434038374,1.0524336476697878,1732.2082201184407,26,1,20_COP_02
29,8.88888888888889,1722.0322049172007,1.0524336476697878,1732.2082201184407,26,1,20_COP_02
29,9.11111111111111,1724.1444178847437,1.0524336476697878,1732.2082201184407,26,1,20_COP_02
29,9.333333333333334,1725.8198299551243,1.0524336476697878,1732.2082201184407,26,1,20_COP_02
29,9.555555555555555,1727.148164125496,1.0524336476697878,1732.2082201184407,26,1,20_COP_02
29,9.777777777777777,1728.2009398852172,1.0524336476697878,1732.2082201184407,26,1,20_COP_02
29,10.0,1729.035081592002,1.0524336476697878,1732.2082201184407,26,1,20_COP_02
29,10.222222222222221,1729.6958436406092,1.0524336476697878,1732.2082201184407,26,1,20_COP_02
29,10.444444444444445,1730.219169451546,1.0524336476697878,1732.2082201184407,26,1,20_COP_02
29,10.666666666666668,1730.633586192326,1.0524336476697878,1732.2082201184407,26,1,20_COP_02
29,10.88888888888889,1730.9617218188519,1.0524336476697878,1732.2082201184407,26,1,20_COP_02
29,11.111111111111112,1731.221516735238,1.0524336476697878,1732.2082201184407,26,1,20_COP_02
29,11.333333333333332,1731.4271896806752,1.0524336476697878,1732.2082201184407,26,1,20_COP_02
29,11.555555555555557,1731.5900065302214,1.0524336476697878,1732.2082201184407,26,1,20_COP_02
29,11.777777777777779,1731.718891495348,1.0524336476697878,1732.2082201184407,26,1,20_COP_02
29,12.0,1731.8209125754547,1.0524336476697878,1732.2082201184407,26,1,20_COP_02
29,12.222222222222223,1731.9016668467316,1.0524336476697878,1732.2082201184407,26,1,20_COP_02
29,12.444444444444445,1731.9655860761977,1.0524336476697878,1732.2082201184407,26,1,20_COP_02
29,12.666666666666668,1732.0161790252578,1.0524336476697878,1732.2082201184407,26,1,20_COP_02
29,12.88888888888889,1732.0562234880574,1.0524336476697878,1732.2082201184407,26,1,20_COP_02
29,13.11111111111111,1732.0879184481798,1.0524336476697878,1732.2082201184407,26,1,20_COP_02
29,13.333333333333334,1732.113004608681,1.0524336476697878,1732.2082201184407,26,1,20_COP_02
29,13.555555555555555,1732.132859852048,1.0524336476697878,1732.2082201184407,26,1,20_COP_02
29,13.777777777777779,1732.1485748338666,1.0524336476697878,1732.2082201184407,26,1,20_COP_02
29,14.0,1732.1610128378463,1.0524336476697878,1732.2082201184407,26,1,20_COP_02
29,14.222222222222223,1732.1708571647716,1.0524336476697878,1732.2082201184407,26,1,20_COP_02
29,14.444444444444445,1732.1786486490648,1.0524336476697878,1732.2082201184407,26,1,20_COP_02
29,14.666666666666666,1732.1848153579788,1.0524336476697878,1732.2082201184407,26,1,20_COP_02
29,14.88888888888889,1732.1896961012997,1.0524336476697878,1732.2082201184407,26,1,20_COP_02
29,15.11111111111111,1732.1935590408373,1.0524336476697878,1732.2082201184407,26,1,20_COP_02
29,15.333333333333334,1732.1966164206633,1.0524336476697878,1732.2082201184407,26,1,20_COP_02
29,15.555555555555555,1732.1990362264928,1.0524336476697878,1732.2082201184407,26,1,20_COP_02
29,15.777777777777777,1732.2009514142433,1.0524336476697878,1732.2082201184407,26,1,20_COP_02
29,16.0,1732.2024672144619,1.0524336476697878,1732.2082201184407,26,1,20_COP_02
29,16.22222222222222,1732.203666913736,1.0524336476697878,1732.2082201184407,26,1,20_COP_02
29,16.444444444444446,1732.2046164306048,1.0524336476697878,1732.2082201184407,26,1,20_COP_02
29,16.666666666666668,1732.2053679373118,1.0524336476697878,1732.2082201184407,26,1,20_COP_02
29,16.88888888888889,1732.2059627263397,1.0524336476697878,1732.2082201184407,26,1,20_COP_02
29,17.11111111111111,1732.2064334791978,1.0524336476697878,1732.2082201184407,26,1,20_COP_02
29,17.333333333333332,1732.2068060621048,1.0524336476697878,1732.2082201184407,26,1,20_COP_02
29,17.555555555555557,1732.2071009472147,1.0524336476697878,1732.2082201184407,26,1,20_COP_02
29,17.77777777777778,1732.2073343374739,1.0524336476697878,1732.2082201184407,26,1,20_COP_02
29,18.0,1732.207519056904,1.0524336476697878,1732.2082201184407,26,1,20_COP_02
29,18.22222222222222,1732.2076652552346,1.0524336476697878,1732.2082201184407,26,1,20_COP_02
29,18.444444444444443,1732.2077809655907,1.0524336476697878,1732.2082201184407,26,1,20_COP_02
29,18.666666666666668,1732.2078725458841,1.0524336476697878,1732.2082201184407,26,1,20_COP_02
29,18.88888888888889,1732.20794502816,1.0524336476697878,1732.2082201184407,26,1,20_COP_02
29,19.11111111111111,1732.2080023950891,1.0524336476697878,1732.2082201184407,26,1,20_COP_02
29,19.333333333333332,1732.2080477988034,1.0524336476697878,1732.2082201184407,26,1,20_COP_02
29,19.555555555555554,1732.208083734093,1.0524336476697878,1732.2082201184407,26,1,20_COP_02
29,19.77777777777778,1732.2081121754895,1.0524336476697878,1732.2082201184407,26,1,20_COP_02
29,20.0,1732.208134685758,1.0524336476697878,1732.2082201184407,26,1,20_COP_02
29,20.22222222222222,1732.208152501768,1.0524336476697878,1732.2082201184407,26,1,20_COP_02
29,20.444444444444443,1732.2081666024524,1.0524336476697878,1732.2082201184407,26,1,20_COP_02
29,20.666666666666668,1732.2081777626004,1.0524336476697878,1732.2082201184407,26,1,20_COP_02
29,20.88888888888889,1732.2081865954272,1.0524336476697878,1732.2082201184407,26,1,20_COP_02
29,21.11111111111111,1732.2081935862684,1.0524336476697878,1732.2082201184407,26,1,20_COP_02
29,21.333333333333336,1732.2081991192501,1.0524336476697878,1732.2082201184407,26,1,20_COP_02
29,21.555555555555554,1732.2082034983912,1.0524336476697878,1732.2082201184407,26,1,20_COP_02
29,21.77777777777778,1732.208206964313,1.0524336476697878,1732.2082201184407,26,1,20_COP_02
29,22.0,1732.2082097074558,1.0524336476697878,1732.2082201184407,26,1,20_COP_02
30,0.0,25.0,1.4715442495146775,2191.850146052277,26,1,20_COP_02
30,0.18181818181818182,32.5551808136397,1.4715442495146775,2191.850146052277,26,1,20_COP_02
30,0.36363636363636365,42.34896840786612,1.4715442495146775,2191.850146052277,26,1,20_COP_02
30,0.5454545454545454,55.0140191744189,1.4715442495146775,2191.850146052277,26,1,20_COP_02
30,0.7272727272727273,71.34101952831895,1.4715442495146775,2191.850146052277,26,1,20_COP_02
30,0.9090909090909091,92.30421926658231,1.4715442495146775,2191.850146052277,26,1,20_COP_02
30,1.0909090909090908,119.08142658076332,1.4715442495146775,2191.850146052277,26,1,20_COP_02
30,1.2727272727272727,153.06033054302415,1.4715442495146775,2191.850146052277,26,1,20_COP_02
30,1.4545454545454546,195.81887081112376,1.4715442495146775,2191.850146052277,26,1,20_COP_02
30,1.6363636363636365,249.0631093636287,1.4715442495146775,2191.850146052277,26,1,20_COP_02
30,1.8181818181818181,314.5036274538451,1.4715442495146775,2191.850146052277,26,1,20_COP_02
30,2.0,393.65446082587584,1.4715442495146775,2191.850146052277,26,1,20_COP_02
30,2.1818181818181817,487.5518811115635,1.4715442495146775,2191.850146052277,26,1,20_COP_02
30,2.3636363636363638,596.4178394860271,1.4715442495146775,2191.850146052277,26,1,20_COP_02
30,2.5454545454545454,719.332585889814,1.4715442495146775,2191.850146052277,26,1,20_COP_02
30,2.7272727272727275,854.019036121367,1.4715442495146775,2191.850146052277,26,1,20_COP_02
30,2.909090909090909,996.8517697635857,1.4715442495146775,2191.850146052277,26,1,20_COP_02
30,3.090909090909091,1143.160560560613,1.4715442495146775,2191.850146052277,26,1,20_COP_02
30,3.272727272727273,1287.8016954289744,1.4715442495146775,2191.850146052277,26,1,20_COP_02
30,3.454545454545454,1425.8606790943654,1.4715442495146775,2191.850146052277,26,1,20_COP_02
30,3.6363636363636362,1553.29059083346,1.4715442495146775,2191.850146052277,26,1,20_COP_02
30,3.8181818181818183,1667.3198214973609,1.4715442495146775,2191.850146052277,26,1,20_COP_02
30,4.0,1766.5617746545117,1.4715442495146775,2191.850146052277,26,1,20_COP_02
30,4.181818181818182,1850.867020291187,1.4715442495146775,2191.850146052277,26,1,20_COP_02
30,4.363636363636363,1921.0224352236148,1.4715442495146775,2191.850146052277,26,1,20_COP_02
30,4.545454545454546,1978.4082954660566,1.4715442495146775,2191.850146052277,26,1,20_COP_02
30,4.7272727272727275,2024.692687680085,1.4715442495146775,2191.850146052277,26,1,20_COP_02
30,4.909090909090908,2061.601178380042,1.4715442495146775,2191.850146052277,26,1,20_COP_02
30,5.090909090909091,2090.7671079058287,1.4715442495146775,2191.850146052277,26,1,20_COP_02
30,5.2727272727272725,2113.649804031577,1.4715442495146775,2191.850146052277,26,1,20_COP_02
30,5.454545454545455,2131.5019429817785,1.4715442495146775,2191.850146052277,26,1,20_COP_02
30,5.636363636363637,2145.3682902793403,1.4715442495146775,2191.850146052277,26,1,20_COP_02
30,5.818181818181818,2156.1019698985074,1.4715442495146775,2191.850146052277,26,1,20_COP_02
30,6.0,2164.388734978515,1.4715442495146775,2191.850146052277,26,1,20_COP_02
30,6.181818181818182,2170.7733277085595,1.4715442495146775,2191.850146052277,26,1,20_COP_02
30,6.363636363636363,2175.684632305345,1.4715442495146775,2191.850146052277,26,1,20_COP_02
30,6.545454545454546,2179.4580414429015,1.4715442495146775,2191.850146052277,26,1,20_COP_02
30,6.7272727272727275,2182.3544928109645,1.4715442495146775,2191.850146052277,26,1,20_COP_02
30,6.909090909090908,2184.576205620103,1.4715442495146775,2191.850146052277,26,1,20_COP_02
30,7.090909090909091,2186.279427711796,1.4715442495146775,2191.850146052277,26,1,20_COP_02
30,7.2727272727272725,2187.584612290258,1.4715442495146775,2191.850146052277,26,1,20_COP_02
30,7.454545454545455,2188.5844570331788,1.4715442495146775,2191.850146052277,26,1,20_COP_02
30,7.636363636363637,2189.350205146099,1.4715442495146775,2191.850146052277,26,1,20_COP_02
30,7.818181818181818,2189.9365554425785,1.4715442495146775,2191.850146052277,26,1,20_COP_02
30,8.0,2190.3854718249854,1.4715442495146775,2191.850146052277,26,1,20_COP_02
30,8.181818181818182,2190.729129142406,1.4715442495146775,2191.850146052277,26,1,20_COP_02
30,8.363636363636363,2190.9921855381767,1.4715442495146775,2191.850146052277,26,1,20_COP_02
30,8.545454545454545,2191.193531957724,1.4715442495146775,2191.850146052277,26,1,20_COP_02
30,8.727272727272727,2191.3476371791357,1.4715442495146775,2191.850146052277,26,1,20_COP_02
30,8.90909090909091,2191.4655807471527,1.4715442495146775,2191.850146052277,26,1,20_COP_02
30,9.090909090909092,2191.5558455660785,1.4715442495146775,2191.850146052277,26,1,20_COP_02
30,9.272727272727273,2191.6249256861474,1.4715442495146775,2191.850146052277,26,1,20_COP_02
30,9.454545454545455,2191.677792147335,1.4715442495146775,2191.850146052277,26,1,20_COP_02
30,9.636363636363637,2191.71824989715,1.4715442495146775,2191.850146052277,26,1,20_COP_02
30,9.818181818181817,2191.7492111743522,1.4715442495146775,2191.850146052277,26,1,20_COP_02
30,10.0,2191.772904863642,1.4715442495146775,2191.850146052277,26,1,20_COP_02
30,10.181818181818182,2191.791036790897,1.4715442495146775,2191.850146052277,26,1,20_COP_02
30,10.363636363636365,2191.804912439776,1.4715442495146775,2191.850146052277,26,1,20_COP_02
30,10.545454545454545,2191.8155308902633,1.4715442495146775,2191.850146052277,26,1,20_COP_02
30,10.727272727272727,2191.8236567225,1.4715442495146775,2191.850146052277,26,1,20_COP_02
30,10.90909090909091,2191.829875051347,1.4715442495146775,2191.850146052277,26,1,20_COP_02
30,11.09090909090909,2191.8346336475274,1.4715442495146775,2191.850146052277,26,1,20_COP_02
30,11.272727272727273,2191.8382751743015,1.4715442495146775,2191.850146052277,26,1,20_COP_02
30,11.454545454545455,2191.841061858613,1.4715442495146775,2191.850146052277,26,1,20_COP_02
30,11.636363636363637,2191.8431943718647,1.4715442495146775,2191.850146052277,26,1,20_COP_02
30,11.818181818181818,2191.84482627913,1.4715442495146775,2191.850146052277,26,1,20_COP_02
30,12.0,2191.846075096809,1.4715442495146775,2191.850146052277,26,1,20_COP_02
30,12.181818181818182,2191.847030754735,1.4715442495146775,2191.850146052277,26,1,20_COP_02
30,12.363636363636363,2191.847762071942,1.4715442495146775,2191.850146052277,26,1,20_COP_02
30,12.545454545454547,2191.8483217123166,1.4715442495146775,2191.850146052277,26,1,20_COP_02
30,12.727272727272727,2191.848749976965,1.4715442495146775,2191.850146052277,26,1,20_COP_02
30,12.909090909090908,2191.8490777063375,1.4715442495146775,2191.850146052277,26,1,20_COP_02
30,13.090909090909092,2191.8493285011064,1.4715442495146775,2191.850146052277,26,1,20_COP_02
30,13.272727272727272,2191.8495204216892,1.4715442495146775,2191.850146052277,26,1,20_COP_02
30,13.454545454545455,2191.8496672888195,1.4715442495146775,2191.850146052277,26,1,20_COP_02
30,13.636363636363637,2191.849779678815,1.4715442495146775,2191.850146052277,26,1,20_COP_02
30,13.818181818181817,2191.8498656851984,1.4715442495146775,2191.850146052277,26,1,20_COP_02
30,14.0,2191.849931501535,1.4715442495146775,2191.850146052277,26,1,20_COP_02
30,14.181818181818182,2191.849981867449,1.4715442495146775,2191.850146052277,26,1,20_COP_02
30,14.363636363636363,2191.8500204099355,1.4715442495146775,2191.850146052277,26,1,20_COP_02
30,14.545454545454545,2191.850049904551,1.4715442495146775,2191.850146052277,26,1,20_COP_02
30,14.727272727272728,2191.8500724752876,1.4715442495146775,2191.850146052277,26,1,20_COP_02
30,14.90909090909091,2191.85008974753,1.4715442495146775,2191.850146052277,26,1,20_COP_02
30,15.09090909090909,2191.8501029651034,1.4715442495146775,2191.850146052277,26,1,20_COP_02
30,15.272727272727273,2191.8501130798436,1.4715442495146775,2191.850146052277,26,1,20_COP_02
30,15.454545454545453,2191.850120820143,1.4715442495146775,2191.850146052277,26,1,20_COP_02
30,15.636363636363637,2191.8501267434017,1.4715442495146775,2191.850146052277,26,1,20_COP_02
30,15.818181818181818,2191.850131276172,1.4715442495146775,2191.850146052277,26,1,20_COP_02
30,16.0,2191.8501347448714,1.4715442495146775,2191.850146052277,26,1,20_COP_02
30,16.181818181818183,2191.8501373992917,1.4715442495146775,2191.850146052277,26,1,20_COP_02
30,16.363636363636363,2191.8501394305854,1.4715442495146775,2191.850146052277,26,1,20_COP_02
30,16.545454545454547,2191.850140985032,1.4715442495146775,2191.850146052277,26,1,20_COP_02
30,16.727272727272727,2191.8501421745705,1.4715442495146775,2191.850146052277,26,1,20_COP_02
30,16.90909090909091,2191.8501430848646,1.4715442495146775,2191.850146052277,26,1,20_COP_02
30,17.09090909090909,2191.8501437814666,1.4715442495146775,2191.850146052277,26,1,20_COP_02
30,17.272727272727273,2191.8501443145406,1.4715442495146775,2191.850146052277,26,1,20_COP_02
30,17.454545454545453,2191.8501447224753,1.4715442495146775,2191.850146052277,26,1,20_COP_02
30,17.636363636363637,2191.850145034647,1.4715442495146775,2191.850146052277,26,1,20_COP_02
30,17.81818181818182,2191.8501452735363,1.4715442495146775,2191.850146052277,26,1,20_COP_02
30,18.0,2191.850145456346,1.4715442495146775,2191.850146052277,26,1,20_COP_02
31,0.0,25.0,0.3563560760991663,7036.007445010134,20,1,20_COP_05
31,0.18181818181818182,26.667084892571832,0.3563560760991663,7036.007445010134,20,1,20_COP_05
31,0.36363636363636365,28.444885643188634,0.3563560760991663,7036.007445010134,20,1,20_COP_05
31,0.5454545454545454,30.340693091060963,0.3563560760991663,7036.007445010134,20,1,20_COP_05
31,0.7272727272727273,32.362269640116565,0.3563560760991663,7036.007445010134,20,1,20_COP_05
31,0.9090909090909091,34.5178785808504,0.3563560760991663,7036.007445010134,20,1,20_COP_05
31,1.0909090909090908,36.81631507181611,0.3563560760991663,7036.007445010134,20,1,20_COP_05
31,1.2727272727272727,39.266938851458725,0.3563560760991663,7036.007445010134,20,1,20_COP_05
31,1.4545454545454546,41.87970875045675,0.3563560760991663,7036.007445010134,20,1,20_COP_05
31,1.6363636363636365,44.6652190735121,0.3563560760991663,7036.007445010134,20,1,20_COP_05
31,1.8181818181818181,47.6347379174764,0.3563560760991663,7036.007445010134,20,1,20_COP_05
31,2.0,50.80024748969082,0.3563560760991663,7036.007445010134,20,1,20_COP_05
31,2.1818181818181817,54.174486486284415,0.3563560760991663,7036.007445010134,20,1,20_COP_05
31,2.3636363636363638,57.770994584747214,0.3563560760991663,7036.007445010134,20,1,20_COP_05
31,2.5454545454545454,61.6041590981668,0.3563560760991663,7036.007445010134,20,1,20_COP_05
31,2.7272727272727275,65.68926382987061,0.3563560760991663,7036.007445010134,20,1,20_COP_05
31,2.909090909090909,70.04254015660155,0.3563560760991663,7036.007445010134,20,1,20_COP_05
31,3.090909090909091,74.68122035549736,0.3563560760991663,7036.007445010134,20,1,20_COP_05
31,3.272727272727273,79.62359317474325,0.3563560760991663,7036.007445010134,20,1,20_COP_05
31,3.454545454545454,84.88906162948504,0.3563560760991663,7036.007445010134,20,1,20_COP_05
31,3.6363636363636362,90.49820298306925,0.3563560760991663,7036.007445010134,20,1,20_COP_05
31,3.8181818181818183,96.47283084851188,0.3563560760991663,7036.007445010134,20,1,20_COP_05
31,4.0,102.83605931586742,0.3563560760991663,7036.007445010134,20,1,20_COP_05
31,4.181818181818182,109.612368977408,0.3563560760991663,7036.007445010134,20,1,20_COP_05
31,4.363636363636363,116.8276746837365,0.3563560760991663,7036.007445010134,20,1,20_COP_05
31,4.545454545454546,124.50939481962942,0.3563560760991663,7036.007445010134,20,1,20_COP_05
31,4.7272727272727275,132.6865218379823,0.3563560760991663,7036.007445010134,20,1,20_COP_05
31,4.909090909090908,141.3896937331515,0.3563560760991663,7036.007445010134,20,1,20_COP_05
31,5.090909090909091,150.65126607066935,0.3563560760991663,7036.007445010134,20,1,20_COP_05
31,5.2727272727272725,160.50538411817237,0.3563560760991663,7036.007445010134,20,1,20_COP_05
31,5.454545454545455,170.98805454186186,0.3563560760991663,7036.007445010134,20,1,20_COP_05
31,5.636363636363637,182.13721604335723,0.3563560760991663,7036.007445010134,20,1,20_COP_05
31,5.818181818181818,193.99280821292726,0.3563560760991663,7036.007445010134,20,1,20_COP_05
31,6.0,206.59683776635458,0.3563560760991663,7036.007445010134,20,1,20_COP_05
31,6.181818181818182,219.99344121381122,0.3563560760991663,7036.007445010134,20,1,20_COP_05
31,6.363636363636363,234.22894287989766,0.3563560760991663,7036.007445010134,20,1,20_COP_05
31,6.545454545454546,249.35190705447263,0.3563560760991663,7036.007445010134,20,1,20_COP_05
31,6.7272727272727275,265.413182904289,0.3563560760991663,7036.007445010134,20,1,20_COP_05
31,6.909090909090908,282.4659406163357,0.3563560760991663,7036.007445010134,20,1,20_COP_05
31,7.090909090909091,300.5656970760484,0.3563560760991663,7036.007445010134,20,1,20_COP_05
31,7.2727272727272725,319.77032920856414,0.3563560760991663,7036.007445010134,20,1,20_COP_05
31,7.454545454545455,340.1400729308082,0.3563560760991663,7036.007445010134,20,1,20_COP_05
31,7.636363636363637,361.73750547891586,0.3563560760991663,7036.007445010134,20,1,20_COP_05
31,7.818181818181818,384.6275086924666,0.3563560760991663,7036.007445010134,20,1,20_COP_05
31,8.0,408.8772106582583,0.3563560760991663,7036.007445010134,20,1,20_COP_05
31,8.181818181818182,434.5559029467346,0.3563560760991663,7036.007445010134,20,1,20_COP_05
31,8.363636363636363,461.73493051958826,0.3563560760991663,7036.007445010134,20,1,20_COP_05
31,8.545454545454545,490.4875512544339,0.3563560760991663,7036.007445010134,20,1,20_COP_05
31,8.727272727272727,520.8887619298594,0.3563560760991663,7036.007445010134,20,1,20_COP_05
31,8.90909090909091,553.0150874508438,0.3563560760991663,7036.007445010134,20,1,20_COP_05
31,9.090909090909092,586.9443300809129,0.3563560760991663,7036.007445010134,20,1,20_COP_05
31,9.272727272727273,622.755275494939,0.3563560760991663,7036.007445010134,20,1,20_COP_05
31,9.454545454545455,660.5273525877425,0.3563560760991663,7036.007445010134,20,1,20_COP_05
31,9.636363636363637,700.340244181797,0.3563560760991663,7036.007445010134,20,1,20_COP_05
31,9.818181818181817,742.2734460862533,0.3563560760991663,7036.007445010134,20,1,20_COP_05
31,10.0,786.4057723828902,0.3563560760991663,7036.007445010134,20,1,20_COP_05
31,10.181818181818182,832.8148053659718,0.3563560760991663,7036.007445010134,20,1,20_COP_05
31,10.363636363636365,881.5762892545604,0.3563560760991663,7036.007445010134,20,1,20_COP_05
31,10.545454545454545,932.7634676379449,0.3563560760991663,7036.007445010134,20,1,20_COP_05
31,10.727272727272727,986.4463656150801,0.3563560760991663,7036.007445010134,20,1,20_COP_05
31,10.90909090909091,1042.6910187508163,0.3563560760991663,7036.007445010134,20,1,20_COP_05
31,11.09090909090909,1101.5586522938454,0.3563560760991663,7036.007445010134,20,1,20_COP_05
31,11.272727272727273,1163.1048155760154,0.3563560760991663,7036.007445010134,20,1,20_COP_05
31,11.454545454545455,1227.378478124739,0.3563560760991663,7036.007445010134,20,1,20_COP_05
31,11.636363636363637,1294.4210957461537,0.3563560760991663,7036.007445010134,20,1,20_COP_05
31,11.818181818181818,1364.2656566431149,0.3563560760991663,7036.007445010134,20,1,20_COP_05
31,12.0,1436.9357194760069,0.3563560760991663,7036.007445010134,20,1,20_COP_05
31,12.181818181818182,1512.4444571019922,0.3563560760991663,7036.007445010134,20,1,20_COP_05
31,12.363636363636363,1590.793721476306,0.3563560760991663,7036.007445010134,20,1,20_COP_05
31,12.545454545454547,1671.973146794997,0.3563560760991663,7036.007445010134,20,1,20_COP_05
31,12.727272727272727,1755.9593093221665,0.3563560760991663,7036.007445010134,20,1,20_COP_05
31,12.909090909090908,1842.714963392121,0.3563560760991663,7036.007445010134,20,1,20_COP_05
31,13.090909090909092,1932.1883737218834,0.3563560760991663,7036.007445010134,20,1,20_COP_05
31,13.272727272727272,2024.3127643296202,0.3563560760991663,7036.007445010134,20,1,20_COP_05
31,13.454545454545455,2119.0059039547154,0.3563560760991663,7036.007445010134,20,1,20_COP_05
31,13.636363636363637,2216.1698468534837,0.3563560760991663,7036.007445010134,20,1,20_COP_05
31,13.818181818181817,2315.690846157805,0.3563560760991663,7036.007445010134,20,1,20_COP_05
31,14.0,2417.439454612632,0.3563560760991663,7036.007445010134,20,1,20_COP_05
31,14.181818181818182,2521.2708244615064,0.3563560760991663,7036.007445010134,20,1,20_COP_05
31,14.363636363636363,2627.025214567749,0.3563560760991663,7036.007445010134,20,1,20_COP_05
31,14.545454545454545,2734.528708617324,0.3563560760991663,7036.007445010134,20,1,20_COP_05
31,14.727272727272728,2843.5941435562745,0.3563560760991663,7036.007445010134,20,1,20_COP_05
31,14.90909090909091,2954.0222424102703,0.3563560760991663,7036.007445010134,20,1,20_COP_05
31,15.09090909090909,3065.6029404834094,0.3563560760991663,7036.007445010134,20,1,20_COP_05
31,15.272727272727273,3178.1168888241095,0.3563560760991663,7036.007445010134,20,1,20_COP_05
31,15.454545454545453,3291.33711397564,0.3563560760991663,7036.007445010134,20,1,20_COP_05
31,15.636363636363637,3405.030808596066,0.3563560760991663,7036.007445010134,20,1,20_COP_05
31,15.818181818181818,3518.9612237252904,0.3563560760991663,7036.007445010134,20,1,20_COP_05
31,16.0,3632.889630462536,0.3563560760991663,7036.007445010134,20,1,20_COP_05
31,16.181818181818183,3746.5773167312386,0.3563560760991663,7036.007445010134,20,1,20_COP_05
31,16.363636363636363,3859.7875837451743,0.3563560760991663,7036.007445010134,20,1,20_COP_05
31,16.545454545454547,3972.287706798707,0.3563560760991663,7036.007445010134,20,1,20_COP_05
31,16.727272727272727,4083.8508260849367,0.3563560760991663,7036.007445010134,20,1,20_COP_05
31,16.90909090909091,4194.257735348413,0.3563560760991663,7036.007445010134,20,1,20_COP_05
31,17.09090909090909,4303.29853920794,0.3563560760991663,7036.007445010134,20,1,20_COP_05
31,17.272727272727273,4410.77415380407,0.3563560760991663,7036.007445010134,20,1,20_COP_05
31,17.454545454545453,4516.497629867593,0.3563560760991663,7036.007445010134,20,1,20_COP_05
31,17.636363636363637,4620.295282181318,0.3563560760991663,7036.007445010134,20,1,20_COP_05
31,17.81818181818182,4722.00761451899,0.3563560760991663,7036.007445010134,20,1,20_COP_05
31,18.0,4821.490034294752,0.3563560760991663,7036.007445010134,20,1,20_COP_05
32,0.0,25.0,0.2631538828823134,1007.6400179040651,20,1,20_COP_05
32,0.18181818181818182,26.193381969385932,0.2631538828823134,1007.6400179040651,20,1,20_COP_05
32,0.36363636363636365,27.442139461328146,0.2631538828823134,1007.6400179040651,20,1,20_COP_05
32,0.5454545454545454,28.748687017468065,0.2631538828823134,1007.6400179040651,20,1,20_COP_05
32,0.7272727272727273,30.11552938879329,0.2631538828823134,1007.6400179040651,20,1,20_COP_05
32,0.9090909090909091,31.545263415483213,0.2631538828823134,1007.6400179040651,20,1,20_COP_05
32,1.0909090909090908,33.04057978419925,0.2631538828823134,1007.6400179040651,20,1,20_COP_05
32,1.2727272727272727,34.604264640875826,0.2631538828823134,1007.6400179040651,20,1,20_COP_05
32,1.4545454545454546,36.23920103513733,0.2631538828823134,1007.6400179040651,20,1,20_COP_05
32,1.6363636363636365,37.94837017044736,0.2631538828823134,1007.6400179040651,20,1,20_COP_05
32,1.8181818181818181,39.73485243199468,0.2631538828823134,1007.6400179040651,20,1,20_COP_05
32,2.0,41.601828162144976,0.2631538828823134,1007.6400179040651,20,1,20_COP_05
32,2.1818181818181817,43.55257815104911,0.2631538828823134,1007.6400179040651,20,1,20_COP_05
32,2.3636363636363638,45.59048380771084,0.2631538828823134,1007.6400179040651,20,1,20_COP_05
32,2.5454545454545454,47.71902697449676,0.2631538828823134,1007.6400179040651,20,1,20_COP_05
32,2.7272727272727275,49.941789345739394,0.2631538828823134,1007.6400179040651,20,1,20_COP_05
32,2.909090909090909,52.26245144876452,0.2631538828823134,1007.6400179040651,20,1,20_COP_05
32,3.090909090909091,54.6847911433949,0.2631538828823134,1007.6400179040651,20,1,20_COP_05
32,3.272727272727273,57.21268159377784,0.2631538828823134,1007.6400179040651,20,1,20_COP_05
32,3.454545454545454,59.85008866429083,0.2631538828823134,1007.6400179040651,20,1,20_COP_05
32,3.6363636363636362,62.60106768934282,0.2631538828823134,1007.6400179040651,20,1,20_COP_05
32,3.8181818181818183,65.4697595651548,0.2631538828823134,1007.6400179040651,20,1,20_COP_05
32,4.0,68.46038611013068,0.2631538828823134,1007.6400179040651,20,1,20_COP_05
32,4.181818181818182,71.57724463927521,0.2631538828823134,1007.6400179040651,20,1,20_COP_05
32,4.363636363636363,74.82470169734867,0.2631538828823134,1007.6400179040651,20,1,20_COP_05
32,4.545454545454546,78.20718589514067,0.2631538828823134,1007.6400179040651,20,1,20_COP_05
32,4.7272727272727275,81.72917979347481,0.2631538828823134,1007.6400179040651,20,1,20_COP_05
32,4.909090909090908,85.39521078040863,0.2631538828823134,1007.6400179040651,20,1,20_COP_05
32,5.090909090909091,89.20984088865303,0.2631538828823134,1007.6400179040651,20,1,20_COP_05
32,5.2727272727272725,93.17765550260036,0.2631538828823134,1007.6400179040651,20,1,20_COP_05
32,5.454545454545455,97.30325090760996,0.2631538828823134,1007.6400179040651,20,1,20_COP_05
32,5.636363636363637,101.5912206384547,0.2631538828823134,1007.6400179040651,20,1,20_COP_05
32,5.818181818181818,106.04614058917475,0.2631538828823134,1007.6400179040651,20,1,20_COP_05
32,6.0,110.67255285311191,0.2631538828823134,1007.6400179040651,20,1,20_COP_05
32,6.181818181818182,115.47494826969418,0.2631538828823134,1007.6400179040651,20,1,20_COP_05
32,6.363636363636363,120.45774766368814,0.2631538828823134,1007.6400179040651,20,1,20_COP_05
32,6.545454545454546,125.62528177320642,0.2631538828823134,1007.6400179040651,20,1,20_COP_05
32,6.7272727272727275,130.9817698747991,0.2631538828823134,1007.6400179040651,20,1,20_COP_05
32,6.909090909090908,136.53129712751132,0.2631538828823134,1007.6400179040651,20,1,20_COP_05
32,7.090909090909091,142.2777906728646,0.2631538828823134,1007.6400179040651,20,1,20_COP_05
32,7.2727272727272725,148.22499454430042,0.2631538828823134,1007.6400179040651,20,1,20_COP_05
32,7.454545454545455,154.37644345766685,0.2631538828823134,1007.6400179040651,20,1,20_COP_05
32,7.636363636363637,160.7354355737448,0.2631538828823134,1007.6400179040651,20,1,20_COP_05
32,7.818181818181818,167.30500434447788,0.2631538828823134,1007.6400179040651,20,1,20_COP_05
32,8.0,174.0878895763161,0.2631538828823134,1007.6400179040651,20,1,20_COP_05
32,8.181818181818182,181.08650786669114,0.2631538828823134,1007.6400179040651,20,1,20_COP_05
32,8.363636363636363,188.30292259283945,0.2631538828823134,1007.6400179040651,20,1,20_COP_05
32,8.545454545454545,195.73881365565558,0.2631538828823134,1007.6400179040651,20,1,20_COP_05
32,8.727272727272727,203.39544720461552,0.2631538828823134,1007.6400179040651,20,1,20_COP_05
32,8.90909090909091,211.27364559263307,0.2631538828823134,1007.6400179040651,20,1,20_COP_05
32,9.090909090909092,219.37375783152152,0.2631538828823134,1007.6400179040651,20,1,20_COP_05
32,9.272727272727273,227.69563083900988,0.2631538828823134,1007.6400179040651,20,1,20_COP_05
32,9.454545454545455,236.23858178645418,0.2631538828823134,1007.6400179040651,20,1,20_COP_05
32,9.636363636363637,245.0013718719025,0.2631538828823134,1007.6400179040651,20,1,20_COP_05
32,9.818181818181817,253.98218185542686,0.2631538828823134,1007.6400179040651,20,1,20_COP_05
32,10.0,263.1785897020264,0.2631538828823134,1007.6400179040651,20,1,20_COP_05
32,10.181818181818182,272.58755068135736,0.2631538828823134,1007.6400179040651,20,1,20_COP_05
32,10.363636363636365,282.2053802725148,0.2631538828823134,1007.6400179040651,20,1,20_COP_05
32,10.545454545454545,292.0277402155869,0.2631538828823134,1007.6400179040651,20,1,20_COP_05
32,10.727272727272727,302.0496280393178,0.2631538828823134,1007.6400179040651,20,1,20_COP_05
32,10.90909090909091,312.26537037563565,0.2631538828823134,1007.6400179040651,20,1,20_COP_05
32,11.09090909090909,322.66862034682606,0.2631538828823134,1007.6400179040651,20,1,20_COP_05
32,11.272727272727273,333.252359279707,0.2631538828823134,1007.6400179040651,20,1,20_COP_05
32,11.454545454545455,344.00890296336416,0.2631538828823134,1007.6400179040651,20,1,20_COP_05
32,11.636363636363637,354.9299126231176,0.2631538828823134,1007.6400179040651,20,1,20_COP_05
32,11.818181818181818,366.0064107338048,0.2631538828823134,1007.6400179040651,20,1,20_COP_05
32,12.0,377.2288017408227,0.2631538828823134,1007.6400179040651,20,1,20_COP_05
32,12.181818181818182,388.5868976984219,0.2631538828823134,1007.6400179040651,20,1,20_COP_05
32,12.363636363636363,400.0699487724404,0.2631538828823134,1007.6400179040651,20,1,20_COP_05
32,12.545454545454547,411.6666784900955,0.2631538828823134,1007.6400179040651,20,1,20_COP_05
32,12.727272727272727,423.365323553815,0.2631538828823134,1007.6400179040651,20,1,20_COP_05
32,12.909090909090908,435.1536779707134,0.2631538828823134,1007.6400179040651,20,1,20_COP_05
32,13.090909090909092,447.01914118554794,0.2631538828823134,1007.6400179040651,20,1,20_COP_05
32,13.272727272727272,458.94876984423956,0.2631538828823134,1007.6400179040651,20,1,20_COP_05
32,13.454545454545455,470.92933275867875,0.2631538828823134,1007.6400179040651,20,1,20_COP_05
32,13.636363636363637,482.94736859285274,0.2631538828823134,1007.6400179040651,20,1,20_COP_05
32,13.818181818181817,494.98924574658,0.2631538828823134,1007.6400179040651,20,1,20_COP_05
32,14.0,507.04122387732883,0.2631538828823134,1007.6400179040651,20,1,20_COP_05
32,14.181818181818182,519.0895164736695,0.2631538828823134,1007.6400179040651,20,1,20_COP_05
32,14.363636363636363,531.1203538764983,0.2631538828823134,1007.6400179040651,20,1,20_COP_05
32,14.545454545454545,543.1200461367273,0.2631538828823134,1007.6400179040651,20,1,20_COP_05
32,14.727272727272728,555.0750451008648,0.2631538828823134,1007.6400179040651,20,1,20_COP_05
32,14.90909090909091,566.9720051287035,0.2631538828823134,1007.6400179040651,20,1,20_COP_05
32,15.09090909090909,578.7978418699189,0.2631538828823134,1007.6400179040651,20,1,20_COP_05
32,15.272727272727273,590.5397885581403,0.2631538828823134,1007.6400179040651,20,1,20_COP_05
32,15.454545454545453,602.1854493212409,0.2631538828823134,1007.6400179040651,20,1,20_COP_05
32,15.636363636363637,613.7228490541886,0.2631538828823134,1007.6400179040651,20,1,20_COP_05
32,15.818181818181818,625.1404794546785,0.2631538828823134,1007.6400179040651,20,1,20_COP_05
32,16.0,636.4273408806457,0.2631538828823134,1007.6400179040651,20,1,20_COP_05
32,16.181818181818183,647.5729797512932,0.2631538828823134,1007.6400179040651,20,1,20_COP_05
32,16.363636363636363,658.5675212780734,0.2631538828823134,1007.6400179040651,20,1,20_COP_05
32,16.545454545454547,669.4016973777403,0.2631538828823134,1007.6400179040651,20,1,20_COP_05
32,16.727272727272727,680.0668696848195,0.2631538828823134,1007.6400179040651,20,1,20_COP_05
32,16.90909090909091,690.5550476443364,0.2631538828823134,1007.6400179040651,20,1,20_COP_05
32,17.09090909090909,700.8589017262917,0.2631538828823134,1007.6400179040651,20,1,20_COP_05
32,17.272727272727273,710.9717718601195,0.2631538828823134,1007.6400179040651,20,1,20_COP_05
32,17.454545454545453,720.8876712393907,0.2631538828823134,1007.6400179040651,20,1,20_COP_05
32,17.636363636363637,730.601285693632,0.2631538828823134,1007.6400179040651,20,1,20_COP_05
32,17.81818181818182,740.1079688648,0.2631538828823134,1007.6400179040651,20,1,20_COP_05
32,18.0,749.4037334603664,0.2631538828823134,1007.6400179040651,20,1,20_COP_05
33,0.0,25.0,0.3721438041209122,1456.6787382964249,20,1,20_COP_05
33,0.18181818181818182,26.71800337539375,0.3721438041209122,1456.6787382964249,20,1,20_COP_05
33,0.36363636363636365,28.55171369678459,0.3721438041209122,1456.6787382964249,20,1,20_COP_05
33,0.5454545454545454,30.50859017727024,0.3721438041209122,1456.6787382964249,20,1,20_COP_05
33,0.7272727272727273,32.59652574585806,0.3721438041209122,1456.6787382964249,20,1,20_COP_05
33,0.9090909090909091,34.82386553950179,0.3721438041209122,1456.6787382964249,20,1,20_COP_05
33,1.0909090909090908,37.199425171337985,0.3721438041209122,1456.6787382964249,20,1,20_COP_05
33,1.2727272727272727,39.73250858135095,0.3721438041209122,1456.6787382964249,20,1,20_COP_05
33,1.4545454545454546,42.43292524473879,0.3721438041209122,1456.6787382964249,20,1,20_COP_05
33,1.6363636363636365,45.311006479214335,0.3721438041209122,1456.6787382964249,20,1,20_COP_05
33,1.8181818181818181,48.37762055528582,0.3721438041209122,1456.6787382964249,20,1,20_COP_05
33,2.0,51.644186273214224,0.3721438041209122,1456.6787382964249,20,1,20_COP_05
33,2.1818181818181817,55.12268462690262,0.3721438041209122,1456.6787382964249,20,1,20_COP_05
33,2.3636363636363638,58.82566812860291,0.3721438041209122,1456.6787382964249,20,1,20_COP_05
33,2.5454545454545454,62.76626731930475,0.3721438041209122,1456.6787382964249,20,1,20_COP_05
33,2.7272727272727275,66.95819393842956,0.3721438041209122,1456.6787382964249,20,1,20_COP_05
33,2.909090909090909,71.41574017358666,0.3721438041209122,1456.6787382964249,20,1,20_COP_05
33,3.090909090909091,76.15377335746406,0.3721438041209122,1456.6787382964249,20,1,20_COP_05
33,3.272727272727273,81.187725425463,0.3721438041209122,1456.6787382964249,20,1,20_COP_05
33,3.454545454545454,86.53357639575663,0.3721438041209122,1456.6787382964249,20,1,20_COP_05
33,3.6363636363636362,92.20783108467673,0.3721438041209122,1456.6787382964249,20,1,20_COP_05
33,3.8181818181818183,98.22748822665767,0.3721438041209122,1456.6787382964249,20,1,20_COP_05
33,4.0,104.61000113171391,0.3721438041209122,1456.6787382964249,20,1,20_COP_05
33,4.181818181818182,111.37322898728819,0.3721438041209122,1456.6787382964249,20,1,20_COP_05
33,4.363636363636363,118.53537789836916,0.3721438041209122,1456.6787382964249,20,1,20_COP_05
33,4.545454545454546,126.11493076350872,0.3721438041209122,1456.6787382964249,20,1,20_COP_05
33,4.7272727272727275,134.1305651085866,0.3721438041209122,1456.6787382964249,20,1,20_COP_05
33,4.909090909090908,142.60105804899493,0.3721438041209122,1456.6787382964249,20,1,20_COP_05
33,5.090909090909091,151.545177628681,0.3721438041209122,1456.6787382964249,20,1,20_COP_05
33,5.2727272727272725,160.9815598956104,0.3721438041209122,1456.6787382964249,20,1,20_COP_05
33,5.454545454545455,170.92857122204464,0.3721438041209122,1456.6787382964249,20,1,20_COP_05
33,5.636363636363637,181.4041555686187,0.3721438041209122,1456.6787382964249,20,1,20_COP_05
33,5.818181818181818,192.4256666270531,0.3721438041209122,1456.6787382964249,20,1,20_COP_05
33,6.0,204.0096850600867,0.3721438041209122,1456.6787382964249,20,1,20_COP_05
33,6.181818181818182,216.17182139026824,0.3721438041209122,1456.6787382964249,20,1,20_COP_05
33,6.363636363636363,228.92650547140164,0.3721438041209122,1456.6787382964249,20,1,20_COP_05
33,6.545454545454546,242.28676390546275,0.3721438041209122,1456.6787382964249,20,1,20_COP_05
33,6.7272727272727275,256.263987239003,0.3721438041209122,1456.6787382964249,20,1,20_COP_05
33,6.909090909090908,270.86768927891745,0.3721438041209122,1456.6787382964249,20,1,20_COP_05
33,7.090909090909091,286.10526139730894,0.3721438041209122,1456.6787382964249,20,1,20_COP_05
33,7.2727272727272725,301.9817252349773,0.3721438041209122,1456.6787382964249,20,1,20_COP_05
33,7.454545454545455,318.49948774535574,0.3721438041209122,1456.6787382964249,20,1,20_COP_05
33,7.636363636363637,335.6581030247162,0.3721438041209122,1456.6787382964249,20,1,20_COP_05
33,7.818181818181818,353.4540458265454,0.3721438041209122,1456.6787382964249,20,1,20_COP_05
33,8.0,371.8805020322167,0.3721438041209122,1456.6787382964249,20,1,20_COP_05
33,8.181818181818182,390.9271816193064,0.3721438041209122,1456.6787382964249,20,1,20_COP_05
33,8.363636363636363,410.58015980593416,0.3721438041209122,1456.6787382964249,20,1,20_COP_05
33,8.545454545454545,430.8217520287375,0.3721438041209122,1456.6787382964249,20,1,20_COP_05
33,8.727272727272727,451.63042821118506,0.3721438041209122,1456.6787382964249,20,1,20_COP_05
33,8.90909090909091,472.9807713807816,0.3721438041209122,1456.6787382964249,20,1,20_COP_05
33,9.090909090909092,494.84348508825576,0.3721438041209122,1456.6787382964249,20,1,20_COP_05
33,9.272727272727273,517.1854532677862,0.3721438041209122,1456.6787382964249,20,1,20_COP_05
33,9.454545454545455,539.9698551636359,0.3721438041209122,1456.6787382964249,20,1,20_COP_05
33,9.636363636363637,563.1563367552019,0.3721438041209122,1456.6787382964249,20,1,20_COP_05
33,9.818181818181817,586.7012387707617,0.3721438041209122,1456.6787382964249,20,1,20_COP_05
33,10.0,610.557879932108,0.3721438041209122,1456.6787382964249,20,1,20_COP_05
33,10.181818181818182,634.6768925692489,0.3721438041209122,1456.6787382964249,20,1,20_COP_05
33,10.363636363636365,659.0066062449431,0.3721438041209122,1456.6787382964249,20,1,20_COP_05
33,10.545454545454545,683.4934735957279,0.3721438041209122,1456.6787382964249,20,1,20_COP_05
33,10.727272727272727,708.0825312927619,0.3721438041209122,1456.6787382964249,20,1,20_COP_05
33,10.90909090909091,732.7178879123442,0.3721438041209122,1456.6787382964249,20,1,20_COP_05
33,11.09090909090909,757.3432296356758,0.3721438041209122,1456.6787382964249,20,1,20_COP_05
33,11.272727272727273,781.9023341128375,0.3721438041209122,1456.6787382964249,20,1,20_COP_05
33,11.454545454545455,806.3395825561901,0.3721438041209122,1456.6787382964249,20,1,20_COP_05
33,11.636363636363637,830.6004601870205,0.3721438041209122,1456.6787382964249,20,1,20_COP_05
33,11.818181818181818,854.6320355432949,0.3721438041209122,1456.6787382964249,20,1,20_COP_05
33,12.0,878.3834098466001,0.3721438041209122,1456.6787382964249,20,1,20_COP_05
33,12.181818181818182,901.8061285885684,0.3721438041209122,1456.6787382964249,20,1,20_COP_05
33,12.363636363636363,924.8545486845446,0.3721438041209122,1456.6787382964249,20,1,20_COP_05
33,12.545454545454547,947.4861558988802,0.3721438041209122,1456.6787382964249,20,1,20_COP_05
33,12.727272727272727,969.6618287101928,0.3721438041209122,1456.6787382964249,20,1,20_COP_05
33,12.909090909090908,991.3460462926769,0.3721438041209122,1456.6787382964249,20,1,20_COP_05
33,13.090909090909092,1012.5070397794292,0.3721438041209122,1456.6787382964249,20,1,20_COP_05
33,13.272727272727272,1033.1168873894812,0.3721438041209122,1456.6787382964249,20,1,20_COP_05
33,13.454545454545455,1053.1515552935268,0.3721438041209122,1456.6787382964249,20,1,20_COP_05
33,13.636363636363637,1072.5908872258062,0.3721438041209122,1456.6787382964249,20,1,20_COP_05
33,13.818181818181817,1091.4185467940922,0.3721438041209122,1456.6787382964249,20,1,20_COP_05
33,14.0,1109.621917180053,0.3721438041209122,1456.6787382964249,20,1,20_COP_05
33,14.181818181818182,1127.1919634534602,0.3721438041209122,1456.6787382964249,20,1,20_COP_05
33,14.363636363636363,1144.1230630501761,0.3721438041209122,1456.6787382964249,20,1,20_COP_05
33,14.545454545454545,1160.4128100984867,0.3721438041209122,1456.6787382964249,20,1,20_COP_05
33,14.727272727272728,1176.0617992402588,0.3721438041209122,1456.6787382964249,20,1,20_COP_05
33,14.90909090909091,1191.07339440634,0.3721438041209122,1456.6787382964249,20,1,20_COP_05
33,15.09090909090909,1205.4534876959428,0.3721438041209122,1456.6787382964249,20,1,20_COP_05
33,15.272727272727273,1219.2102531047797,0.3721438041209122,1456.6787382964249,20,1,20_COP_05
33,15.454545454545453,1232.353899373324,0.3721438041209122,1456.6787382964249,20,1,20_COP_05
33,15.636363636363637,1244.8964257099449,0.3721438041209122,1456.6787382964249,20,1,20_COP_05
33,15.818181818181818,1256.8513836064826,0.3721438041209122,1456.6787382964249,20,1,20_COP_05
33,16.0,1268.2336474257575,0.3721438041209122,1456.6787382964249,20,1,20_COP_05
33,16.181818181818183,1279.0591959177316,0.3721438041209122,1456.6787382964249,20,1,20_COP_05
33,16.363636363636363,1289.344906326459,0.3721438041209122,1456.6787382964249,20,1,20_COP_05
33,16.545454545454547,1299.1083622930387,0.3721438041209122,1456.6787382964249,20,1,20_COP_05
33,16.727272727272727,1308.3676763470116,0.3721438041209122,1456.6787382964249,20,1,20_COP_05
33,16.90909090909091,1317.1413274138129,0.3721438041209122,1456.6787382964249,20,1,20_COP_05
33,17.09090909090909,1325.4480134504022,0.3721438041209122,1456.6787382964249,20,1,20_COP_05
33,17.272727272727273,1333.3065190547266,0.3721438041209122,1456.6787382964249,20,1,20_COP_05
33,17.454545454545453,1340.7355976752426,0.3721438041209122,1456.6787382964249,20,1,20_COP_05
33,17.636363636363637,1347.753867871415,0.3721438041209122,1456.6787382964249,20,1,20_COP_05
33,17.81818181818182,1354.3797229411662,0.3721438041209122,1456.6787382964249,20,1,20_COP_05
33,18.0,1360.6312531324836,0.3721438041209122,1456.6787382964249,20,1,20_COP_05
34,0.0,25.0,0.6817624025077896,4213.118226622153,26,1,20_COP_05
34,0.18181818181818182,28.277031290258734,0.6817624025077896,4213.118226622153,26,1,20_COP_05
34,0.36363636363636365,31.98033985701434,0.6817624025077896,4213.118226622153,26,1,20_COP_05
34,0.5454545454545454,36.1644618658728,0.6817624025077896,4213.118226622153,26,1,20_COP_05
34,0.7272727272727273,40.890656393577196,0.6817624025077896,4213.118226622153,26,1,20_COP_05
34,0.9090909090909091,46.227663412352356,0.6817624025077896,4213.118226622153,26,1,20_COP_05
34,1.0909090909090908,52.25252727472992,0.6817624025077896,4213.118226622153,26,1,20_COP_05
34,1.2727272727272727,59.051485422023276,0.6817624025077896,4213.118226622153,26,1,20_COP_05
34,1.4545454545454546,66.72091983270667,0.6817624025077896,4213.118226622153,26,1,20_COP_05
34,1.6363636363636365,75.368365759927,0.6817624025077896,4213.118226622153,26,1,20_COP_05
34,1.8181818181818181,85.11356840511687,0.6817624025077896,4213.118226622153,26,1,20_COP_05
34,2.0,96.08957313961362,0.6817624025077896,4213.118226622153,26,1,20_COP_05
34,2.1818181818181817,108.44382850299435,0.6817624025077896,4213.118226622153,26,1,20_COP_05
34,2.3636363636363638,122.33927325197496,0.6817624025077896,4213.118226622153,26,1,20_COP_05
34,2.5454545454545454,137.9553689919675,0.6817624025077896,4213.118226622153,26,1,20_COP_05
34,2.7272727272727275,155.4890282139172,0.6817624025077896,4213.118226622153,26,1,20_COP_05
34,2.909090909090909,175.15537377417314,0.6817624025077896,4213.118226622153,26,1,20_COP_05
34,3.090909090909091,197.18825001499357,0.6817624025077896,4213.118226622153,26,1,20_COP_05
34,3.272727272727273,221.84038804930518,0.6817624025077896,4213.118226622153,26,1,20_COP_05
34,3.454545454545454,249.38310874265304,0.6817624025077896,4213.118226622153,26,1,20_COP_05
34,3.6363636363636362,280.1054275451992,0.6817624025077896,4213.118226622153,26,1,20_COP_05
34,3.8181818181818183,314.31240702406,0.6817624025077896,4213.118226622153,26,1,20_COP_05
34,4.0,352.32258785997107,0.6817624025077896,4213.118226622153,26,1,20_COP_05
34,4.181818181818182,394.4643201249,0.6817624025077896,4213.118226622153,26,1,20_COP_05
34,4.363636363636363,441.0708176115838,0.6817624025077896,4213.118226622153,26,1,20_COP_05
34,4.545454545454546,492.47377339331445,0.6817624025077896,4213.118226622153,26,1,20_COP_05
34,4.7272727272727275,548.9954097672967,0.6817624025077896,4213.118226622153,26,1,20_COP_05
34,4.909090909090908,610.9388954828536,0.6817624025077896,4213.118226622153,26,1,20_COP_05
34,5.090909090909091,678.5771521855705,0.6817624025077896,4213.118226622153,26,1,20_COP_05
34,5.2727272727272725,752.1401929974434,0.6817624025077896,4213.118226622153,26,1,20_COP_05
34,5.454545454545455,831.8012885002737,0.6817624025077896,4213.118226622153,26,1,20_COP_05
34,5.636363636363637,917.6624336071995,0.6817624025077896,4213.118226622153,26,1,20_COP_05
34,5.818181818181818,1009.7397810511676,0.6817624025077896,4213.118226622153,26,1,20_COP_05
34,6.0,1107.9498944168158,0.6817624025077896,4213.118226622153,26,1,20_COP_05
34,6.181818181818182,1212.0978297916718,0.6817624025077896,4213.118226622153,26,1,20_COP_05
34,6.363636363636363,1321.8681493117954,0.6817624025077896,4213.118226622153,26,1,20_COP_05
34,6.545454545454546,1436.8199704228073,0.6817624025077896,4213.118226622153,26,1,20_COP_05
34,6.7272727272727275,1556.3870350968762,0.6817624025077896,4213.118226622153,26,1,20_COP_05
34,6.909090909090908,1679.8835294359994,0.6817624025077896,4213.118226622153,26,1,20_COP_05
34,7.090909090909091,1806.5160010016732,0.6817624025077896,4213.118226622153,26,1,20_COP_05
34,7.2727272727272725,1935.4012370234705,0.6817624025077896,4213.118226622153,26,1,20_COP_05
34,7.454545454545455,2065.5894324581477,0.6817624025077896,4213.118226622153,26,1,20_COP_05
34,7.636363636363637,2196.0914607760815,0.6817624025077896,4213.118226622153,26,1,20_COP_05
34,7.818181818181818,2325.9086361930094,0.6817624025077896,4213.118226622153,26,1,20_COP_05
34,8.0,2454.0630891615187,0.6817624025077896,4213.118226622153,26,1,20_COP_05
34,8.181818181818182,2579.6268102098634,0.6817624025077896,4213.118226622153,26,1,20_COP_05
34,8.363636363636363,2701.747561597202,0.6817624025077896,4213.118226622153,26,1,20_COP_05
34,8.545454545454545,2819.6701881899153,0.6817624025077896,4213.118226622153,26,1,20_COP_05
34,8.727272727272727,2932.7523257653424,0.6817624025077896,4213.118226622153,26,1,20_COP_05
34,8.90909090909091,3040.474036391806,0.6817624025077896,4213.118226622153,26,1,20_COP_05
34,9.090909090909092,3142.441423343909,0.6817624025077896,4213.118226622153,26,1,20_COP_05
34,9.272727272727273,3238.3847293737076,0.6817624025077896,4213.118226622153,26,1,20_COP_05
34,9.454545454545455,3328.151759118077,0.6817624025077896,4213.118226622153,26,1,20_COP_05
34,9.636363636363637,3411.697669688752,0.6817624025077896,4213.118226622153,26,1,20_COP_05
34,9.818181818181817,3489.0722458778205,0.6817624025077896,4213.118226622153,26,1,20_COP_05
34,10.0,3560.4057374736008,0.6817624025077896,4213.118226622153,26,1,20_COP_05
34,10.181818181818182,3625.894215141864,0.6817624025077896,4213.118226622153,26,1,20_COP_05
34,10.363636363636365,3685.785230201752,0.6817624025077896,4213.118226622153,26,1,20_COP_05
34,10.545454545454545,3740.36437185722,0.6817624025077896,4213.118226622153,26,1,20_COP_05
34,10.727272727272727,3789.94312658938,0.6817624025077896,4213.118226622153,26,1,20_COP_05
34,10.90909090909091,3834.8482748130386,0.6817624025077896,4213.118226622153,26,1,20_COP_05
34,11.09090909090909,3875.412918884206,0.6817624025077896,4213.118226622153,26,1,20_COP_05
34,11.272727272727273,3911.9691275949403,0.6817624025077896,4213.118226622153,26,1,20_COP_05
34,11.454545454545455,3944.8421046039034,0.6817624025077896,4213.118226622153,26,1,20_COP_05
34,11.636363636363637,3974.345738311859,0.6817624025077896,4213.118226622153,26,1,20_COP_05
34,11.818181818181818,4000.779363618901,0.6817624025077896,4213.118226622153,26,1,20_COP_05
34,12.0,4024.4255565490575,0.6817624025077896,4213.118226622153,26,1,20_COP_05
34,12.181818181818182,4045.5487859526493,0.6817624025077896,4213.118226622153,26,1,20_COP_05
34,12.363636363636363,4064.3947581243656,0.6817624025077896,4213.118226622153,26,1,20_COP_05
34,12.545454545454547,4081.190306756473,0.6817624025077896,4213.118226622153,26,1,20_COP_05
34,12.727272727272727,4096.143699561492,0.6817624025077896,4213.118226622153,26,1,20_COP_05
34,12.909090909090908,4109.445252273469,0.6817624025077896,4213.118226622153,26,1,20_COP_05
34,13.090909090909092,4121.268159321112,0.6817624025077896,4213.118226622153,26,1,20_COP_05
34,13.272727272727272,4131.769467499586,0.6817624025077896,4213.118226622153,26,1,20_COP_05
34,13.454545454545455,4141.091134055985,0.6817624025077896,4213.118226622153,26,1,20_COP_05
34,13.636363636363637,4149.361123609713,0.6817624025077896,4213.118226622153,26,1,20_COP_05
34,13.818181818181817,4156.694509288422,0.6817624025077896,4213.118226622153,26,1,20_COP_05
34,14.0,4163.194552512843,0.6817624025077896,4213.118226622153,26,1,20_COP_05
34,14.181818181818182,4168.9537432075695,0.6817624025077896,4213.118226622153,26,1,20_COP_05
34,14.363636363636363,4174.0547880700715,0.6817624025077896,4213.118226622153,26,1,20_COP_05
34,14.545454545454545,4178.571539119209,0.6817624025077896,4213.118226622153,26,1,20_COP_05
34,14.727272727272728,4182.569858276562,0.6817624025077896,4213.118226622153,26,1,20_COP_05
34,14.90909090909091,4186.108416398764,0.6817624025077896,4213.118226622153,26,1,20_COP_05
34,15.09090909090909,4189.239427142786,0.6817624025077896,4213.118226622153,26,1,20_COP_05
34,15.272727272727273,4192.009317451359,0.6817624025077896,4213.118226622153,26,1,20_COP_05
34,15.454545454545453,4194.45933741187,0.6817624025077896,4213.118226622153,26,1,20_COP_05
34,15.636363636363637,4196.626112868078,0.6817624025077896,4213.118226622153,26,1,20_COP_05
34,15.818181818181818,4198.54214453047,0.6817624025077896,4213.118226622153,26,1,20_COP_05
34,16.0,4200.236257502812,0.6817624025077896,4213.118226622153,26,1,20_COP_05
34,16.181818181818183,4201.73400517102,0.6817624025077896,4213.118226622153,26,1,20_COP_05
34,16.363636363636363,4203.058031326502,0.6817624025077896,4213.118226622153,26,1,20_COP_05
34,16.545454545454547,4204.228394251108,0.6817624025077896,4213.118226622153,26,1,20_COP_05
34,16.727272727272727,4205.262856298958,0.6817624025077896,4213.118226622153,26,1,20_COP_05
34,16.90909090909091,4206.177142290162,0.6817624025077896,4213.118226622153,26,1,20_COP_05
34,17.09090909090909,4206.98516979639,0.6817624025077896,4213.118226622153,26,1,20_COP_05
34,17.272727272727273,4207.699254158623,0.6817624025077896,4213.118226622153,26,1,20_COP_05
34,17.454545454545453,4208.330290840224,0.6817624025077896,4213.118226622153,26,1,20_COP_05
34,17.636363636363637,4208.887917488987,0.6817624025077896,4213.118226622153,26,1,20_COP_05
34,17.81818181818182,4209.380657863171,0.6817624025077896,4213.118226622153,26,1,20_COP_05
34,18.0,4209.816049570865,0.6817624025077896,4213.118226622153,26,1,20_COP_05
35,0.0,25.0,0.5889908110045176,5060.097301304283,26,1,20_COP_05
35,0.22222222222222224,28.476295958464373,0.5889908110045176,5060.097301304283,26,1,20_COP_05
35,0.4444444444444445,32.432863602577164,0.5889908110045176,5060.097301304283,26,1,20_COP_05
35,0.6666666666666667,36.93513124259517,0.5889908110045176,5060.097301304283,26,1,20_COP_05
35,0.888888888888889,42.05716681606608,0.5889908110045176,5060.097301304283,26,1,20_COP_05
35,1.1111111111111112,47.88273755887773,0.5889908110045176,5060.097301304283,26,1,20_COP_05
35,1.3333333333333335,54.50647533969131,0.5889908110045176,5060.097301304283,26,1,20_COP_05
35,1.5555555555555556,62.035150601492084,0.5889908110045176,5060.097301304283,26,1,20_COP_05
35,1.777777777777778,70.58905513486492,0.5889908110045176,5060.097301304283,26,1,20_COP_05
35,2.0,80.30349005600328,0.5889908110045176,5060.097301304283,26,1,20_COP_05
35,2.2222222222222223,91.33035007554936,0.5889908110045176,5060.097301304283,26,1,20_COP_05
35,2.444444444444444,103.83978806724072,0.5889908110045176,5060.097301304283,26,1,20_COP_05
35,2.666666666666667,118.02193467370056,0.5889908110045176,5060.097301304283,26,1,20_COP_05
35,2.8888888888888893,134.08863577702752,0.5889908110045176,5060.097301304283,26,1,20_COP_05
35,3.111111111111111,152.27515565315832,0.5889908110045176,5060.097301304283,26,1,20_COP_05
35,3.3333333333333335,172.84177508167556,0.5889908110045176,5060.097301304283,26,1,20_COP_05
35,3.555555555555556,196.07519124105642,0.5889908110045176,5060.097301304283,26,1,20_COP_05
35,3.7777777777777777,222.28959970552208,0.5889908110045176,5060.097301304283,26,1,20_COP_05
35,4.0,251.82730840790262,0.5889908110045176,5060.097301304283,26,1,20_COP_05
35,4.222222222222222,285.05869967078087,0.5889908110045176,5060.097301304283,26,1,20_COP_05
35,4.444444444444445,322.3813206881027,0.5889908110045176,5060.097301304283,26,1,20_COP_05
35,4.666666666666667,364.21784751635687,0.5889908110045176,5060.097301304283,26,1,20_COP_05
35,4.888888888888888,411.0126363694334,0.5889908110045176,5060.097301304283,26,1,20_COP_05
35,5.111111111111111,463.22655405958693,0.5889908110045176,5060.097301304283,26,1,20_COP_05
35,5.333333333333334,521.3297738361782,0.5889908110045176,5060.097301304283,26,1,20_COP_05
35,5.555555555555556,585.7922424790547,0.5889908110045176,5060.097301304283,26,1,20_COP_05
35,5.777777777777779,657.071579564589,0.5889908110045176,5060.097301304283,26,1,20_COP_05
35,6.0,735.5982711205359,0.5889908110045176,5060.097301304283,26,1,20_COP_05
35,6.222222222222222,821.7581770983178,0.5889908110045176,5060.097301304283,26,1,20_COP_05
35,6.444444444444445,915.8725913351662,0.5889908110045176,5060.097301304283,26,1,20_COP_05
35,6.666666666666667,1018.1763732795548,0.5889908110045176,5060.097301304283,26,1,20_COP_05
35,6.888888888888889,1128.7950015833558,0.5889908110045176,5060.097301304283,26,1,20_COP_05
35,7.111111111111112,1247.7217557859365,0.5889908110045176,5060.097301304283,26,1,20_COP_05
35,7.333333333333333,1374.7965730965857,0.5889908110045176,5060.097301304283,26,1,20_COP_05
35,7.555555555555555,1509.6883974329644,0.5889908110045176,5060.097301304283,26,1,20_COP_05
35,7.777777777777778,1651.8829727904124,0.5889908110045176,5060.097301304283,26,1,20_COP_05
35,8.0,1800.6779691263948,0.5889908110045176,5060.097301304283,26,1,20_COP_05
35,8.222222222222223,1955.1870183614271,0.5889908110045176,5060.097301304283,26,1,20_COP_05
35,8.444444444444445,2114.3536649929433,0.5889908110045176,5060.097301304283,26,1,20_COP_05
35,8.666666666666666,2276.9754300492637,0.5889908110045176,5060.097301304283,26,1,20_COP_05
35,8.88888888888889,2441.7372298126447,0.5889908110045176,5060.097301304283,26,1,20_COP_05
35,9.11111111111111,2607.252407561038,0.5889908110045176,5060.097301304283,26,1,20_COP_05
35,9.333333333333334,2772.1087773707413,0.5889908110045176,5060.097301304283,26,1,20_COP_05
35,9.555555555555555,2934.916487395809,0.5889908110045176,5060.097301304283,26,1,20_COP_05
35,9.777777777777777,3094.3542904829396,0.5889908110045176,5060.097301304283,26,1,20_COP_05
35,10.0,3249.2110023042237,0.5889908110045176,5060.097301304283,26,1,20_COP_05
35,10.222222222222221,3398.4194964918784,0.5889908110045176,5060.097301304283,26,1,20_COP_05
35,10.444444444444445,3541.0814317304034,0.5889908110045176,5060.097301304283,26,1,20_COP_05
35,10.666666666666668,3676.4818854192126,0.5889908110045176,5060.097301304283,26,1,20_COP_05
35,10.88888888888889,3804.0940318984135,0.5889908110045176,5060.097301304283,26,1,20_COP_05
35,11.111111111111112,3923.5748222807365,0.5889908110045176,5060.097301304283,26,1,20_COP_05
35,11.333333333333332,4034.7532131628777,0.5889908110045176,5060.097301304283,26,1,20_COP_05
35,11.555555555555557,4137.612819654721,0.5889908110045176,5060.097301304283,26,1,20_COP_05
35,11.777777777777779,4232.270947392216,0.5889908110045176,5060.097301304283,26,1,20_COP_05
35,12.0,4318.955834730972,0.5889908110045176,5060.097301304283,26,1,20_COP_05
35,12.222222222222223,4397.98367316913,0.5889908110045176,5060.097301304283,26,1,20_COP_05
35,12.444444444444445,4469.736636135025,0.5889908110045176,5060.097301304283,26,1,20_COP_05
35,12.666666666666668,4534.642789733672,0.5889908110045176,5060.097301304283,26,1,20_COP_05
35,12.88888888888889,4593.158425566855,0.5889908110045176,5060.097301304283,26,1,20_COP_05
35,13.11111111111111,4645.753071281228,0.5889908110045176,5060.097301304283,26,1,20_COP_05
35,13.333333333333334,4692.897211016773,0.5889908110045176,5060.097301304283,26,1,20_COP_05
35,13.555555555555555,4735.052586684614,0.5889908110045176,5060.097301304283,26,1,20_COP_05
35,13.777777777777779,4772.664846228447,0.5889908110045176,5060.097301304283,26,1,20_COP_05
35,14.0,4806.158247193547,0.5889908110045176,5060.097301304283,26,1,20_COP_05
35,14.222222222222223,4835.932102274453,0.5889908110045176,5060.097301304283,26,1,20_COP_05
35,14.444444444444445,4862.358657706639,0.5889908110045176,5060.097301304283,26,1,20_COP_05
35,14.666666666666666,4885.782116461753,0.5889908110045176,5060.097301304283,26,1,20_COP_05
35,14.88888888888889,4906.518549029343,0.5889908110045176,5060.097301304283,26,1,20_COP_05
35,15.11111111111111,4924.856469749543,0.5889908110045176,5060.097301304283,26,1,20_COP_05
35,15.333333333333334,4941.0578924412575,0.5889908110045176,5060.097301304283,26,1,20_COP_05
35,15.555555555555555,4955.359713015999,0.5889908110045176,5060.097301304283,26,1,20_COP_05
35,15.777777777777777,4967.975297467941,0.5889908110045176,5060.097301304283,26,1,20_COP_05
35,16.0,4979.096180417683,0.5889908110045176,5060.097301304283,26,1,20_COP_05
35,16.22222222222222,4988.8938020994365,0.5889908110045176,5060.097301304283,26,1,20_COP_05
35,16.444444444444446,4997.521230480464,0.5889908110045176,5060.097301304283,26,1,20_COP_05
35,16.666666666666668,5005.114830434667,0.5889908110045176,5060.097301304283,26,1,20_COP_05
35,16.88888888888889,5011.795853995592,0.5889908110045176,5060.097301304283,26,1,20_COP_05
35,17.11111111111111,5017.671935148652,0.5889908110045176,5060.097301304283,26,1,20_COP_05
35,17.333333333333332,5022.838479833733,0.5889908110045176,5060.097301304283,26,1,20_COP_05
35,17.555555555555557,5027.37994722476,0.5889908110045176,5060.097301304283,26,1,20_COP_05
35,17.77777777777778,5031.371022290735,0.5889908110045176,5060.097301304283,26,1,20_COP_05
35,18.0,5034.877682429491,0.5889908110045176,5060.097301304283,26,1,20_COP_05
35,18.22222222222222,5037.95816285689,0.5889908110045176,5060.097301304283,26,1,20_COP_05
35,18.444444444444443,5040.663826640325,0.5889908110045176,5060.097301304283,26,1,20_COP_05
35,18.666666666666668,5043.039945955695,0.5889908110045176,5060.097301304283,26,1,20_COP_05
35,18.88888888888889,5045.126401456239,0.5889908110045176,5060.097301304283,26,1,20_COP_05
35,19.11111111111111,5046.958306675662,0.5889908110045176,5060.097301304283,26,1,20_COP_05
35,19.333333333333332,5048.566564229034,0.5889908110045176,5060.097301304283,26,1,20_COP_05
35,19.555555555555554,5049.9783602858015,0.5889908110045176,5060.097301304283,26,1,20_COP_05
35,19.77777777777778,5051.2176034174,0.5889908110045176,5060.097301304283,26,1,20_COP_05
35,20.0,5052.305313502786,0.5889908110045176,5060.097301304283,26,1,20_COP_05
35,20.22222222222222,5053.259965934507,0.5889908110045176,5060.097301304283,26,1,20_COP_05
35,20.444444444444443,5054.0977959242,0.5889908110045176,5060.097301304283,26,1,20_COP_05
35,20.666666666666668,5054.833067272587,0.5889908110045176,5060.097301304283,26,1,20_COP_05
35,20.88888888888889,5055.478309553613,0.5889908110045176,5060.097301304283,26,1,20_COP_05
35,21.11111111111111,5056.044527270958,0.5889908110045176,5060.097301304283,26,1,20_COP_05
35,21.333333333333336,5056.5413841806485,0.5889908110045176,5060.097301304283,26,1,20_COP_05
35,21.555555555555554,5056.9773656375055,0.5889908110045176,5060.097301304283,26,1,20_COP_05
35,21.77777777777778,5057.359921515642,0.5889908110045176,5060.097301304283,26,1,20_COP_05
35,22.0,5057.695591973688,0.5889908110045176,5060.097301304283,26,1,20_COP_05
36,0.0,25.0,0.6069144699355664,6931.155170566368,26,1,20_COP_05
36,0.22222222222222224,28.594804763333155,0.6069144699355664,6931.155170566368,26,1,20_COP_05
36,0.4444444444444445,32.7040665775392,0.6069144699355664,6931.155170566368,26,1,20_COP_05
36,0.6666666666666667,37.40065668263179,0.6069144699355664,6931.155170566368,26,1,20_COP_05
36,0.888888888888889,42.76753677643269,0.6069144699355664,6931.155170566368,26,1,20_COP_05
36,1.1111111111111112,48.8990850581925,0.6069144699355664,6931.155170566368,26,1,20_COP_05
36,1.3333333333333335,55.90257450097521,0.6069144699355664,6931.155170566368,26,1,20_COP_05
36,1.5555555555555556,63.89981381442584,0.6069144699355664,6931.155170566368,26,1,20_COP_05
36,1.777777777777778,73.02895980759607,0.6069144699355664,6931.155170566368,26,1,20_COP_05
36,2.0,83.44650699084596,0.6069144699355664,6931.155170566368,26,1,20_COP_05
36,2.2222222222222223,95.3294559039615,0.6069144699355664,6931.155170566368,26,1,20_COP_05
36,2.444444444444444,108.87765537753808,0.6069144699355664,6931.155170566368,26,1,20_COP_05
36,2.666666666666667,124.31630518555112,0.6069144699355664,6931.155170566368,26,1,20_COP_05
36,2.8888888888888893,141.8985936892472,0.6069144699355664,6931.155170566368,26,1,20_COP_05
36,3.111111111111111,161.90842937113254,0.6069144699355664,6931.155170566368,26,1,20_COP_05
36,3.3333333333333335,184.66320480041864,0.6069144699355664,6931.155170566368,26,1,20_COP_05
36,3.555555555555556,210.516505707856,0.6069144699355664,6931.155170566368,26,1,20_COP_05
36,3.7777777777777777,239.8606456644587,0.6069144699355664,6931.155170566368,26,1,20_COP_05
36,4.0,273.12886769769784,0.6069144699355664,6931.155170566368,26,1,20_COP_05
36,4.222222222222222,310.7970077232963,0.6069144699355664,6931.155170566368,26,1,20_COP_05
36,4.444444444444445,353.38436120882704,0.6069144699355664,6931.155170566368,26,1,20_COP_05
36,4.666666666666667,401.45343527000995,0.6069144699355664,6931.155170566368,26,1,20_COP_05
36,4.888888888888888,455.6082061118352,0.6069144699355664,6931.155170566368,26,1,20_COP_05
36,5.111111111111111,516.4904410220299,0.6069144699355664,6931.155170566368,26,1,20_COP_05
36,5.333333333333334,584.77359223469,0.6069144699355664,6931.155170566368,26,1,20_COP_05
36,5.555555555555556,661.1537372542567,0.6069144699355664,6931.155170566368,26,1,20_COP_05
36,5.777777777777779,746.337040452198,0.6069144699355664,6931.155170566368,26,1,20_COP_05
36,6.0,841.0232610007832,0.6069144699355664,6931.155170566368,26,1,20_COP_05
36,6.222222222222222,945.884951903634,0.6069144699355664,6931.155170566368,26,1,20_COP_05
36,6.444444444444445,1061.5422036120137,0.6069144699355664,6931.155170566368,26,1,20_COP_05
36,6.666666666666667,1188.5330995493664,0.6069144699355664,6931.155170566368,26,1,20_COP_05
36,6.888888888888889,1327.2804769774716,0.6069144699355664,6931.155170566368,26,1,20_COP_05
36,7.111111111111112,1478.056116551855,0.6069144699355664,6931.155170566368,26,1,20_COP_05
36,7.333333333333333,1640.9440863997665,0.6069144699355664,6931.155170566368,26,1,20_COP_05
36,7.555555555555555,1815.8055820546053,0.6069144699355664,6931.155170566368,26,1,20_COP_05
36,7.777777777777778,2002.248142923887,0.6069144699355664,6931.155170566368,26,1,20_COP_05
36,8.0,2199.6024764025246,0.6069144699355664,6931.155170566368,26,1,20_COP_05
36,8.222222222222223,2406.910161597646,0.6069144699355664,6931.155170566368,26,1,20_COP_05
36,8.444444444444445,2622.9251326492504,0.6069144699355664,6931.155170566368,26,1,20_COP_05
36,8.666666666666666,2846.131002361139,0.6069144699355664,6931.155170566368,26,1,20_COP_05
36,8.88888888888889,3074.7750043244355,0.6069144699355664,6931.155170566368,26,1,20_COP_05
36,9.11111111111111,3306.917725749589,0.6069144699355664,6931.155170566368,26,1,20_COP_05
36,9.333333333333334,3540.4960843697468,0.6069144699355664,6931.155170566368,26,1,20_COP_05
36,9.555555555555555,3773.3954399654476,0.6069144699355664,6931.155170566368,26,1,20_COP_05
36,9.777777777777777,4003.5255962200563,0.6069144699355664,6931.155170566368,26,1,20_COP_05
36,10.0,4228.894952197367,0.6069144699355664,6931.155170566368,26,1,20_COP_05
36,10.222222222222221,4447.677299794179,0.6069144699355664,6931.155170566368,26,1,20_COP_05
36,10.444444444444445,4658.266688451783,0.6069144699355664,6931.155170566368,26,1,20_COP_05
36,10.666666666666668,4859.317217127123,0.6069144699355664,6931.155170566368,26,1,20_COP_05
36,10.88888888888889,5049.766308843047,0.6069144699355664,6931.155170566368,26,1,20_COP_05
36,11.111111111111112,5228.841697825724,0.6069144699355664,6931.155170566368,26,1,20_COP_05
36,11.333333333333332,5396.053776689945,0.6069144699355664,6931.155170566368,26,1,20_COP_05
36,11.555555555555557,5551.175956996028,0.6069144699355664,6931.155170566368,26,1,20_COP_05
36,11.777777777777779,5694.216233389443,0.6069144699355664,6931.155170566368,26,1,20_COP_05
36,12.0,5825.383238754808,0.6069144699355664,6931.155170566368,26,1,20_COP_05
36,12.222222222222223,5945.049824842879,0.6069144699355664,6931.155170566368,26,1,20_COP_05
36,12.444444444444445,6053.716717436919,0.6069144699355664,6931.155170566368,26,1,20_COP_05
36,12.666666666666668,6151.978195241203,0.6069144699355664,6931.155170566368,26,1,20_COP_05
36,12.88888888888889,6240.491126093383,0.6069144699355664,6931.155170566368,26,1,20_COP_05
36,13.11111111111111,6319.948133174332,0.6069144699355664,6931.155170566368,26,1,20_COP_05
36,13.333333333333334,6391.055198525126,0.6069144699355664,6931.155170566368,26,1,20_COP_05
36,13.555555555555555,6454.51365723175,0.6069144699355664,6931.155170566368,26,1,20_COP_05
36,13.777777777777779,6511.006290718824,0.6069144699355664,6931.155170566368,26,1,20_COP_05
36,14.0,6561.187078123264,0.6069144699355664,6931.155170566368,26,1,20_COP_05
36,14.222222222222223,6605.674091856545,0.6069144699355664,6931.155170566368,26,1,20_COP_05
36,14.444444444444445,6645.045007410672,0.6069144699355664,6931.155170566368,26,1,20_COP_05
36,14.666666666666666,6679.834720137011,0.6069144699355664,6931.155170566368,26,1,20_COP_05
36,14.88888888888889,6710.5346081082635,0.6069144699355664,6931.155170566368,26,1,20_COP_05
36,15.11111111111111,6737.593038699924,0.6069144699355664,6931.155170566368,26,1,20_COP_05
36,15.333333333333334,6761.416778905001,0.6069144699355664,6931.155170566368,26,1,20_COP_05
36,15.555555555555555,6782.373030112464,0.6069144699355664,6931.155170566368,26,1,20_COP_05
36,15.777777777777777,6800.7918638135,0.6069144699355664,6931.155170566368,26,1,20_COP_05
36,16.0,6816.968883743279,0.6069144699355664,6931.155170566368,26,1,20_COP_05
36,16.22222222222222,6831.167981732377,0.6069144699355664,6931.155170566368,26,1,20_COP_05
36,16.444444444444446,6843.624089165984,0.6069144699355664,6931.155170566368,26,1,20_COP_05
36,16.666666666666668,6854.545853991191,0.6069144699355664,6931.155170566368,26,1,20_COP_05
36,16.88888888888889,6864.118195447473,0.6069144699355664,6931.155170566368,26,1,20_COP_05
36,17.11111111111111,6872.504705970669,0.6069144699355664,6931.155170566368,26,1,20_COP_05
36,17.333333333333332,6879.849882868304,0.6069144699355664,6931.155170566368,26,1,20_COP_05
36,17.555555555555557,6886.281182149721,0.6069144699355664,6931.155170566368,26,1,20_COP_05
36,17.77777777777778,6891.910893993079,0.6069144699355664,6931.155170566368,26,1,20_COP_05
36,18.0,6896.83784431871,0.6069144699355664,6931.155170566368,26,1,20_COP_05
36,18.22222222222222,6901.148930294558,0.6069144699355664,6931.155170566368,26,1,20_COP_05
36,18.444444444444443,6904.9204997158495,0.6069144699355664,6931.155170566368,26,1,20_COP_05
36,18.666666666666668,6908.219585392044,0.6069144699355664,6931.155170566368,26,1,20_COP_05
36,18.88888888888889,6911.10500618785,0.6069144699355664,6931.155170566368,26,1,20_COP_05
36,19.11111111111111,6913.628346395135,0.6069144699355664,6931.155170566368,26,1,20_COP_05
36,19.333333333333332,6915.834824807773,0.6069144699355664,6931.155170566368,26,1,20_COP_05
36,19.555555555555554,6917.764064344774,0.6069144699355664,6931.155170566368,26,1,20_COP_05
36,19.77777777777778,6919.450772402744,0.6069144699355664,6931.155170566368,26,1,20_COP_05
36,20.0,6920.92534137905,0.6069144699355664,6931.155170566368,26,1,20_COP_05
36,20.22222222222222,6922.21437803668,0.6069144699355664,6931.155170566368,26,1,20_COP_05
36,20.444444444444443,6923.341169612393,0.6069144699355664,6931.155170566368,26,1,20_COP_05
36,20.666666666666668,6924.326093822906,0.6069144699355664,6931.155170566368,26,1,20_COP_05
36,20.88888888888889,6925.186979213499,0.6069144699355664,6931.155170566368,26,1,20_COP_05
36,21.11111111111111,6925.939421628253,0.6069144699355664,6931.155170566368,26,1,20_COP_05
36,21.333333333333336,6926.597061965576,0.6069144699355664,6931.155170566368,26,1,20_COP_05
36,21.555555555555554,6927.171829818355,0.6069144699355664,6931.155170566368,26,1,20_COP_05
36,21.77777777777778,6927.674157084576,0.6069144699355664,6931.155170566368,26,1,20_COP_05
36,22.0,6928.11316517006,0.6069144699355664,6931.155170566368,26,1,20_COP_05
37,0.0,24.999999999999996,0.8073098148712837,1948.805042680059,20,1,20_COP_07
37,0.18181818181818182,28.893980118284823,0.8073098148712837,1948.805042680059,20,1,20_COP_07
37,0.36363636363636365,33.38395843169072,0.8073098148712837,1948.805042680059,20,1,20_COP_07
37,0.5454545454545454,38.557644322140874,0.8073098148712837,1948.805042680059,20,1,20_COP_07
37,0.7272727272727273,44.51448954411336,0.8073098148712837,1948.805042680059,20,1,20_COP_07
37,0.9090909090909091,51.366872726548664,0.8073098148712837,1948.805042680059,20,1,20_COP_07
37,1.0909090909090908,59.24126943068908,0.8073098148712837,1948.805042680059,20,1,20_COP_07
37,1.2727272727272727,68.27935060081391,0.8073098148712837,1948.805042680059,20,1,20_COP_07
37,1.4545454545454546,78.63893123390484,0.8073098148712837,1948.805042680059,20,1,20_COP_07
37,1.6363636363636365,90.4946657208784,0.8073098148712837,1948.805042680059,20,1,20_COP_07
37,1.8181818181818181,104.038356742295,0.8073098148712837,1948.805042680059,20,1,20_COP_07
37,2.0,119.47871168529296,0.8073098148712837,1948.805042680059,20,1,20_COP_07
37,2.1818181818181817,137.0403461777041,0.8073098148712837,1948.805042680059,20,1,20_COP_07
37,2.3636363636363638,156.96180187323705,0.8073098148712837,1948.805042680059,20,1,20_COP_07
37,2.5454545454545454,179.49232035742293,0.8073098148712837,1948.805042680059,20,1,20_COP_07
37,2.7272727272727275,204.88710457024675,0.8073098148712837,1948.805042680059,20,1,20_COP_07
37,2.909090909090909,233.40081347952233,0.8073098148712837,1948.805042680059,20,1,20_COP_07
37,3.090909090909091,265.27908695142906,0.8073098148712837,1948.805042680059,20,1,20_COP_07
37,3.272727272727273,300.7479987208799,0.8073098148712837,1948.805042680059,20,1,20_COP_07
37,3.454545454545454,340.0014973259688,0.8073098148712837,1948.805042680059,20,1,20_COP_07
37,3.6363636363636362,383.18712369435406,0.8073098148712837,1948.805042680059,20,1,20_COP_07
37,3.8181818181818183,430.3905851954226,0.8073098148712837,1948.805042680059,20,1,20_COP_07
37,4.0,481.6200990039544,0.8073098148712837,1948.805042680059,20,1,20_COP_07
37,4.181818181818182,536.7917521529049,0.8073098148712837,1948.805042680059,20,1,20_COP_07
37,4.363636363636363,595.7174007962312,0.8073098148712837,1948.805042680059,20,1,20_COP_07
37,4.545454545454546,658.0967714964661,0.8073098148712837,1948.805042680059,20,1,20_COP_07
37,4.7272727272727275,723.5153567921413,0.8073098148712837,1948.805042680059,20,1,20_COP_07
37,4.909090909090908,791.4493606851315,0.8073098148712837,1948.805042680059,20,1,20_COP_07
37,5.090909090909091,861.2783366627139,0.8073098148712837,1948.805042680059,20,1,20_COP_07
37,5.2727272727272725,932.3053243781533,0.8073098148712837,1948.805042680059,20,1,20_COP_07
37,5.454545454545455,1003.7833506788695,0.8073098148712837,1948.805042680059,20,1,20_COP_07
37,5.636363636363637,1074.9462840381914,0.8073098148712837,1948.805042680059,20,1,20_COP_07
37,5.818181818181818,1145.041395807372,0.8073098148712837,1948.805042680059,20,1,20_COP_07
37,6.0,1213.3607251528592,0.8073098148712837,1948.805042680059,20,1,20_COP_07
37,6.181818181818182,1279.268524781917,0.8073098148712837,1948.805042680059,20,1,20_COP_07
37,6.363636363636363,1342.2226409375621,0.8073098148712837,1948.805042680059,20,1,20_COP_07
37,6.545454545454546,1401.7885273518816,0.8073098148712837,1948.805042680059,20,1,20_COP_07
37,6.7272727272727275,1457.6455350703754,0.8073098148712837,1948.805042680059,20,1,20_COP_07
37,6.909090909090908,1509.5859855628999,0.8073098148712837,1948.805042680059,20,1,20_COP_07
37,7.090909090909091,1557.508193210141,0.8073098148712837,1948.805042680059,20,1,20_COP_07
37,7.2727272727272725,1601.404989968775,0.8073098148712837,1948.805042680059,20,1,20_COP_07
37,7.454545454545455,1641.349419892545,0.8073098148712837,1948.805042680059,20,1,20_COP_07
37,7.636363636363637,1677.4791631611283,0.8073098148712837,1948.805042680059,20,1,20_COP_07
37,7.818181818181818,1709.9809923674961,0.8073098148712837,1948.805042680059,20,1,20_COP_07
37,8.0,1739.0762348617966,0.8073098148712837,1948.805042680059,20,1,20_COP_07
37,8.181818181818182,1765.007878082109,0.8073098148712837,1948.805042680059,20,1,20_COP_07
37,8.363636363636363,1788.0296541879843,0.8073098148712837,1948.805042680059,20,1,20_COP_07
37,8.545454545454545,1808.3971996760831,0.8073098148712837,1948.805042680059,20,1,20_COP_07
37,8.727272727272727,1826.3612119904692,0.8073098148712837,1948.805042680059,20,1,20_COP_07
37,8.90909090909091,1842.1624140476495,0.8073098148712837,1948.805042680059,20,1,20_COP_07
37,9.090909090909092,1856.0280784614874,0.8073098148712837,1948.805042680059,20,1,20_COP_07
37,9.272727272727273,1868.1698432770472,0.8073098148712837,1948.805042680059,20,1,20_COP_07
37,9.454545454545455,1878.7825578791299,0.8073098148712837,1948.805042680059,20,1,20_COP_07
37,9.636363636363637,1888.0439209977283,0.8073098148712837,1948.805042680059,20,1,20_COP_07
37,9.818181818181817,1896.1147043622182,0.8073098148712837,1948.805042680059,20,1,20_COP_07
37,10.0,1903.139389882601,0.8073098148712837,1948.805042680059,20,1,20_COP_07
37,10.181818181818182,1909.2470815860956,0.8073098148712837,1948.805042680059,20,1,20_COP_07
37,10.363636363636365,1914.5525837899252,0.8073098148712837,1948.805042680059,20,1,20_COP_07
37,10.545454545454545,1919.1575631394965,0.8073098148712837,1948.805042680059,20,1,20_COP_07
37,10.727272727272727,1923.1517339198429,0.8073098148712837,1948.805042680059,20,1,20_COP_07
37,10.90909090909091,1926.6140236444774,0.8073098148712837,1948.805042680059,20,1,20_COP_07
37,11.09090909090909,1929.6136897714673,0.8073098148712837,1948.805042680059,20,1,20_COP_07
37,11.272727272727273,1932.211369027403,0.8073098148712837,1948.805042680059,20,1,20_COP_07
37,11.454545454545455,1934.4600487874807,0.8073098148712837,1948.805042680059,20,1,20_COP_07
37,11.636363636363637,1936.4059557805222,0.8073098148712837,1948.805042680059,20,1,20_COP_07
37,11.818181818181818,1938.0893615172217,0.8073098148712837,1948.805042680059,20,1,20_COP_07
37,12.0,1939.5453066648192,0.8073098148712837,1948.805042680059,20,1,20_COP_07
37,12.181818181818182,1940.804248429334,0.8073098148712837,1948.805042680059,20,1,20_COP_07
37,12.363636363636363,1941.89263611257,0.8073098148712837,1948.805042680059,20,1,20_COP_07
37,12.545454545454547,1942.8334205857414,0.8073098148712837,1948.805042680059,20,1,20_COP_07
37,12.727272727272727,1943.6465036197003,0.8073098148712837,1948.805042680059,20,1,20_COP_07
37,12.909090909090908,1944.3491329510664,0.8073098148712837,1948.805042680059,20,1,20_COP_07
37,13.090909090909092,1944.956248732109,0.8073098148712837,1948.805042680059,20,1,20_COP_07
37,13.272727272727272,1945.4807866747428,0.8073098148712837,1948.805042680059,20,1,20_COP_07
37,13.454545454545455,1945.933942802311,0.8073098148712837,1948.805042680059,20,1,20_COP_07
37,13.636363636363637,1946.3254043000295,0.8073098148712837,1948.805042680059,20,1,20_COP_07
37,13.818181818181817,1946.6635505288891,0.8073098148712837,1948.805042680059,20,1,20_COP_07
37,14.0,1946.95562785373,0.8073098148712837,1948.805042680059,20,1,20_COP_07
37,14.181818181818182,1947.2079015436657,0.8073098148712837,1948.805042680059,20,1,20_COP_07
37,14.363636363636363,1947.4257876377578,0.8073098148712837,1948.805042680059,20,1,20_COP_07
37,14.545454545454545,1947.6139673335665,0.8073098148712837,1948.805042680059,20,1,20_COP_07
37,14.727272727272728,1947.7764861517533,0.8073098148712837,1948.805042680059,20,1,20_COP_07
37,14.90909090909091,1947.9168398558088,0.8073098148712837,1948.805042680059,20,1,20_COP_07
37,15.09090909090909,1948.0380488608805,0.8073098148712837,1948.805042680059,20,1,20_COP_07
37,15.272727272727273,1948.142722647707,0.8073098148712837,1948.805042680059,20,1,20_COP_07
37,15.454545454545453,1948.2331155047384,0.8073098148712837,1948.805042680059,20,1,20_COP_07
37,15.636363636363637,1948.3111747513844,0.8073098148712837,1948.805042680059,20,1,20_COP_07
37,15.818181818181818,1948.3785824457643,0.8073098148712837,1948.805042680059,20,1,20_COP_07
37,16.0,1948.4367914492138,0.8073098148712837,1948.805042680059,20,1,20_COP_07
37,16.181818181818183,1948.4870566050945,0.8073098148712837,1948.805042680059,20,1,20_COP_07
37,16.363636363636363,1948.5304616892954,0.8073098148712837,1948.805042680059,20,1,20_COP_07
37,16.545454545454547,1948.5679427025082,0.8073098148712837,1948.805042680059,20,1,20_COP_07
37,16.727272727272727,1948.6003079983486,0.8073098148712837,1948.805042680059,20,1,20_COP_07
37,16.90909090909091,1948.6282556753079,0.8073098148712837,1948.805042680059,20,1,20_COP_07
37,17.09090909090909,1948.6523886030934,0.8073098148712837,1948.805042680059,20,1,20_COP_07
37,17.272727272727273,1948.6732274040965,0.8073098148712837,1948.805042680059,20,1,20_COP_07
37,17.454545454545453,1948.691221667496,0.8073098148712837,1948.805042680059,20,1,20_COP_07
37,17.636363636363637,1948.7067596360378,0.8073098148712837,1948.805042680059,20,1,20_COP_07
37,17.81818181818182,1948.7201765730874,0.8073098148712837,1948.805042680059,20,1,20_COP_07
37,18.0,1948.7317619894293,0.8073098148712837,1948.805042680059,20,1,20_COP_07
38,0.0,25.0,0.9097029543331301,1902.2040486570393,20,1,20_COP_07
38,0.18181818181818182,29.427077125962935,0.9097029543331301,1902.2040486570393,20,1,20_COP_07
38,0.36363636363636365,34.62365514974485,0.9097029543331301,1902.2040486570393,20,1,20_COP_07
38,0.5454545454545454,40.71795374376342,0.9097029543331301,1902.2040486570393,20,1,20_COP_07
38,0.7272727272727273,47.857455001892134,0.9097029543331301,1902.2040486570393,20,1,20_COP_07
38,0.9090909090909091,56.210997387120216,0.9097029543331301,1902.2040486570393,20,1,20_COP_07
38,1.0909090909090908,65.97078039103194,0.9097029543331301,1902.2040486570393,20,1,20_COP_07
38,1.2727272727272727,77.35412267423497,0.9097029543331301,1902.2040486570393,20,1,20_COP_07
38,1.4545454545454546,90.6047556968198,0.9097029543331301,1902.2040486570393,20,1,20_COP_07
38,1.6363636363636365,105.99336198616939,0.9097029543331301,1902.2040486570393,20,1,20_COP_07
38,1.8181818181818181,123.81698456666489,0.9097029543331301,1902.2040486570393,20,1,20_COP_07
38,2.0,144.39684765610815,0.9097029543331301,1902.2040486570393,20,1,20_COP_07
38,2.1818181818181817,168.074049821509,0.9097029543331301,1902.2040486570393,20,1,20_COP_07
38,2.3636363636363638,195.20253782386226,0.9097029543331301,1902.2040486570393,20,1,20_COP_07
38,2.5454545454545454,226.1387692621427,0.9097029543331301,1902.2040486570393,20,1,20_COP_07
38,2.7272727272727275,261.22756003498114,0.9097029543331301,1902.2040486570393,20,1,20_COP_07
38,2.909090909090909,300.78382893925317,0.9097029543331301,1902.2040486570393,20,1,20_COP_07
38,3.090909090909091,345.07033419086855,0.9097029543331301,1902.2040486570393,20,1,20_COP_07
38,3.272727272727273,394.2720667176712,0.9097029543331301,1902.2040486570393,20,1,20_COP_07
38,3.454545454545454,448.46870845417976,0.9097029543331301,1902.2040486570393,20,1,20_COP_07
38,3.6363636363636362,507.60740922305337,0.9097029543331301,1902.2040486570393,20,1,20_COP_07
38,3.8181818181818183,571.4789397386305,0.9097029543331301,1902.2040486570393,20,1,20_COP_07
38,4.0,639.7008292225042,0.9097029543331301,1902.2040486570393,20,1,20_COP_07
38,4.181818181818182,711.7111494144601,0.9097029543331301,1902.2040486570393,20,1,20_COP_07
38,4.363636363636363,786.7759554569207,0.9097029543331301,1902.2040486570393,20,1,20_COP_07
38,4.545454545454546,864.0119622625049,0.9097029543331301,1902.2040486570393,20,1,20_COP_07
38,4.7272727272727275,942.4239585820056,0.9097029543331301,1902.2040486570393,20,1,20_COP_07
38,4.909090909090908,1020.9541103694684,0.9097029543331301,1902.2040486570393,20,1,20_COP_07
38,5.090909090909091,1098.5382140125055,0.9097029543331301,1902.2040486570393,20,1,20_COP_07
38,5.2727272727272725,1174.1626680764036,0.9097029543331301,1902.2040486570393,20,1,20_COP_07
38,5.454545454545455,1246.915795923829,0.9097029543331301,1902.2040486570393,20,1,20_COP_07
38,5.636363636363637,1316.0282094326744,0.9097029543331301,1902.2040486570393,20,1,20_COP_07
38,5.818181818181818,1380.8988615629094,0.9097029543331301,1902.2040486570393,20,1,20_COP_07
38,6.0,1441.1057778795857,0.9097029543331301,1902.2040486570393,20,1,20_COP_07
38,6.181818181818182,1496.4026334031175,0.9097029543331301,1902.2040486570393,20,1,20_COP_07
38,6.363636363636363,1546.7039353715586,0.9097029543331301,1902.2040486570393,20,1,20_COP_07
38,6.545454545454546,1592.0623959256861,0.9097029543331301,1902.2040486570393,20,1,20_COP_07
38,6.7272727272727275,1632.6421661949873,0.9097029543331301,1902.2040486570393,20,1,20_COP_07
38,6.909090909090908,1668.6911410745397,0.9097029543331301,1902.2040486570393,20,1,20_COP_07
38,7.090909090909091,1700.514775709113,0.9097029543331301,1902.2040486570393,20,1,20_COP_07
38,7.2727272727272725,1728.453003525999,0.9097029543331301,1902.2040486570393,20,1,20_COP_07
38,7.454545454545455,1752.8610712687143,0.9097029543331301,1902.2040486570393,20,1,20_COP_07
38,7.636363636363637,1774.0944952725613,0.9097029543331301,1902.2040486570393,20,1,20_COP_07
38,7.818181818181818,1792.497920287233,0.9097029543331301,1902.2040486570393,20,1,20_COP_07
38,8.0,1808.3974121181334,0.9097029543331301,1902.2040486570393,20,1,20_COP_07
38,8.181818181818182,1822.0956026578187,0.9097029543331301,1902.2040486570393,20,1,20_COP_07
38,8.363636363636363,1833.8690898555308,0.9097029543331301,1902.2040486570393,20,1,20_COP_07
38,8.545454545454545,1843.9675390952593,0.9097029543331301,1902.2040486570393,20,1,20_COP_07
38,8.727272727272727,1852.614007506201,0.9097029543331301,1902.2040486570393,20,1,20_COP_07
38,8.90909090909091,1860.0060986872738,0.9097029543331301,1902.2040486570393,20,1,20_COP_07
38,9.090909090909092,1866.3176394592163,0.9097029543331301,1902.2040486570393,20,1,20_COP_07
38,9.272727272727273,1871.700645577205,0.9097029543331301,1902.2040486570393,20,1,20_COP_07
38,9.454545454545455,1876.2874068365343,0.9097029543331301,1902.2040486570393,20,1,20_COP_07
38,9.636363636363637,1880.192573181375,0.9097029543331301,1902.2040486570393,20,1,20_COP_07
38,9.818181818181817,1883.5151631871418,0.9097029543331301,1902.2040486570393,20,1,20_COP_07
38,10.0,1886.340446196656,0.9097029543331301,1902.2040486570393,20,1,20_COP_07
38,10.181818181818182,1888.7416712092433,0.9097029543331301,1902.2040486570393,20,1,20_COP_07
38,10.363636363636365,1890.7816310395738,0.9097029543331301,1902.2040486570393,20,1,20_COP_07
38,10.545454545454545,1892.514060768265,0.9097029543331301,1902.2040486570393,20,1,20_COP_07
38,10.727272727272727,1893.9848763407997,0.9097029543331301,1902.2040486570393,20,1,20_COP_07
38,10.90909090909091,1895.2332633308579,0.9097029543331301,1902.2040486570393,20,1,20_COP_07
38,11.09090909090909,1896.2926281432108,0.9097029543331301,1902.2040486570393,20,1,20_COP_07
38,11.272727272727273,1897.1914248773953,0.9097029543331301,1902.2040486570393,20,1,20_COP_07
38,11.454545454545455,1897.9538711424398,0.9097029543331301,1902.2040486570393,20,1,20_COP_07
38,11.636363636363637,1898.6005656219572,0.9097029543331301,1902.2040486570393,20,1,20_COP_07
38,11.818181818181818,1899.1490193636887,0.9097029543331301,1902.2040486570393,20,1,20_COP_07
38,12.0,1899.6141117653754,0.9097029543331301,1902.2040486570393,20,1,20_COP_07
38,12.181818181818182,1900.0084811563524,0.9097029543331301,1902.2040486570393,20,1,20_COP_07
38,12.363636363636363,1900.3428588016873,0.9097029543331301,1902.2040486570393,20,1,20_COP_07
38,12.545454545454547,1900.6263541269707,0.9097029543331301,1902.2040486570393,20,1,20_COP_07
38,12.727272727272727,1900.8666980027758,0.9097029543331301,1902.2040486570393,20,1,20_COP_07
38,12.909090909090908,1901.0704500514516,0.9097029543331301,1902.2040486570393,20,1,20_COP_07
38,13.090909090909092,1901.2431751501306,0.9097029543331301,1902.2040486570393,20,1,20_COP_07
38,13.272727272727272,1901.3895936018835,0.9097029543331301,1902.2040486570393,20,1,20_COP_07
38,13.454545454545455,1901.5137088278657,0.9097029543331301,1902.2040486570393,20,1,20_COP_07
38,13.636363636363637,1901.6189158911172,0.9097029543331301,1902.2040486570393,20,1,20_COP_07
38,13.818181818181817,1901.7080936905418,0.9097029543331301,1902.2040486570393,20,1,20_COP_07
38,14.0,1901.7836832543026,0.9097029543331301,1902.2040486570393,20,1,20_COP_07
38,14.181818181818182,1901.8477542084515,0.9097029543331301,1902.2040486570393,20,1,20_COP_07
38,14.363636363636363,1901.9020611922901,0.9097029543331301,1902.2040486570393,20,1,20_COP_07
38,14.545454545454545,1901.9480917306616,0.9097029543331301,1902.2040486570393,20,1,20_COP_07
38,14.727272727272728,1901.987106849433,0.9097029543331301,1902.2040486570393,20,1,20_COP_07
38,14.90909090909091,1902.0201755288726,0.9097029543331301,1902.2040486570393,20,1,20_COP_07
38,15.09090909090909,1902.0482039259903,0.9097029543331301,1902.2040486570393,20,1,20_COP_07
38,15.272727272727273,1902.0719601573148,0.9097029543331301,1902.2040486570393,20,1,20_COP_07
38,15.454545454545453,1902.0920953146046,0.9097029543331301,1902.2040486570393,20,1,20_COP_07
38,15.636363636363637,1902.109161284685,0.9097029543331301,1902.2040486570393,20,1,20_COP_07
38,15.818181818181818,1902.1236258583785,0.9097029543331301,1902.2040486570393,20,1,20_COP_07
38,16.0,1902.1358855402166,0.9097029543331301,1902.2040486570393,20,1,20_COP_07
38,16.181818181818183,1902.1462764082817,0.9097029543331301,1902.2040486570393,20,1,20_COP_07
38,16.363636363636363,1902.1550833206127,0.9097029543331301,1902.2040486570393,20,1,20_COP_07
38,16.545454545454547,1902.1625477196396,0.9097029543331301,1902.2040486570393,20,1,20_COP_07
38,16.727272727272727,1902.1688742479485,0.9097029543331301,1902.2040486570393,20,1,20_COP_07
38,16.90909090909091,1902.1742363562794,0.9097029543331301,1902.2040486570393,20,1,20_COP_07
38,17.09090909090909,1902.1787810571664,0.9097029543331301,1902.2040486570393,20,1,20_COP_07
38,17.272727272727273,1902.1826329543082,0.9097029543331301,1902.2040486570393,20,1,20_COP_07
38,17.454545454545453,1902.1858976579656,0.9097029543331301,1902.2040486570393,20,1,20_COP_07
38,17.636363636363637,1902.1886646799035,0.9097029543331301,1902.2040486570393,20,1,20_COP_07
38,17.81818181818182,1902.1910098871579,0.9097029543331301,1902.2040486570393,20,1,20_COP_07
38,18.0,1902.1929975818477,0.9097029543331301,1902.2040486570393,20,1,20_COP_07
39,0.0,25.0,0.6005279214174829,3576.109798859085,20,1,20_COP_07
39,0.18181818181818182,27.861798088010595,0.6005279214174829,3576.109798859085,20,1,20_COP_07
39,0.36363636363636365,31.048327450250536,0.6005279214174829,3576.109798859085,20,1,20_COP_07
39,0.5454545454545454,34.59574404633716,0.6005279214174829,3576.109798859085,20,1,20_COP_07
39,0.7272727272727273,38.54406281152315,0.6005279214174829,3576.109798859085,20,1,20_COP_07
39,0.9090909090909091,42.93752929191669,0.6005279214174829,3576.109798859085,20,1,20_COP_07
39,1.0909090909090908,47.825017199963824,0.6005279214174829,3576.109798859085,20,1,20_COP_07
39,1.2727272727272727,53.26045111566638,0.6005279214174829,3576.109798859085,20,1,20_COP_07
39,1.4545454545454546,59.30325268746884,0.6005279214174829,3576.109798859085,20,1,20_COP_07
39,1.6363636363636365,66.01880757258066,0.6005279214174829,3576.109798859085,20,1,20_COP_07
39,1.8181818181818181,73.47894895382119,0.6005279214174829,3576.109798859085,20,1,20_COP_07
39,2.0,81.76245172876,0.6005279214174829,3576.109798859085,20,1,20_COP_07
39,2.1818181818181817,90.95552933395678,0.6005279214174829,3576.109798859085,20,1,20_COP_07
39,2.3636363636363638,101.15232258887576,0.6005279214174829,3576.109798859085,20,1,20_COP_07
39,2.5454545454545454,112.45536686997164,0.6005279214174829,3576.109798859085,20,1,20_COP_07
39,2.7272727272727275,124.97602031326157,0.6005279214174829,3576.109798859085,20,1,20_COP_07
39,2.909090909090909,138.83483156697523,0.6005279214174829,3576.109798859085,20,1,20_COP_07
39,3.090909090909091,154.16182087410255,0.6005279214174829,3576.109798859085,20,1,20_COP_07
39,3.272727272727273,171.09664299648057,0.6005279214174829,3576.109798859085,20,1,20_COP_07
39,3.454545454545454,189.78859479186355,0.6005279214174829,3576.109798859085,20,1,20_COP_07
39,3.6363636363636362,210.39642429342658,0.6005279214174829,3576.109798859085,20,1,20_COP_07
39,3.8181818181818183,233.0878921864447,0.6005279214174829,3576.109798859085,20,1,20_COP_07
39,4.0,258.03903102235876,0.6005279214174829,3576.109798859085,20,1,20_COP_07
39,4.181818181818182,285.4330428971631,0.6005279214174829,3576.109798859085,20,1,20_COP_07
39,4.363636363636363,315.45877335856164,0.6005279214174829,3576.109798859085,20,1,20_COP_07
39,4.545454545454546,348.3086988830877,0.6005279214174829,3576.109798859085,20,1,20_COP_07
39,4.7272727272727275,384.17636844086314,0.6005279214174829,3576.109798859085,20,1,20_COP_07
39,4.909090909090908,423.25324764079903,0.6005279214174829,3576.109798859085,20,1,20_COP_07
39,5.090909090909091,465.7249279887982,0.6005279214174829,3576.109798859085,20,1,20_COP_07
39,5.2727272727272725,511.7666851095515,0.6005279214174829,3576.109798859085,20,1,20_COP_07
39,5.454545454545455,561.5383993642838,0.6005279214174829,3576.109798859085,20,1,20_COP_07
39,5.636363636363637,615.1788906661542,0.6005279214174829,3576.109798859085,20,1,20_COP_07
39,5.818181818181818,672.7997662321002,0.6005279214174829,3576.109798859085,20,1,20_COP_07
39,6.0,734.4789342464129,0.6005279214174829,3576.109798859085,20,1,20_COP_07
39,6.181818181818182,800.2539953481496,0.6005279214174829,3576.109798859085,20,1,20_COP_07
39,6.363636363636363,870.115783369123,0.6005279214174829,3576.109798859085,20,1,20_COP_07
39,6.545454545454546,944.0023811753205,0.6005279214174829,3576.109798859085,20,1,20_COP_07
39,6.7272727272727275,1021.7939798312553,0.6005279214174829,3576.109798859085,20,1,20_COP_07
39,6.909090909090908,1103.3089719057762,0.6005279214174829,3576.109798859085,20,1,20_COP_07
39,7.090909090909091,1188.3016650429654,0.6005279214174829,3576.109798859085,20,1,20_COP_07
39,7.2727272727272725,1276.461963805723,0.6005279214174829,3576.109798859085,20,1,20_COP_07
39,7.454545454545455,1367.417292901043,0.6005279214174829,3576.109798859085,20,1,20_COP_07
39,7.636363636363637,1460.7369238904253,0.6005279214174829,3576.109798859085,20,1,20_COP_07
39,7.818181818181818,1555.9387259575255,0.6005279214174829,3576.109798859085,20,1,20_COP_07
39,8.0,1652.498199895419,0.6005279214174829,3576.109798859085,20,1,20_COP_07
39,8.181818181818182,1749.8594881426754,0.6005279214174829,3576.109798859085,20,1,20_COP_07
39,8.363636363636363,1847.4478999929245,0.6005279214174829,3576.109798859085,20,1,20_COP_07
39,8.545454545454545,1944.6833677153313,0.6005279214174829,3576.109798859085,20,1,20_COP_07
39,8.727272727272727,2040.994171294964,0.6005279214174829,3576.109798859085,20,1,20_COP_07
39,8.90909090909091,2135.8302466844984,0.6005279214174829,3576.109798859085,20,1,20_COP_07
39,9.090909090909092,2228.6754277796554,0.6005279214174829,3576.109798859085,20,1,20_COP_07
39,9.272727272727273,2319.0580612671897,0.6005279214174829,3576.109798859085,20,1,20_COP_07
39,9.454545454545455,2406.5595648831863,0.6005279214174829,3576.109798859085,20,1,20_COP_07
39,9.636363636363637,2490.820657610245,0.6005279214174829,3576.109798859085,20,1,20_COP_07
39,9.818181818181817,2571.5451570422597,0.6005279214174829,3576.109798859085,20,1,20_COP_07
39,10.0,2648.501397378572,0.6005279214174829,3576.109798859085,20,1,20_COP_07
39,10.181818181818182,2721.521457142558,0.6005279214174829,3576.109798859085,20,1,20_COP_07
39,10.363636363636365,2790.4984891757604,0.6005279214174829,3576.109798859085,20,1,20_COP_07
39,10.545454545454545,2855.3825122648373,0.6005279214174829,3576.109798859085,20,1,20_COP_07
39,10.727272727272727,2916.1750542091972,0.6005279214174829,3576.109798859085,20,1,20_COP_07
39,10.90909090909091,2972.9230343106537,0.6005279214174829,3576.109798859085,20,1,20_COP_07
39,11.09090909090909,3025.7122457081655,0.6005279214174829,3576.109798859085,20,1,20_COP_07
39,11.272727272727273,3074.6607523515463,0.6005279214174829,3576.109798859085,20,1,20_COP_07
39,11.454545454545455,3119.912459321857,0.6005279214174829,3576.109798859085,20,1,20_COP_07
39,11.636363636363637,3161.6310553869375,0.6005279214174829,3576.109798859085,20,1,20_COP_07
39,11.818181818181818,3199.9944684688685,0.6005279214174829,3576.109798859085,20,1,20_COP_07
39,12.0,3235.189921878672,0.6005279214174829,3576.109798859085,20,1,20_COP_07
39,12.181818181818182,3267.409634031374,0.6005279214174829,3576.109798859085,20,1,20_COP_07
39,12.363636363636363,3296.8471679065037,0.6005279214174829,3576.109798859085,20,1,20_COP_07
39,12.545454545454547,3323.694408797745,0.6005279214174829,3576.109798859085,20,1,20_COP_07
39,12.727272727272727,3348.1391292539815,0.6005279214174829,3576.109798859085,20,1,20_COP_07
39,12.909090909090908,3370.3630874995306,0.6005279214174829,3576.109798859085,20,1,20_COP_07
39,13.090909090909092,3390.5405987958407,0.6005279214174829,3576.109798859085,20,1,20_COP_07
39,13.272727272727272,3408.837516910759,0.6005279214174829,3576.109798859085,20,1,20_COP_07
39,13.454545454545455,3425.4105639210907,0.6005279214174829,3576.109798859085,20,1,20_COP_07
39,13.636363636363637,3440.40694996473,0.6005279214174829,3576.109798859085,20,1,20_COP_07
39,13.818181818181817,3453.9642294307787,0.6005279214174829,3576.109798859085,20,1,20_COP_07
39,14.0,3466.210345758095,0.6005279214174829,3576.109798859085,20,1,20_COP_07
39,14.181818181818182,3477.263822997755,0.6005279214174829,3576.109798859085,20,1,20_COP_07
39,14.363636363636363,3487.23406821913,0.6005279214174829,3576.109798859085,20,1,20_COP_07
39,14.545454545454545,3496.2217544570885,0.6005279214174829,3576.109798859085,20,1,20_COP_07
39,14.727272727272728,3504.319259057454,0.6005279214174829,3576.109798859085,20,1,20_COP_07
39,14.90909090909091,3511.6111368985153,0.6005279214174829,3576.109798859085,20,1,20_COP_07
39,15.09090909090909,3518.174612019322,0.6005279214174829,3576.109798859085,20,1,20_COP_07
39,15.272727272727273,3524.0800746777913,0.6005279214174829,3576.109798859085,20,1,20_COP_07
39,15.454545454545453,3529.391573824009,0.6005279214174829,3576.109798859085,20,1,20_COP_07
39,15.636363636363637,3534.1672974510934,0.6005279214174829,3576.109798859085,20,1,20_COP_07
39,15.818181818181818,3538.4600353292644,0.6005279214174829,3576.109798859085,20,1,20_COP_07
39,16.0,3542.3176202920313,0.6005279214174829,3576.109798859085,20,1,20_COP_07
39,16.181818181818183,3545.7833455792993,0.6005279214174829,3576.109798859085,20,1,20_COP_07
39,16.363636363636363,3548.8963567998485,0.6005279214174829,3576.109798859085,20,1,20_COP_07
39,16.545454545454547,3551.692017900076,0.6005279214174829,3576.109798859085,20,1,20_COP_07
39,16.727272727272727,3554.202251156916,0.6005279214174829,3576.109798859085,20,1,20_COP_07
39,16.90909090909091,3556.4558516852826,0.6005279214174829,3576.109798859085,20,1,20_COP_07
39,17.09090909090909,3558.478777294244,0.6005279214174829,3576.109798859085,20,1,20_COP_07
39,17.272727272727273,3560.294414766791,0.6005279214174829,3576.109798859085,20,1,20_COP_07
39,17.454545454545453,3561.923823796868,0.6005279214174829,3576.109798859085,20,1,20_COP_07
39,17.636363636363637,3563.3859599119955,0.6005279214174829,3576.109798859085,20,1,20_COP_07
39,17.81818181818182,3564.697877754938,0.6005279214174829,3576.109798859085,20,1,20_COP_07
39,18.0,3565.874916105296,0.6005279214174829,3576.109798859085,20,1,20_COP_07
40,0.0,25.0,1.5810908401422479,4123.834703000251,26,1,20_COP_07
40,0.22222222222222224,35.43430515794217,1.5810908401422479,4123.834703000251,26,1,20_COP_07
40,0.4444444444444445,50.17029362445273,1.5810908401422479,4123.834703000251,26,1,20_COP_07
40,0.6666666666666667,70.92818964556187,1.5810908401422479,4123.834703000251,26,1,20_COP_07
40,0.888888888888889,100.06367370162933,1.5810908401422479,4123.834703000251,26,1,20_COP_07
40,1.1111111111111112,140.7516332081316,1.5810908401422479,4123.834703000251,26,1,20_COP_07
40,1.3333333333333335,197.17343933069333,1.5810908401422479,4123.834703000251,26,1,20_COP_07
40,1.5555555555555556,274.6529612559969,1.5810908401422479,4123.834703000251,26,1,20_COP_07
40,1.777777777777778,379.63462169140865,1.5810908401422479,4123.834703000251,26,1,20_COP_07
40,2.0,519.3298370321221,1.5810908401422479,4123.834703000251,26,1,20_COP_07
40,2.2222222222222223,700.8077185325701,1.5810908401422479,4123.834703000251,26,1,20_COP_07
40,2.444444444444444,929.3515882224578,1.5810908401422479,4123.834703000251,26,1,20_COP_07
40,2.666666666666667,1206.1645030095385,1.5810908401422479,4123.834703000251,26,1,20_COP_07
40,2.8888888888888893,1526.040327698321,1.5810908401422479,4123.834703000251,26,1,20_COP_07
40,3.111111111111111,1876.197011209806,1.5810908401422479,4123.834703000251,26,1,20_COP_07
40,3.3333333333333335,2237.497028065018,1.5810908401422479,4123.834703000251,26,1,20_COP_07
40,3.555555555555556,2588.253279470931,1.5810908401422479,4123.834703000251,26,1,20_COP_07
40,3.7777777777777777,2909.193931777132,1.5810908401422479,4123.834703000251,26,1,20_COP_07
40,4.0,3187.3277423576646,1.5810908401422479,4123.834703000251,26,1,20_COP_07
40,4.222222222222222,3417.2420280715814,1.5810908401422479,4123.834703000251,26,1,20_COP_07
40,4.444444444444445,3599.9887000729127,1.5810908401422479,4123.834703000251,26,1,20_COP_07
40,4.666666666666667,3740.7696221819824,1.5810908401422479,4123.834703000251,26,1,20_COP_07
40,4.888888888888888,3846.6296861012775,1.5810908401422479,4123.834703000251,26,1,20_COP_07
40,5.111111111111111,3924.7919140992826,1.5810908401422479,4123.834703000251,26,1,20_COP_07
40,5.333333333333334,3981.7292818356227,1.5810908401422479,4123.834703000251,26,1,20_COP_07
40,5.555555555555556,4022.7986622910767,1.5810908401422479,4123.834703000251,26,1,20_COP_07
40,5.777777777777779,4052.212230352843,1.5810908401422479,4123.834703000251,26,1,20_COP_07
40,6.0,4073.170775749363,1.5810908401422479,4123.834703000251,26,1,20_COP_07
40,6.222222222222222,4088.050480356469,1.5810908401422479,4123.834703000251,26,1,20_COP_07
40,6.444444444444445,4098.587189061475,1.5810908401422479,4123.834703000251,26,1,20_COP_07
40,6.666666666666667,4106.034859677324,1.5810908401422479,4123.834703000251,26,1,20_COP_07
40,6.888888888888889,4111.292292618773,1.5810908401422479,4123.834703000251,26,1,20_COP_07
40,7.111111111111112,4115.000210237809,1.5810908401422479,4123.834703000251,26,1,20_COP_07
40,7.333333333333333,4117.613613438596,1.5810908401422479,4123.834703000251,26,1,20_COP_07
40,7.555555555555555,4119.454747439882,1.5810908401422479,4123.834703000251,26,1,20_COP_07
40,7.777777777777778,4120.751405093367,1.5810908401422479,4123.834703000251,26,1,20_COP_07
40,8.0,4121.664397831708,1.5810908401422479,4123.834703000251,26,1,20_COP_07
40,8.222222222222223,4122.307145278386,1.5810908401422479,4123.834703000251,26,1,20_COP_07
40,8.444444444444445,4122.759589294479,1.5810908401422479,4123.834703000251,26,1,20_COP_07
40,8.666666666666666,4123.078049493883,1.5810908401422479,4123.834703000251,26,1,20_COP_07
40,8.88888888888889,4123.302190554166,1.5810908401422479,4123.834703000251,26,1,20_COP_07
40,9.11111111111111,4123.459941056484,1.5810908401422479,4123.834703000251,26,1,20_COP_07
40,9.333333333333334,4123.5709628308205,1.5810908401422479,4123.834703000251,26,1,20_COP_07
40,9.555555555555555,4123.649096314958,1.5810908401422479,4123.834703000251,26,1,20_COP_07
40,9.777777777777777,4123.704083351675,1.5810908401422479,4123.834703000251,26,1,20_COP_07
40,10.0,4123.742780528994,1.5810908401422479,4123.834703000251,26,1,20_COP_07
40,10.222222222222221,4123.770013519587,1.5810908401422479,4123.834703000251,26,1,20_COP_07
40,10.444444444444445,4123.789178541824,1.5810908401422479,4123.834703000251,26,1,20_COP_07
40,10.666666666666668,4123.802665744112,1.5810908401422479,4123.834703000251,26,1,20_COP_07
40,10.88888888888889,4123.812157212298,1.5810908401422479,4123.834703000251,26,1,20_COP_07
40,11.111111111111112,4123.8188367161465,1.5810908401422479,4123.834703000251,26,1,20_COP_07
40,11.333333333333332,4123.823537329262,1.5810908401422479,4123.834703000251,26,1,20_COP_07
40,11.555555555555557,4123.826845321306,1.5810908401422479,4123.834703000251,26,1,20_COP_07
40,11.777777777777779,4123.829173274023,1.5810908401422479,4123.834703000251,26,1,20_COP_07
40,12.0,4123.830811537229,1.5810908401422479,4123.834703000251,26,1,20_COP_07
40,12.222222222222223,4123.831964441046,1.5810908401422479,4123.834703000251,26,1,20_COP_07
40,12.444444444444445,4123.8327757801135,1.5810908401422479,4123.834703000251,26,1,20_COP_07
40,12.666666666666668,4123.833346747943,1.5810908401422479,4123.834703000251,26,1,20_COP_07
40,12.88888888888889,4123.833748558041,1.5810908401422479,4123.834703000251,26,1,20_COP_07
40,13.11111111111111,4123.834031325888,1.5810908401422479,4123.834703000251,26,1,20_COP_07
40,13.333333333333334,4123.83423031952,1.5810908401422479,4123.834703000251,26,1,20_COP_07
40,13.555555555555555,4123.8343703583005,1.5810908401422479,4123.834703000251,26,1,20_COP_07
40,13.777777777777779,4123.834468908487,1.5810908401422479,4123.834703000251,26,1,20_COP_07
40,14.0,4123.834538261698,1.5810908401422479,4123.834703000251,26,1,20_COP_07
40,14.222222222222223,4123.834587067976,1.5810908401422479,4123.834703000251,26,1,20_COP_07
40,14.444444444444445,4123.834621414659,1.5810908401422479,4123.834703000251,26,1,20_COP_07
40,14.666666666666666,4123.834645585621,1.5810908401422479,4123.834703000251,26,1,20_COP_07
40,14.88888888888889,4123.83466259557,1.5810908401422479,4123.834703000251,26,1,20_COP_07
40,15.11111111111111,4123.834674566066,1.5810908401422479,4123.834703000251,26,1,20_COP_07
40,15.333333333333334,4123.834682990121,1.5810908401422479,4123.834703000251,26,1,20_COP_07
40,15.555555555555555,4123.834688918423,1.5810908401422479,4123.834703000251,26,1,20_COP_07
40,15.777777777777777,4123.834693090377,1.5810908401422479,4123.834703000251,26,1,20_COP_07
40,16.0,4123.834696026327,1.5810908401422479,4123.834703000251,26,1,20_COP_07
40,16.22222222222222,4123.834698092456,1.5810908401422479,4123.834703000251,26,1,20_COP_07
40,16.444444444444446,4123.834699546464,1.5810908401422479,4123.834703000251,26,1,20_COP_07
40,16.666666666666668,4123.8347005697005,1.5810908401422479,4123.834703000251,26,1,20_COP_07
40,16.88888888888889,4123.8347012897875,1.5810908401422479,4123.834703000251,26,1,20_COP_07
40,17.11111111111111,4123.834701796538,1.5810908401422479,4123.834703000251,26,1,20_COP_07
40,17.333333333333332,4123.834702153155,1.5810908401422479,4123.834703000251,26,1,20_COP_07
40,17.555555555555557,4123.83470240412,1.5810908401422479,4123.834703000251,26,1,20_COP_07
40,17.77777777777778,4123.834702580733,1.5810908401422479,4123.834703000251,26,1,20_COP_07
40,18.0,4123.834702705021,1.5810908401422479,4123.834703000251,26,1,20_COP_07
40,18.22222222222222,4123.834702792487,1.5810908401422479,4123.834703000251,26,1,20_COP_07
40,18.444444444444443,4123.83470285404,1.5810908401422479,4123.834703000251,26,1,20_COP_07
40,18.666666666666668,4123.834702897357,1.5810908401422479,4123.834703000251,26,1,20_COP_07
40,18.88888888888889,4123.834702927841,1.5810908401422479,4123.834703000251,26,1,20_COP_07
40,19.11111111111111,4123.834702949293,1.5810908401422479,4123.834703000251,26,1,20_COP_07
40,19.333333333333332,4123.83470296439,1.5810908401422479,4123.834703000251,26,1,20_COP_07
40,19.555555555555554,4123.834702975015,1.5810908401422479,4123.834703000251,26,1,20_COP_07
40,19.77777777777778,4123.834702982491,1.5810908401422479,4123.834703000251,26,1,20_COP_07
40,20.0,4123.834702987752,1.5810908401422479,4123.834703000251,26,1,20_COP_07
40,20.22222222222222,4123.834702991456,1.5810908401422479,4123.834703000251,26,1,20_COP_07
40,20.444444444444443,4123.8347029940605,1.5810908401422479,4123.834703000251,26,1,20_COP_07
40,20.666666666666668,4123.834702995895,1.5810908401422479,4123.834703000251,26,1,20_COP_07
40,20.88888888888889,4123.834702997185,1.5810908401422479,4123.834703000251,26,1,20_COP_07
40,21.11111111111111,4123.834702998093,1.5810908401422479,4123.834703000251,26,1,20_COP_07
40,21.333333333333336,4123.834702998733,1.5810908401422479,4123.834703000251,26,1,20_COP_07
40,21.555555555555554,4123.834702999182,1.5810908401422479,4123.834703000251,26,1,20_COP_07
40,21.77777777777778,4123.834702999498,1.5810908401422479,4123.834703000251,26,1,20_COP_07
40,22.0,4123.834702999721,1.5810908401422479,4123.834703000251,26,1,20_COP_07
41,0.0,25.0,1.2054819286365142,2727.401223826807,26,1,20_COP_07
41,0.24242424242424243,33.381687724536995,1.2054819286365142,2727.401223826807,26,1,20_COP_07
41,0.48484848484848486,44.52718116631017,1.2054819286365142,2727.401223826807,26,1,20_COP_07
41,0.7272727272727273,59.31200917606,1.2054819286365142,2727.401223826807,26,1,20_COP_07
41,0.9696969696969697,78.86169676337904,1.2054819286365142,2727.401223826807,26,1,20_COP_07
41,1.2121212121212122,104.60248313885619,1.2054819286365142,2727.401223826807,26,1,20_COP_07
41,1.4545454545454546,138.30642320077834,1.2054819286365142,2727.401223826807,26,1,20_COP_07
41,1.6969696969696968,182.1160471354283,1.2054819286365142,2727.401223826807,26,1,20_COP_07
41,1.9393939393939394,238.5242637737785,1.2054819286365142,2727.401223826807,26,1,20_COP_07
41,2.1818181818181817,310.2743998266439,1.2054819286365142,2727.401223826807,26,1,20_COP_07
41,2.4242424242424243,400.13767411750274,1.2054819286365142,2727.401223826807,26,1,20_COP_07
41,2.6666666666666665,510.5304243727993,1.2054819286365142,2727.401223826807,26,1,20_COP_07
41,2.909090909090909,642.9648804118991,1.2054819286365142,2727.401223826807,26,1,20_COP_07
41,3.151515151515152,797.3965410367281,1.2054819286365142,2727.401223826807,26,1,20_COP_07
41,3.3939393939393936,971.6305265512573,1.2054819286365142,2727.401223826807,26,1,20_COP_07
41,3.6363636363636367,1161.0330372887129,1.2054819286365142,2727.401223826807,26,1,20_COP_07
41,3.878787878787879,1358.7834825887046,1.2054819286365142,2727.401223826807,26,1,20_COP_07
41,4.121212121212121,1556.740941328674,1.2054819286365142,2727.401223826807,26,1,20_COP_07
41,4.363636363636363,1746.730701796343,1.2054819286365142,2727.401223826807,26,1,20_COP_07
41,4.6060606060606055,1921.841995947768,1.2054819286365142,2727.401223826807,26,1,20_COP_07
41,4.848484848484849,2077.322043166837,1.2054819286365142,2727.401223826807,26,1,20_COP_07
41,5.090909090909091,2210.858733580529,1.2054819286365142,2727.401223826807,26,1,20_COP_07
41,5.333333333333333,2322.313934016921,1.2054819286365142,2727.401223826807,26,1,20_COP_07
41,5.575757575757576,2413.138693726817,1.2054819286365142,2727.401223826807,26,1,20_COP_07
41,5.818181818181818,2485.718861488032,1.2054819286365142,2727.401223826807,26,1,20_COP_07
41,6.0606060606060606,2542.8185428045113,1.2054819286365142,2727.401223826807,26,1,20_COP_07
41,6.303030303030304,2587.1888502479296,1.2054819286365142,2727.401223826807,26,1,20_COP_07
41,6.545454545454545,2621.3382252113247,1.2054819286365142,2727.401223826807,26,1,20_COP_07
41,6.787878787878787,2647.427459189965,1.2054819286365142,2727.401223826807,26,1,20_COP_07
41,7.03030303030303,2667.2465652641704,1.2054819286365142,2727.401223826807,26,1,20_COP_07
41,7.272727272727273,2682.237886695445,1.2054819286365142,2727.401223826807,26,1,20_COP_07
41,7.515151515151516,2693.5406051277873,1.2054819286365142,2727.401223826807,26,1,20_COP_07
41,7.757575757575758,2702.0414139187146,1.2054819286365142,2727.401223826807,26,1,20_COP_07
41,8.0,2708.4231062329577,1.2054819286365142,2727.401223826807,26,1,20_COP_07
41,8.242424242424242,2713.207307797648,1.2054819286365142,2727.401223826807,26,1,20_COP_07
41,8.484848484848484,2716.790183057716,1.2054819286365142,2727.401223826807,26,1,20_COP_07
41,8.727272727272727,2719.471300391094,1.2054819286365142,2727.401223826807,26,1,20_COP_07
41,8.96969696969697,2721.4764506937304,1.2054819286365142,2727.401223826807,26,1,20_COP_07
41,9.212121212121211,2722.9754064060135,1.2054819286365142,2727.401223826807,26,1,20_COP_07
41,9.454545454545453,2724.0955899653914,1.2054819286365142,2727.401223826807,26,1,20_COP_07
41,9.696969696969697,2724.932509791558,1.2054819286365142,2727.401223826807,26,1,20_COP_07
41,9.93939393939394,2725.5576817948054,1.2054819286365142,2727.401223826807,26,1,20_COP_07
41,10.181818181818182,2726.0246165215667,1.2054819286365142,2727.401223826807,26,1,20_COP_07
41,10.424242424242426,2726.3733300144104,1.2054819286365142,2727.401223826807,26,1,20_COP_07
41,10.666666666666666,2726.633734471076,1.2054819286365142,2727.401223826807,26,1,20_COP_07
41,10.909090909090908,2726.828182476283,1.2054819286365142,2727.401223826807,26,1,20_COP_07
41,11.151515151515152,2726.9733736501353,1.2054819286365142,2727.401223826807,26,1,20_COP_07
41,11.393939393939394,2727.08178212512,1.2054819286365142,2727.401223826807,26,1,20_COP_07
41,11.636363636363637,2727.1627245144696,1.2054819286365142,2727.401223826807,26,1,20_COP_07
41,11.878787878787879,2727.223158490026,1.2054819286365142,2727.401223826807,26,1,20_COP_07
41,12.121212121212121,2727.2682796861673,1.2054819286365142,2727.401223826807,26,1,20_COP_07
41,12.363636363636363,2727.3019677292796,1.2054819286365142,2727.401223826807,26,1,20_COP_07
41,12.606060606060607,2727.3271194547574,1.2054819286365142,2727.401223826807,26,1,20_COP_07
41,12.848484848484848,2727.3458978039175,1.2054819286365142,2727.401223826807,26,1,20_COP_07
41,13.09090909090909,2727.3599177151227,1.2054819286365142,2727.401223826807,26,1,20_COP_07
41,13.333333333333334,2727.370384945738,1.2054819286365142,2727.401223826807,26,1,20_COP_07
41,13.575757575757574,2727.378199736136,1.2054819286365142,2727.401223826807,26,1,20_COP_07
41,13.81818181818182,2727.3840342159024,1.2054819286365142,2727.401223826807,26,1,20_COP_07
41,14.06060606060606,2727.388390201058,1.2054819286365142,2727.401223826807,26,1,20_COP_07
41,14.303030303030301,2727.391642348546,1.2054819286365142,2727.401223826807,26,1,20_COP_07
41,14.545454545454547,2727.3940703769767,1.2054819286365142,2727.401223826807,26,1,20_COP_07
41,14.787878787878787,2727.39588312347,1.2054819286365142,2727.401223826807,26,1,20_COP_07
41,15.030303030303031,2727.397236504884,1.2054819286365142,2727.401223826807,26,1,20_COP_07
41,15.272727272727273,2727.3982469278644,1.2054819286365142,2727.401223826807,26,1,20_COP_07
41,15.515151515151516,2727.3990013008474,1.2054819286365142,2727.401223826807,26,1,20_COP_07
41,15.757575757575758,2727.3995645090436,1.2054819286365142,2727.401223826807,26,1,20_COP_07
41,16.0,2727.3999849952497,1.2054819286365142,2727.401223826807,26,1,20_COP_07
41,16.242424242424242,2727.400298926465,1.2054819286365142,2727.401223826807,26,1,20_COP_07
41,16.484848484848484,2727.4005333046666,1.2054819286365142,2727.401223826807,26,1,20_COP_07
41,16.727272727272727,2727.4007082893013,1.2054819286365142,2727.401223826807,26,1,20_COP_07
41,16.96969696969697,2727.400838931233,1.2054819286365142,2727.401223826807,26,1,20_COP_07
41,17.21212121212121,2727.4009364673043,1.2054819286365142,2727.401223826807,26,1,20_COP_07
41,17.454545454545453,2727.401009286842,1.2054819286365142,2727.401223826807,26,1,20_COP_07
41,17.696969696969695,2727.401063653241,1.2054819286365142,2727.401223826807,26,1,20_COP_07
41,17.93939393939394,2727.4011042426955,1.2054819286365142,2727.401223826807,26,1,20_COP_07
41,18.18181818181818,2727.401134546409,1.2054819286365142,2727.401223826807,26,1,20_COP_07
41,18.424242424242422,2727.401157170883,1.2054819286365142,2727.401223826807,26,1,20_COP_07
41,18.666666666666668,2727.4011740621077,1.2054819286365142,2727.401223826807,26,1,20_COP_07
41,18.909090909090907,2727.4011866729406,1.2054819286365142,2727.401223826807,26,1,20_COP_07
41,19.151515151515152,2727.401196088072,1.2054819286365142,2727.401223826807,26,1,20_COP_07
41,19.393939393939394,2727.4012031173233,1.2054819286365142,2727.401223826807,26,1,20_COP_07
41,19.636363636363637,2727.401208365297,1.2054819286365142,2727.401223826807,26,1,20_COP_07
41,19.87878787878788,2727.4012122833856,1.2054819286365142,2727.401223826807,26,1,20_COP_07
41,20.12121212121212,2727.401215208595,1.2054819286365142,2727.401223826807,26,1,20_COP_07
41,20.363636363636363,2727.4012173925294,1.2054819286365142,2727.401223826807,26,1,20_COP_07
41,20.606060606060606,2727.4012190230346,1.2054819286365142,2727.401223826807,26,1,20_COP_07
41,20.84848484848485,2727.4012202403546,1.2054819286365142,2727.401223826807,26,1,20_COP_07
41,21.09090909090909,2727.4012211491945,1.2054819286365142,2727.401223826807,26,1,20_COP_07
41,21.333333333333332,2727.401221827726,1.2054819286365142,2727.401223826807,26,1,20_COP_07
41,21.575757575757578,2727.4012223343116,1.2054819286365142,2727.401223826807,26,1,20_COP_07
41,21.818181818181817,2727.401222712524,1.2054819286365142,2727.401223826807,26,1,20_COP_07
41,22.060606060606062,2727.401222994893,1.2054819286365142,2727.401223826807,26,1,20_COP_07
41,22.303030303030305,2727.401223205708,1.2054819286365142,2727.401223826807,26,1,20_COP_07
41,22.545454545454547,2727.4012233631,1.2054819286365142,2727.401223826807,26,1,20_COP_07
41,22.78787878787879,2727.4012234806073,1.2054819286365142,2727.401223826807,26,1,20_COP_07
41,23.03030303030303,2727.401223568338,1.2054819286365142,2727.401223826807,26,1,20_COP_07
41,23.272727272727273,2727.4012236338363,1.2054819286365142,2727.401223826807,26,1,20_COP_07
41,23.515151515151516,2727.4012236827366,1.2054819286365142,2727.401223826807,26,1,20_COP_07
41,23.757575757575758,2727.4012237192455,1.2054819286365142,2727.401223826807,26,1,20_COP_07
41,24.0,2727.4012237465026,1.2054819286365142,2727.401223826807,26,1,20_COP_07
42,0.0,25.0,0.6243806392498333,3830.0671932636064,26,1,20_COP_07
42,0.18181818181818182,27.983503697856328,0.6243806392498333,3830.0671932636064,26,1,20_COP_07
42,0.36363636363636365,31.320128448126354,0.6243806392498333,3830.0671932636064,26,1,20_COP_07
42,0.5454545454545454,35.05092937181294,0.6243806392498333,3830.0671932636064,26,1,20_COP_07
42,0.7272727272727273,39.22154857567166,0.6243806392498333,3830.0671932636064,26,1,20_COP_07
42,0.9090909090909091,43.882680673865984,0.6243806392498333,3830.0671932636064,26,1,20_COP_07
42,1.0909090909090908,49.09057353421883,0.6243806392498333,3830.0671932636064,26,1,20_COP_07
42,1.2727272727272727,54.907563650731646,0.6243806392498333,3830.0671932636064,26,1,20_COP_07
42,1.4545454545454546,61.402644414532304,0.6243806392498333,3830.0671932636064,26,1,20_COP_07
42,1.6363636363636365,68.65206408595577,0.6243806392498333,3830.0671932636064,26,1,20_COP_07
42,1.8181818181818181,76.73994839181029,0.6243806392498333,3830.0671932636064,26,1,20_COP_07
42,2.0,85.75894030729606,0.6243806392498333,3830.0671932636064,26,1,20_COP_07
42,2.1818181818181817,95.81084664909672,0.6243806392498333,3830.0671932636064,26,1,20_COP_07
42,2.3636363636363638,107.00727752004855,0.6243806392498333,3830.0671932636064,26,1,20_COP_07
42,2.5454545454545454,119.47026032475675,0.6243806392498333,3830.0671932636064,26,1,20_COP_07
42,2.7272727272727275,133.33280494910068,0.6243806392498333,3830.0671932636064,26,1,20_COP_07
42,2.909090909090909,148.73939071745139,0.6243806392498333,3830.0671932636064,26,1,20_COP_07
42,3.090909090909091,165.8463389018451,0.6243806392498333,3830.0671932636064,26,1,20_COP_07
42,3.272727272727273,184.82202691084265,0.6243806392498333,3830.0671932636064,26,1,20_COP_07
42,3.454545454545454,205.84689197484656,0.6243806392498333,3830.0671932636064,26,1,20_COP_07
42,3.6363636363636362,229.11316343457966,0.6243806392498333,3830.0671932636064,26,1,20_COP_07
42,3.8181818181818183,254.8242540575419,0.6243806392498333,3830.0671932636064,26,1,20_COP_07
42,4.0,283.1937327852978,0.6243806392498333,3830.0671932636064,26,1,20_COP_07
42,4.181818181818182,314.44379482982646,0.6243806392498333,3830.0671932636064,26,1,20_COP_07
42,4.363636363636363,348.8031412463121,0.6243806392498333,3830.0671932636064,26,1,20_COP_07
42,4.545454545454546,386.5041804625214,0.6243806392498333,3830.0671932636064,26,1,20_COP_07
42,4.7272727272727275,427.7794704659793,0.6243806392498333,3830.0671932636064,26,1,20_COP_07
42,4.909090909090908,472.8573343693178,0.6243806392498333,3830.0671932636064,26,1,20_COP_07
42,5.090909090909091,521.9566058853975,0.6243806392498333,3830.0671932636064,26,1,20_COP_07
42,5.2727272727272725,575.2804966746199,0.6243806392498333,3830.0671932636064,26,1,20_COP_07
42,5.454545454545455,633.0096259059246,0.6243806392498333,3830.0671932636064,26,1,20_COP_07
42,5.636363636363637,695.2943140989029,0.6243806392498333,3830.0671932636064,26,1,20_COP_07
42,5.818181818181818,762.2463173535812,0.6243806392498333,3830.0671932636064,26,1,20_COP_07
42,6.0,833.9302614485467,0.6243806392498333,3830.0671932636064,26,1,20_COP_07
42,6.181818181818182,910.3551226547426,0.6243806392498333,3830.0671932636064,26,1,20_COP_07
42,6.363636363636363,991.4661855753542,0.6243806392498333,3830.0671932636064,26,1,20_COP_07
42,6.545454545454546,1077.1379776337762,0.6243806392498333,3830.0671932636064,26,1,20_COP_07
42,6.7272727272727275,1167.1687231291824,0.6243806392498333,3830.0671932636064,26,1,20_COP_07
42,6.909090909090908,1261.2768649408565,0.6243806392498333,3830.0671932636064,26,1,20_COP_07
42,7.090909090909091,1359.100158534409,0.6243806392498333,3830.0671932636064,26,1,20_COP_07
42,7.2727272727272725,1460.1977444044012,0.6243806392498333,3830.0671932636064,26,1,20_COP_07
42,7.454545454545455,1564.0554511675525,0.6243806392498333,3830.0671932636064,26,1,20_COP_07
42,7.636363636363637,1670.094379723343,0.6243806392498333,3830.0671932636064,26,1,20_COP_07
42,7.818181818181818,1777.6825850713708,0.6243806392498333,3830.0671932636064,26,1,20_COP_07
42,8.0,1886.1494295891123,0.6243806392498333,3830.0671932636064,26,1,20_COP_07
42,8.181818181818182,1994.8019573440693,0.6243806392498333,3830.0671932636064,26,1,20_COP_07
42,8.363636363636363,2102.942461165116,0.6243806392498333,3830.0671932636064,26,1,20_COP_07
42,8.545454545454545,2209.8863061456514,0.6243806392498333,3830.0671932636064,26,1,20_COP_07
42,8.727272727272727,2314.9790497328145,0.6243806392498333,3830.0671932636064,26,1,20_COP_07
42,8.90909090909091,2417.6119628279494,0.6243806392498333,3830.0671932636064,26,1,20_COP_07
42,9.090909090909092,2517.235199527371,0.6243806392498333,3830.0671932636064,26,1,20_COP_07
42,9.272727272727273,2613.368066005911,0.6243806392498333,3830.0671932636064,26,1,20_COP_07
42,9.454545454545455,2705.606075522548,0.6243806392498333,3830.0671932636064,26,1,20_COP_07
42,9.636363636363637,2793.6247183546,0.6243806392498333,3830.0671932636064,26,1,20_COP_07
42,9.818181818181817,2877.1800967660165,0.6243806392498333,3830.0671932636064,26,1,20_COP_07
42,10.0,2956.1067559532,0.6243806392498333,3830.0671932636064,26,1,20_COP_07
42,10.181818181818182,3030.3131703074946,0.6243806392498333,3830.0671932636064,26,1,20_COP_07
42,10.363636363636365,3099.7754165771807,0.6243806392498333,3830.0671932636064,26,1,20_COP_07
42,10.545454545454545,3164.5295850692846,0.6243806392498333,3830.0671932636064,26,1,20_COP_07
42,10.727272727272727,3224.663455548726,0.6243806392498333,3830.0671932636064,26,1,20_COP_07
42,10.90909090909091,3280.3079074743073,0.6243806392498333,3830.0671932636064,26,1,20_COP_07
42,11.09090909090909,3331.6284568664187,0.6243806392498333,3830.0671932636064,26,1,20_COP_07
42,11.272727272727273,3378.8172256663265,0.6243806392498333,3830.0671932636064,26,1,20_COP_07
42,11.454545454545455,3422.085563123956,0.6243806392498333,3830.0671932636064,26,1,20_COP_07
42,11.636363636363637,3461.657459237309,0.6243806392498333,3830.0671932636064,26,1,20_COP_07
42,11.818181818181818,3497.7638217556437,0.6243806392498333,3830.0671932636064,26,1,20_COP_07
42,12.0,3530.6376327566713,0.6243806392498333,3830.0671932636064,26,1,20_COP_07
42,12.181818181818182,3560.5099586128035,0.6243806392498333,3830.0671932636064,26,1,20_COP_07
42,12.363636363636363,3587.6067573795026,0.6243806392498333,3830.0671932636064,26,1,20_COP_07
42,12.545454545454547,3612.1464086595033,0.6243806392498333,3830.0671932636064,26,1,20_COP_07
42,12.727272727272727,3634.3378808796847,0.6243806392498333,3830.0671932636064,26,1,20_COP_07
42,12.909090909090908,3654.3794476758167,0.6243806392498333,3830.0671932636064,26,1,20_COP_07
42,13.090909090909092,3672.4578668679474,0.6243806392498333,3830.0671932636064,26,1,20_COP_07
42,13.272727272727272,3688.7479407246947,0.6243806392498333,3830.0671932636064,26,1,20_COP_07
42,13.454545454545455,3703.41238354599,0.6243806392498333,3830.0671932636064,26,1,20_COP_07
42,13.636363636363637,3716.6019310182983,0.6243806392498333,3830.0671932636064,26,1,20_COP_07
42,13.818181818181817,3728.4556345566607,0.6243806392498333,3830.0671932636064,26,1,20_COP_07
42,14.0,3739.1012924132947,0.6243806392498333,3830.0671932636064,26,1,20_COP_07
42,14.181818181818182,3748.655977356878,0.6243806392498333,3830.0671932636064,26,1,20_COP_07
42,14.363636363636363,3757.226628006664,0.6243806392498333,3830.0671932636064,26,1,20_COP_07
42,14.545454545454545,3764.91067734439,0.6243806392498333,3830.0671932636064,26,1,20_COP_07
42,14.727272727272728,3771.7966975027,0.6243806392498333,3830.0671932636064,26,1,20_COP_07
42,14.90909090909091,3777.9650446703317,0.6243806392498333,3830.0671932636064,26,1,20_COP_07
42,15.09090909090909,3783.4884919212636,0.6243806392498333,3830.0671932636064,26,1,20_COP_07
42,15.272727272727273,3788.4328410446506,0.6243806392498333,3830.0671932636064,26,1,20_COP_07
42,15.454545454545453,3792.8575071084897,0.6243806392498333,3830.0671932636064,26,1,20_COP_07
42,15.636363636363637,3796.8160716169114,0.6243806392498333,3830.0671932636064,26,1,20_COP_07
42,15.818181818181818,3800.356801798814,0.6243806392498333,3830.0671932636064,26,1,20_COP_07
42,16.0,3803.523134867596,0.6243806392498333,3830.0671932636064,26,1,20_COP_07
42,16.181818181818183,3806.3541270835017,0.6243806392498333,3830.0671932636064,26,1,20_COP_07
42,16.363636363636363,3808.8848681886197,0.6243806392498333,3830.0671932636064,26,1,20_COP_07
42,16.545454545454547,3811.1468623189367,0.6243806392498333,3830.0671932636064,26,1,20_COP_07
42,16.727272727272727,3813.1683768694297,0.6243806392498333,3830.0671932636064,26,1,20_COP_07
42,16.90909090909091,3814.974761031631,0.6243806392498333,3830.0671932636064,26,1,20_COP_07
42,17.09090909090909,3816.5887358669406,0.6243806392498333,3830.0671932636064,26,1,20_COP_07
42,17.272727272727273,3818.0306578465566,0.6243806392498333,3830.0671932636064,26,1,20_COP_07
42,17.454545454545453,3819.3187577991534,0.6243806392498333,3830.0671932636064,26,1,20_COP_07
42,17.636363636363637,3820.469357175451,0.6243806392498333,3830.0671932636064,26,1,20_COP_07
42,17.81818181818182,3821.4970634766682,0.6243806392498333,3830.0671932636064,26,1,20_COP_07
42,18.0,3822.414946610946,0.6243806392498333,3830.0671932636064,26,1,20_COP_07
43,0.0,25.0,0.7598115996254255,3697.932428262028,20,1,20_COP_08
43,0.22222222222222224,29.561714454034814,0.7598115996254255,3697.932428262028,20,1,20_COP_08
43,0.4444444444444445,34.94787847887751,0.7598115996254255,3697.932428262028,20,1,20_COP_08
43,0.6666666666666667,41.30435542687453,0.7598115996254255,3697.932428262028,20,1,20_COP_08
43,0.888888888888889,48.801573726307986,0.7598115996254255,3697.932428262028,20,1,20_COP_08
43,1.1111111111111112,57.638173545985815,0.7598115996254255,3697.932428262028,20,1,20_COP_08
43,1.3333333333333335,68.04499820986481,0.7598115996254255,3697.932428262028,20,1,20_COP_08
43,1.5555555555555556,80.2893779608049,0.7598115996254255,3697.932428262028,20,1,20_COP_08
43,1.777777777777778,94.67960675419592,0.7598115996254255,3697.932428262028,20,1,20_COP_08
43,2.0,111.56944765958283,0.7598115996254255,3697.932428262028,20,1,20_COP_08
43,2.2222222222222223,131.3624149606202,0.7598115996254255,3697.932428262028,20,1,20_COP_08
43,2.444444444444444,154.515467316979,0.7598115996254255,3697.932428262028,20,1,20_COP_08
43,2.666666666666667,181.54160395655106,0.7598115996254255,3697.932428262028,20,1,20_COP_08
43,2.8888888888888893,213.01068555623763,0.7598115996254255,3697.932428262028,20,1,20_COP_08
43,3.111111111111111,249.54760981214505,0.7598115996254255,3697.932428262028,20,1,20_COP_08
43,3.3333333333333335,291.8267746610175,0.7598115996254255,3697.932428262028,20,1,20_COP_08
43,3.555555555555556,340.5615894038034,0.7598115996254255,3697.932428262028,20,1,20_COP_08
43,3.7777777777777777,396.48769341476424,0.7598115996254255,3697.932428262028,20,1,20_COP_08
43,4.0,460.33858235871617,0.7598115996254255,3697.932428262028,20,1,20_COP_08
43,4.222222222222222,532.8126106871606,0.7598115996254255,3697.932428262028,20,1,20_COP_08
43,4.444444444444445,614.5309334184151,0.7598115996254255,3697.932428262028,20,1,20_COP_08
43,4.666666666666667,705.9869525904015,0.7598115996254255,3697.932428262028,20,1,20_COP_08
43,4.888888888888888,807.4892746592071,0.7598115996254255,3697.932428262028,20,1,20_COP_08
43,5.111111111111111,919.1019915695724,0.7598115996254255,3697.932428262028,20,1,20_COP_08
43,5.333333333333334,1040.588043609138,0.7598115996254255,3697.932428262028,20,1,20_COP_08
43,5.555555555555556,1171.3631015783799,0.7598115996254255,3697.932428262028,20,1,20_COP_08
43,5.777777777777779,1310.4682711583253,0.7598115996254255,3697.932428262028,20,1,20_COP_08
43,6.0,1456.5694041176262,0.7598115996254255,3697.932428262028,20,1,20_COP_08
43,6.222222222222222,1607.9885127527557,0.7598115996254255,3697.932428262028,20,1,20_COP_08
43,6.444444444444445,1762.7687527043074,0.7598115996254255,3697.932428262028,20,1,20_COP_08
43,6.666666666666667,1918.7692542273649,0.7598115996254255,3697.932428262028,20,1,20_COP_08
43,6.888888888888889,2073.78084755386,0.7598115996254255,3697.932428262028,20,1,20_COP_08
43,7.111111111111112,2225.6497746494615,0.7598115996254255,3697.932428262028,20,1,20_COP_08
43,7.333333333333333,2372.3949121640935,0.7598115996254255,3697.932428262028,20,1,20_COP_08
43,7.555555555555555,2512.305306232807,0.7598115996254255,3697.932428262028,20,1,20_COP_08
43,7.777777777777778,2644.0085658161943,0.7598115996254255,3697.932428262028,20,1,20_COP_08
43,8.0,2766.505823618193,0.7598115996254255,3697.932428262028,20,1,20_COP_08
43,8.222222222222223,2879.174222963173,0.7598115996254255,3697.932428262028,20,1,20_COP_08
43,8.444444444444445,2981.7420795602184,0.7598115996254255,3697.932428262028,20,1,20_COP_08
43,8.666666666666666,3074.2443490271185,0.7598115996254255,3697.932428262028,20,1,20_COP_08
43,8.88888888888889,3156.966722682184,0.7598115996254255,3697.932428262028,20,1,20_COP_08
43,9.11111111111111,3230.385928795113,0.7598115996254255,3697.932428262028,20,1,20_COP_08
43,9.333333333333334,3295.1121952221247,0.7598115996254255,3697.932428262028,20,1,20_COP_08
43,9.555555555555555,3351.83788984962,0.7598115996254255,3697.932428262028,20,1,20_COP_08
43,9.777777777777777,3401.294520494352,0.7598115996254255,3697.932428262028,20,1,20_COP_08
43,10.0,3444.2187908378023,0.7598115996254255,3697.932428262028,20,1,20_COP_08
43,10.222222222222221,3481.3273605363256,0.7598115996254255,3697.932428262028,20,1,20_COP_08
43,10.444444444444445,3513.299323826826,0.7598115996254255,3697.932428262028,20,1,20_COP_08
43,10.666666666666668,3540.765122416732,0.7598115996254255,3697.932428262028,20,1,20_COP_08
43,10.88888888888889,3564.300548564168,0.7598115996254255,3697.932428262028,20,1,20_COP_08
43,11.111111111111112,3584.42458360659,0.7598115996254255,3697.932428262028,20,1,20_COP_08
43,11.333333333333332,3601.5999849160066,0.7598115996254255,3697.932428262028,20,1,20_COP_08
43,11.555555555555557,3616.235730416901,0.7598115996254255,3697.932428262028,20,1,20_COP_08
43,11.777777777777779,3628.6906229790766,0.7598115996254255,3697.932428262028,20,1,20_COP_08
43,12.0,3639.2775299931814,0.7598115996254255,3697.932428262028,20,1,20_COP_08
43,12.222222222222223,3648.2678788804446,0.7598115996254255,3697.932428262028,20,1,20_COP_08
43,12.444444444444445,3655.8961459548914,0.7598115996254255,3697.932428262028,20,1,20_COP_08
43,12.666666666666668,3662.364166137265,0.7598115996254255,3697.932428262028,20,1,20_COP_08
43,12.88888888888889,3667.8451582798307,0.7598115996254255,3697.932428262028,20,1,20_COP_08
43,13.11111111111111,3672.487409499249,0.7598115996254255,3697.932428262028,20,1,20_COP_08
43,13.333333333333334,3676.417595929266,0.7598115996254255,3697.932428262028,20,1,20_COP_08
43,13.555555555555555,3679.743740190017,0.7598115996254255,3697.932428262028,20,1,20_COP_08
43,13.777777777777779,3682.5578205157594,0.7598115996254255,3697.932428262028,20,1,20_COP_08
43,14.0,3684.9380551836016,0.7598115996254255,3697.932428262028,20,1,20_COP_08
43,14.222222222222223,3686.950890411805,0.7598115996254255,3697.932428262028,20,1,20_COP_08
43,14.444444444444445,3688.652721576567,0.7598115996254255,3697.932428262028,20,1,20_COP_08
43,14.666666666666666,3690.0913774072224,0.7598115996254255,3697.932428262028,20,1,20_COP_08
43,14.88888888888889,3691.3073954634615,0.7598115996254255,3697.932428262028,20,1,20_COP_08
43,15.11111111111111,3692.335115168462,0.7598115996254255,3697.932428262028,20,1,20_COP_08
43,15.333333333333334,3693.2036123080707,0.7598115996254255,3697.932428262028,20,1,20_COP_08
43,15.555555555555555,3693.9374964350104,0.7598115996254255,3697.932428262028,20,1,20_COP_08
43,15.777777777777777,3694.5575901842185,0.7598115996254255,3697.932428262028,20,1,20_COP_08
43,16.0,3695.0815071997467,0.7598115996254255,3697.932428262028,20,1,20_COP_08
43,16.22222222222222,3695.5241432447297,0.7598115996254255,3697.932428262028,20,1,20_COP_08
43,16.444444444444446,3695.898093136646,0.7598115996254255,3697.932428262028,20,1,20_COP_08
43,16.666666666666668,3696.214004426173,0.7598115996254255,3697.932428262028,20,1,20_COP_08
43,16.88888888888889,3696.480877213868,0.7598115996254255,3697.932428262028,20,1,20_COP_08
43,17.11111111111111,3696.7063181627877,0.7598115996254255,3697.932428262028,20,1,20_COP_08
43,17.333333333333332,3696.8967556015978,0.7598115996254255,3697.932428262028,20,1,20_COP_08
43,17.555555555555557,3697.057621604808,0.7598115996254255,3697.932428262028,20,1,20_COP_08
43,17.77777777777778,3697.1935060674186,0.7598115996254255,3697.932428262028,20,1,20_COP_08
43,18.0,3697.308287044116,0.7598115996254255,3697.932428262028,20,1,20_COP_08
43,18.22222222222222,3697.4052409828446,0.7598115996254255,3697.932428262028,20,1,20_COP_08
43,18.444444444444443,3697.48713593516,0.7598115996254255,3697.932428262028,20,1,20_COP_08
43,18.666666666666668,3697.5563103586746,0.7598115996254255,3697.932428262028,20,1,20_COP_08
43,18.88888888888889,3697.6147397290106,0.7598115996254255,3697.932428262028,20,1,20_COP_08
43,19.11111111111111,3697.664092840199,0.7598115996254255,3697.932428262028,20,1,20_COP_08
43,19.333333333333332,3697.7057793848276,0.7598115996254255,3697.932428262028,20,1,20_COP_08
43,19.555555555555554,3697.740990161098,0.7598115996254255,3697.932428262028,20,1,20_COP_08
43,19.77777777777778,3697.7707310468236,0.7598115996254255,3697.932428262028,20,1,20_COP_08
43,20.0,3697.795851704864,0.7598115996254255,3697.932428262028,20,1,20_COP_08
43,20.22222222222222,3697.817069835747,0.7598115996254255,3697.932428262028,20,1,20_COP_08
43,20.444444444444443,3697.8349916672896,0.7598115996254255,3697.932428262028,20,1,20_COP_08
43,20.666666666666668,3697.850129264445,0.7598115996254255,3697.932428262028,20,1,20_COP_08
43,20.88888888888889,3697.8629151523614,0.7598115996254255,3697.932428262028,20,1,20_COP_08
43,21.11111111111111,3697.8737146693743,0.7598115996254255,3697.932428262028,20,1,20_COP_08
43,21.333333333333336,3697.8828364020947,0.7598115996254255,3697.932428262028,20,1,20_COP_08
43,21.555555555555554,3697.8905410001853,0.7598115996254255,3697.932428262028,20,1,20_COP_08
43,21.77777777777778,3697.897048622324,0.7598115996254255,3697.932428262028,20,1,20_COP_08
43,22.0,3697.9025452257947,0.7598115996254255,3697.932428262028,20,1,20_COP_08
44,0.0,25.0,0.5174181650455838,4463.534933090457,20,1,20_COP_08
44,0.18181818181818182,27.450915314862744,0.5174181650455838,4463.534933090457,20,1,20_COP_08
44,0.36363636363636365,30.140478414588507,0.5174181650455838,4463.534933090457,20,1,20_COP_08
44,0.5454545454545454,33.09159157243679,0.5174181650455838,4463.534933090457,20,1,20_COP_08
44,0.7272727272727273,36.32928620421541,0.5174181650455838,4463.534933090457,20,1,20_COP_08
44,0.9090909090909091,39.88090669060466,0.5174181650455838,4463.534933090457,20,1,20_COP_08
44,1.0909090909090908,43.776307135093916,0.5174181650455838,4463.534933090457,20,1,20_COP_08
44,1.2727272727272727,48.04806132962489,0.5174181650455838,4463.534933090457,20,1,20_COP_08
44,1.4545454545454546,52.73168604157997,0.5174181650455838,4463.534933090457,20,1,20_COP_08
44,1.6363636363636365,57.865877530236084,0.5174181650455838,4463.534933090457,20,1,20_COP_08
44,1.8181818181818181,63.492760939153584,0.5174181650455838,4463.534933090457,20,1,20_COP_08
44,2.0,69.65815188289729,0.5174181650455838,4463.534933090457,20,1,20_COP_08
44,2.1818181818181817,76.41182914047039,0.5174181650455838,4463.534933090457,20,1,20_COP_08
44,2.3636363636363638,83.80781687114855,0.5174181650455838,4463.534933090457,20,1,20_COP_08
44,2.5454545454545454,91.90467416720992,0.5174181650455838,4463.534933090457,20,1,20_COP_08
44,2.7272727272727275,100.76578903767795,0.5174181650455838,4463.534933090457,20,1,20_COP_08
44,2.909090909090909,110.45967306245059,0.5174181650455838,4463.534933090457,20,1,20_COP_08
44,3.090909090909091,121.06025195200617,0.5174181650455838,4463.534933090457,20,1,20_COP_08
44,3.272727272727273,132.64714608009945,0.5174181650455838,4463.534933090457,20,1,20_COP_08
44,3.454545454545454,145.30593371344358,0.5174181650455838,4463.534933090457,20,1,20_COP_08
44,3.6363636363636362,159.1283881349194,0.5174181650455838,4463.534933090457,20,1,20_COP_08
44,3.8181818181818183,174.21267814264556,0.5174181650455838,4463.534933090457,20,1,20_COP_08
44,4.0,190.66351951184433,0.5174181650455838,4463.534933090457,20,1,20_COP_08
44,4.181818181818182,208.59226294682585,0.5174181650455838,4463.534933090457,20,1,20_COP_08
44,4.363636363636363,228.11690185884717,0.5174181650455838,4463.534933090457,20,1,20_COP_08
44,4.545454545454546,249.36198103399633,0.5174181650455838,4463.534933090457,20,1,20_COP_08
44,4.7272727272727275,272.45838498018196,0.5174181650455838,4463.534933090457,20,1,20_COP_08
44,4.909090909090908,297.5429825702271,0.5174181650455838,4463.534933090457,20,1,20_COP_08
44,5.090909090909091,324.7581026705998,0.5174181650455838,4463.534933090457,20,1,20_COP_08
44,5.2727272727272725,354.2508139438343,0.5174181650455838,4463.534933090457,20,1,20_COP_08
44,5.454545454545455,386.1719811616969,0.5174181650455838,4463.534933090457,20,1,20_COP_08
44,5.636363636363637,420.6750704339522,0.5174181650455838,4463.534933090457,20,1,20_COP_08
44,5.818181818181818,457.91467705359116,0.5174181650455838,4463.534933090457,20,1,20_COP_08
44,6.0,498.04475252561485,0.5174181650455838,4463.534933090457,20,1,20_COP_08
44,6.181818181818182,541.2165121424233,0.5174181650455838,4463.534933090457,20,1,20_COP_08
44,6.363636363636363,587.5760115472027,0.5174181650455838,4463.534933090457,20,1,20_COP_08
44,6.545454545454546,637.2613903992394,0.5174181650455838,4463.534933090457,20,1,20_COP_08
44,6.7272727272727275,690.3997937475731,0.5174181650455838,4463.534933090457,20,1,20_COP_08
44,6.909090909090908,747.1039971167321,0.5174181650455838,4463.534933090457,20,1,20_COP_08
44,7.090909090909091,807.4687794918708,0.5174181650455838,4463.534933090457,20,1,20_COP_08
44,7.2727272727272725,871.5671089734432,0.5174181650455838,4463.534933090457,20,1,20_COP_08
44,7.454545454545455,939.4462281387742,0.5174181650455838,4463.534933090457,20,1,20_COP_08
44,7.636363636363637,1011.1237490134647,0.5174181650455838,4463.534933090457,20,1,20_COP_08
44,7.818181818181818,1086.5838895486193,0.5174181650455838,4463.534933090457,20,1,20_COP_08
44,8.0,1165.7740027940556,0.5174181650455838,4463.534933090457,20,1,20_COP_08
44,8.181818181818182,1248.6015644569316,0.5174181650455838,4463.534933090457,20,1,20_COP_08
44,8.363636363636363,1334.931792023558,0.5174181650455838,4463.534933090457,20,1,20_COP_08
44,8.545454545454545,1424.5860669771303,0.5174181650455838,4463.534933090457,20,1,20_COP_08
44,8.727272727272727,1517.3413191024713,0.5174181650455838,4463.534933090457,20,1,20_COP_08
44,8.90909090909091,1612.9305073190674,0.5174181650455838,4463.534933090457,20,1,20_COP_08
44,9.090909090909092,1711.0442947456709,0.5174181650455838,4463.534933090457,20,1,20_COP_08
44,9.272727272727273,1811.3339677451545,0.5174181650455838,4463.534933090457,20,1,20_COP_08
44,9.454545454545455,1913.4155917581968,0.5174181650455838,4463.534933090457,20,1,20_COP_08
44,9.636363636363637,2016.8753342544562,0.5174181650455838,4463.534933090457,20,1,20_COP_08
44,9.818181818181817,2121.2758215464496,0.5174181650455838,4463.534933090457,20,1,20_COP_08
44,10.0,2226.163336555764,0.5174181650455838,4463.534933090457,20,1,20_COP_08
44,10.181818181818182,2331.075613989365,0.5174181650455838,4463.534933090457,20,1,20_COP_08
44,10.363636363636365,2435.5499523404496,0.5174181650455838,4463.534933090457,20,1,20_COP_08
44,10.545454545454545,2539.1313421362875,0.5174181650455838,4463.534933090457,20,1,20_COP_08
44,10.727272727272727,2641.38030882408,0.5174181650455838,4463.534933090457,20,1,20_COP_08
44,10.90909090909091,2741.8801867138136,0.5174181650455838,4463.534933090457,20,1,20_COP_08
44,11.09090909090909,2840.2435757609487,0.5174181650455838,4463.534933090457,20,1,20_COP_08
44,11.272727272727273,2936.1177823555954,0.5174181650455838,4463.534933090457,20,1,20_COP_08
44,11.454545454545455,3029.1891042156135,0.5174181650455838,4463.534933090457,20,1,20_COP_08
44,11.636363636363637,3119.1858828910094,0.5174181650455838,4463.534933090457,20,1,20_COP_08
44,11.818181818181818,3205.8803102106117,0.5174181650455838,4463.534933090457,20,1,20_COP_08
44,12.0,3289.0890327178176,0.5174181650455838,4463.534933090457,20,1,20_COP_08
44,12.181818181818182,3368.672647184882,0.5174181650455838,4463.534933090457,20,1,20_COP_08
44,12.363636363636363,3444.5342182988807,0.5174181650455838,4463.534933090457,20,1,20_COP_08
44,12.545454545454547,3516.6169754737457,0.5174181650455838,4463.534933090457,20,1,20_COP_08
44,12.727272727272727,3584.9013595276574,0.5174181650455838,4463.534933090457,20,1,20_COP_08
44,12.909090909090908,3649.4015926984775,0.5174181650455838,4463.534933090457,20,1,20_COP_08
44,13.090909090909092,3710.161938859444,0.5174181650455838,4463.534933090457,20,1,20_COP_08
44,13.272727272727272,3767.2528069406303,0.5174181650455838,4463.534933090457,20,1,20_COP_08
44,13.454545454545455,3820.7668316758795,0.5174181650455838,4463.534933090457,20,1,20_COP_08
44,13.636363636363637,3870.8150439972906,0.5174181650455838,4463.534933090457,20,1,20_COP_08
44,13.818181818181817,3917.523220550082,0.5174181650455838,4463.534933090457,20,1,20_COP_08
44,14.0,3961.028479410973,0.5174181650455838,4463.534933090457,20,1,20_COP_08
44,14.181818181818182,4001.4761682902613,0.5174181650455838,4463.534933090457,20,1,20_COP_08
44,14.363636363636363,4039.017073034225,0.5174181650455838,4463.534933090457,20,1,20_COP_08
44,14.545454545454545,4073.8049585398808,0.5174181650455838,4463.534933090457,20,1,20_COP_08
44,14.727272727272728,4105.994441392457,0.5174181650455838,4463.534933090457,20,1,20_COP_08
44,14.90909090909091,4135.739183571135,0.5174181650455838,4463.534933090457,20,1,20_COP_08
44,15.09090909090909,4163.190389227058,0.5174181650455838,4463.534933090457,20,1,20_COP_08
44,15.272727272727273,4188.495581514355,0.5174181650455838,4463.534933090457,20,1,20_COP_08
44,15.454545454545453,4211.797633399961,0.5174181650455838,4463.534933090457,20,1,20_COP_08
44,15.636363636363637,4233.234024931103,0.5174181650455838,4463.534933090457,20,1,20_COP_08
44,15.818181818181818,4252.9362992558,0.5174181650455838,4463.534933090457,20,1,20_COP_08
44,16.0,4271.029690458222,0.5174181650455838,4463.534933090457,20,1,20_COP_08
44,16.181818181818183,4287.632897714206,0.5174181650455838,4463.534933090457,20,1,20_COP_08
44,16.363636363636363,4302.857982163648,0.5174181650455838,4463.534933090457,20,1,20_COP_08
44,16.545454545454547,4316.810365049843,0.5174181650455838,4463.534933090457,20,1,20_COP_08
44,16.727272727272727,4329.588907945579,0.5174181650455838,4463.534933090457,20,1,20_COP_08
44,16.90909090909091,4341.286058161894,0.5174181650455838,4463.534933090457,20,1,20_COP_08
44,17.09090909090909,4351.988044638405,0.5174181650455838,4463.534933090457,20,1,20_COP_08
44,17.272727272727273,4361.7751116896225,0.5174181650455838,4463.534933090457,20,1,20_COP_08
44,17.454545454545453,4370.721779895697,0.5174181650455838,4463.534933090457,20,1,20_COP_08
44,17.636363636363637,4378.897125159967,0.5174181650455838,4463.534933090457,20,1,20_COP_08
44,17.81818181818182,4386.36506850313,0.5174181650455838,4463.534933090457,20,1,20_COP_08
44,18.0,4393.184670526558,0.5174181650455838,4463.534933090457,20,1,20_COP_08
45,0.0,25.0,0.7079347131869425,2424.718175171218,20,1,20_COP_08
45,0.18181818181818182,28.3939449480006,0.7079347131869425,2424.718175171218,20,1,20_COP_08
45,0.36363636363636365,32.24245372170275,0.7079347131869425,2424.718175171218,20,1,20_COP_08
45,0.5454545454545454,36.604620486037206,0.7079347131869425,2424.718175171218,20,1,20_COP_08
45,0.7272727272727273,41.54670769586415,0.7079347131869425,2424.718175171218,20,1,20_COP_08
45,0.9090909090909091,47.14286742576048,0.7079347131869425,2424.718175171218,20,1,20_COP_08
45,1.0909090909090908,53.475891383852485,0.7079347131869425,2424.718175171218,20,1,20_COP_08
45,1.2727272727272727,60.637975935210356,0.7079347131869425,2424.718175171218,20,1,20_COP_08
45,1.4545454545454546,68.73148271982818,0.7079347131869425,2424.718175171218,20,1,20_COP_08
45,1.6363636363636365,77.86966832313924,0.7079347131869425,2424.718175171218,20,1,20_COP_08
45,1.8181818181818181,88.17734778056796,0.7079347131869425,2424.718175171218,20,1,20_COP_08
45,2.0,99.7914463618693,0.7079347131869425,2424.718175171218,20,1,20_COP_08
45,2.1818181818181817,112.8613820741528,0.7079347131869425,2424.718175171218,20,1,20_COP_08
45,2.3636363636363638,127.54920779317608,0.7079347131869425,2424.718175171218,20,1,20_COP_08
45,2.5454545454545454,144.02942727132637,0.7079347131869425,2424.718175171218,20,1,20_COP_08
45,2.7272727272727275,162.48838421088212,0.7079347131869425,2424.718175171218,20,1,20_COP_08
45,2.909090909090909,183.12310932393544,0.7079347131869425,2424.718175171218,20,1,20_COP_08
45,3.090909090909091,206.1394985943212,0.7079347131869425,2424.718175171218,20,1,20_COP_08
45,3.272727272727273,231.7496892595775,0.7079347131869425,2424.718175171218,20,1,20_COP_08
45,3.454545454545454,260.1685015183385,0.7079347131869425,2424.718175171218,20,1,20_COP_08
45,3.6363636363636362,291.60882749232474,0.7079347131869425,2424.718175171218,20,1,20_COP_08
45,3.8181818181818183,326.27587884008915,0.7079347131869425,2424.718175171218,20,1,20_COP_08
45,4.0,364.3602549382489,0.7079347131869425,2424.718175171218,20,1,20_COP_08
45,4.181818181818182,406.02986826202925,0.7079347131869425,2424.718175171218,20,1,20_COP_08
45,4.363636363636363,451.4208642165253,0.7079347131869425,2424.718175171218,20,1,20_COP_08
45,4.545454545454546,500.62779770733516,0.7079347131869425,2424.718175171218,20,1,20_COP_08
45,4.7272727272727275,553.6934720744895,0.7079347131869425,2424.718175171218,20,1,20_COP_08
45,4.909090909090908,610.5989956940833,0.7079347131869425,2424.718175171218,20,1,20_COP_08
45,5.090909090909091,671.2547493211566,0.7079347131869425,2424.718175171218,20,1,20_COP_08
45,5.2727272727272725,735.4930593681536,0.7079347131869425,2424.718175171218,20,1,20_COP_08
45,5.454545454545455,803.0634121678312,0.7079347131869425,2424.718175171218,20,1,20_COP_08
45,5.636363636363637,873.6309968915198,0.7079347131869425,2424.718175171218,20,1,20_COP_08
45,5.818181818181818,946.7792129090669,0.7079347131869425,2424.718175171218,20,1,20_COP_08
45,6.0,1022.0165177880174,0.7079347131869425,2424.718175171218,20,1,20_COP_08
45,6.181818181818182,1098.7876406371636,0.7079347131869425,2424.718175171218,20,1,20_COP_08
45,6.363636363636363,1176.4887783450538,0.7079347131869425,2424.718175171218,20,1,20_COP_08
45,6.545454545454546,1254.485982597384,0.7079347131869425,2424.718175171218,20,1,20_COP_08
45,6.7272727272727275,1332.1355947326415,0.7079347131869425,2424.718175171218,20,1,20_COP_08
45,6.909090909090908,1408.8053507534319,0.7079347131869425,2424.718175171218,20,1,20_COP_08
45,7.090909090909091,1483.8947004569445,0.7079347131869425,2424.718175171218,20,1,20_COP_08
45,7.2727272727272725,1556.8529764572233,0.7079347131869425,2424.718175171218,20,1,20_COP_08
45,7.454545454545455,1627.194294719246,0.7079347131869425,2424.718175171218,20,1,20_COP_08
45,7.636363636363637,1694.5084260255555,0.7079347131869425,2424.718175171218,20,1,20_COP_08
45,7.818181818181818,1758.4672894892565,0.7079347131869425,2424.718175171218,20,1,20_COP_08
45,8.0,1818.827123693703,0.7079347131869425,2424.718175171218,20,1,20_COP_08
45,8.181818181818182,1875.4267362286914,0.7079347131869425,2424.718175171218,20,1,20_COP_08
45,8.363636363636363,1928.182483646105,0.7079347131869425,2424.718175171218,20,1,20_COP_08
45,8.545454545454545,1977.080777010674,0.7079347131869425,2424.718175171218,20,1,20_COP_08
45,8.727272727272727,2022.1689478154806,0.7079347131869425,2424.718175171218,20,1,20_COP_08
45,8.90909090909091,2063.5452632000474,0.7079347131869425,2424.718175171218,20,1,20_COP_08
45,9.090909090909092,2101.3487734583155,0.7079347131869425,2424.718175171218,20,1,20_COP_08
45,9.272727272727273,2135.7495352837836,0.7079347131869425,2424.718175171218,20,1,20_COP_08
45,9.454545454545455,2166.939604436724,0.7079347131869425,2424.718175171218,20,1,20_COP_08
45,9.636363636363637,2195.1250492938616,0.7079347131869425,2424.718175171218,20,1,20_COP_08
45,9.818181818181817,2220.519113508245,0.7079347131869425,2424.718175171218,20,1,20_COP_08
45,10.0,2243.3365574635886,0.7079347131869425,2424.718175171218,20,1,20_COP_08
45,10.181818181818182,2263.7891355291363,0.7079347131869425,2424.718175171218,20,1,20_COP_08
45,10.363636363636365,2282.082117407222,0.7079347131869425,2424.718175171218,20,1,20_COP_08
45,10.545454545454545,2298.411733472633,0.7079347131869425,2424.718175171218,20,1,20_COP_08
45,10.727272727272727,2312.9634116004377,0.7079347131869425,2424.718175171218,20,1,20_COP_08
45,10.90909090909091,2325.910672282611,0.7079347131869425,2424.718175171218,20,1,20_COP_08
45,11.09090909090909,2337.414556040717,0.7079347131869425,2424.718175171218,20,1,20_COP_08
45,11.272727272727273,2347.6234691343325,0.7079347131869425,2424.718175171218,20,1,20_COP_08
45,11.454545454545455,2356.673347952617,0.7079347131869425,2424.718175171218,20,1,20_COP_08
45,11.636363636363637,2364.6880575413697,0.7079347131869425,2424.718175171218,20,1,20_COP_08
45,11.818181818181818,2371.7799543100336,0.7079347131869425,2424.718175171218,20,1,20_COP_08
45,12.0,2378.0505563808138,0.7079347131869425,2424.718175171218,20,1,20_COP_08
45,12.181818181818182,2383.5912769176857,0.7079347131869425,2424.718175171218,20,1,20_COP_08
45,12.363636363636363,2388.484185973528,0.7079347131869425,2424.718175171218,20,1,20_COP_08
45,12.545454545454547,2392.802774940693,0.7079347131869425,2424.718175171218,20,1,20_COP_08
45,12.727272727272727,2396.6127046996403,0.7079347131869425,2424.718175171218,20,1,20_COP_08
45,12.909090909090908,2399.972524197305,0.7079347131869425,2424.718175171218,20,1,20_COP_08
45,13.090909090909092,2402.9343506368864,0.7079347131869425,2424.718175171218,20,1,20_COP_08
45,13.272727272727272,2405.544505908812,0.7079347131869425,2424.718175171218,20,1,20_COP_08
45,13.454545454545455,2407.8441065123657,0.7079347131869425,2424.718175171218,20,1,20_COP_08
45,13.636363636363637,2409.869606164318,0.7079347131869425,2424.718175171218,20,1,20_COP_08
45,13.818181818181817,2411.65329169995,0.7079347131869425,2424.718175171218,20,1,20_COP_08
45,14.0,2413.2237338576156,0.7079347131869425,2424.718175171218,20,1,20_COP_08
45,14.181818181818182,2414.606195195388,0.7079347131869425,2424.718175171218,20,1,20_COP_08
45,14.363636363636363,2415.8229977951496,0.7079347131869425,2424.718175171218,20,1,20_COP_08
45,14.545454545454545,2416.8938536281134,0.7079347131869425,2424.718175171218,20,1,20_COP_08
45,14.727272727272728,2417.8361605359387,0.7079347131869425,2424.718175171218,20,1,20_COP_08
45,14.90909090909091,2418.665266762216,0.7079347131869425,2424.718175171218,20,1,20_COP_08
45,15.09090909090909,2419.394706880409,0.7079347131869425,2424.718175171218,20,1,20_COP_08
45,15.272727272727273,2420.0364118293833,0.7079347131869425,2424.718175171218,20,1,20_COP_08
45,15.454545454545453,2420.600895603956,0.7079347131869425,2424.718175171218,20,1,20_COP_08
45,15.636363636363637,2421.097420968376,0.7079347131869425,2424.718175171218,20,1,20_COP_08
45,15.818181818181818,2421.534146374798,0.7079347131869425,2424.718175171218,20,1,20_COP_08
45,16.0,2421.9182560834765,0.7079347131869425,2424.718175171218,20,1,20_COP_08
45,16.181818181818183,2422.2560753011294,0.7079347131869425,2424.718175171218,20,1,20_COP_08
45,16.363636363636363,2422.5531719820347,0.7079347131869425,2424.718175171218,20,1,20_COP_08
45,16.545454545454547,2422.814446774696,0.7079347131869425,2424.718175171218,20,1,20_COP_08
45,16.727272727272727,2423.044212446518,0.7079347131869425,2424.718175171218,20,1,20_COP_08
45,16.90909090909091,2423.2462639803234,0.7079347131869425,2424.718175171218,20,1,20_COP_08
45,17.09090909090909,2423.4239404096475,0.7079347131869425,2424.718175171218,20,1,20_COP_08
45,17.272727272727273,2423.580179344334,0.7079347131869425,2424.718175171218,20,1,20_COP_08
45,17.454545454545453,2423.7175650334457,0.7079347131869425,2424.718175171218,20,1,20_COP_08
45,17.636363636363637,2423.838370718294,0.7079347131869425,2424.718175171218,20,1,20_COP_08
45,17.81818181818182,2423.9445959437194,0.7079347131869425,2424.718175171218,20,1,20_COP_08
45,18.0,2424.037999419916,0.7079347131869425,2424.718175171218,20,1,20_COP_08
46,0.0,25.0,0.9019835445696016,13930.294992561883,26,1,20_COP_08
46,0.22222222222222224,30.536368559452654,0.9019835445696016,13930.294992561883,26,1,20_COP_08
46,0.4444444444444445,37.29550377975542,0.9019835445696016,13930.294992561883,26,1,20_COP_08
46,0.6666666666666667,45.54585129455085,0.9019835445696016,13930.294992561883,26,1,20_COP_08
46,0.888888888888889,55.61399850441581,0.9019835445696016,13930.294992561883,26,1,20_COP_08
46,1.1111111111111112,67.89687866012588,0.9019835445696016,13930.294992561883,26,1,20_COP_08
46,1.3333333333333335,82.87634557954863,0.9019835445696016,13930.294992561883,26,1,20_COP_08
46,1.5555555555555556,101.13648434447482,0.9019835445696016,13930.294992561883,26,1,20_COP_08
46,1.777777777777778,123.38402983375133,0.9019835445696016,13930.294992561883,26,1,20_COP_08
46,2.0,150.47223987897638,0.9019835445696016,13930.294992561883,26,1,20_COP_08
46,2.2222222222222223,183.42849280985462,0.9019835445696016,13930.294992561883,26,1,20_COP_08
46,2.444444444444444,223.4857209261918,0.9019835445696016,13930.294992561883,26,1,20_COP_08
46,2.666666666666667,272.11751130772814,0.9019835445696016,13930.294992561883,26,1,20_COP_08
46,2.8888888888888893,331.0762489419672,0.9019835445696016,13930.294992561883,26,1,20_COP_08
46,3.111111111111111,402.4329752449339,0.9019835445696016,13930.294992561883,26,1,20_COP_08
46,3.3333333333333335,488.6166059468689,0.9019835445696016,13930.294992561883,26,1,20_COP_08
46,3.555555555555556,592.4487105526704,0.9019835445696016,13930.294992561883,26,1,20_COP_08
46,3.7777777777777777,717.1681326075521,0.9019835445696016,13930.294992561883,26,1,20_COP_08
46,4.0,866.4373137097516,0.9019835445696016,13930.294992561883,26,1,20_COP_08
46,4.222222222222222,1044.3193852892962,0.9019835445696016,13930.294992561883,26,1,20_COP_08
46,4.444444444444445,1255.2122418811718,0.9019835445696016,13930.294992561883,26,1,20_COP_08
46,4.666666666666667,1503.723582647824,0.9019835445696016,13930.294992561883,26,1,20_COP_08
46,4.888888888888888,1794.470438166887,0.9019835445696016,13930.294992561883,26,1,20_COP_08
46,5.111111111111111,2131.789613192301,0.9019835445696016,13930.294992561883,26,1,20_COP_08
46,5.333333333333334,2519.3537107183756,0.9019835445696016,13930.294992561883,26,1,20_COP_08
46,5.555555555555556,2959.702644944464,0.9019835445696016,13930.294992561883,26,1,20_COP_08
46,5.777777777777779,3453.7231795035163,0.9019835445696016,13930.294992561883,26,1,20_COP_08
46,6.0,4000.136683529053,0.9019835445696016,13930.294992561883,26,1,20_COP_08
46,6.222222222222222,4595.08166382167,0.9019835445696016,13930.294992561883,26,1,20_COP_08
46,6.444444444444445,5231.892520580006,0.9019835445696016,13930.294992561883,26,1,20_COP_08
46,6.666666666666667,5901.167933420497,0.9019835445696016,13930.294992561883,26,1,20_COP_08
46,6.888888888888889,6591.183931557382,0.9019835445696016,13930.294992561883,26,1,20_COP_08
46,7.111111111111112,7288.640889644819,0.9019835445696016,13930.294992561883,26,1,20_COP_08
46,7.333333333333333,7979.656483407932,0.9019835445696016,13930.294992561883,26,1,20_COP_08
46,7.555555555555555,8650.853343826146,0.9019835445696016,13930.294992561883,26,1,20_COP_08
46,7.777777777777778,9290.364533190697,0.9019835445696016,13930.294992561883,26,1,20_COP_08
46,8.0,9888.602232810115,0.9019835445696016,13930.294992561883,26,1,20_COP_08
46,8.222222222222223,10438.696294917494,0.9019835445696016,13930.294992561883,26,1,20_COP_08
46,8.444444444444445,10936.586416983018,0.9019835445696016,13930.294992561883,26,1,20_COP_08
46,8.666666666666666,11380.81902840998,0.9019835445696016,13930.294992561883,26,1,20_COP_08
46,8.88888888888889,11772.140573590996,0.9019835445696016,13930.294992561883,26,1,20_COP_08
46,9.11111111111111,12112.988954531205,0.9019835445696016,13930.294992561883,26,1,20_COP_08
46,9.333333333333334,12406.97129654813,0.9019835445696016,13930.294992561883,26,1,20_COP_08
46,9.555555555555555,12658.39028688018,0.9019835445696016,13930.294992561883,26,1,20_COP_08
46,9.777777777777777,12871.853509195558,0.9019835445696016,13930.294992561883,26,1,20_COP_08
46,10.0,13051.977082390384,0.9019835445696016,13930.294992561883,26,1,20_COP_08
46,10.222222222222221,13203.179122978709,0.9019835445696016,13930.294992561883,26,1,20_COP_08
46,10.444444444444445,13329.549856139745,0.9019835445696016,13930.294992561883,26,1,20_COP_08
46,10.666666666666668,13434.781967603618,0.9019835445696016,13930.294992561883,26,1,20_COP_08
46,10.88888888888889,13522.14507321972,0.9019835445696016,13930.294992561883,26,1,20_COP_08
46,11.111111111111112,13594.490326826186,0.9019835445696016,13930.294992561883,26,1,20_COP_08
46,11.333333333333332,13654.274019759458,0.9019835445696016,13930.294992561883,26,1,20_COP_08
46,11.555555555555557,13703.591842501804,0.9019835445696016,13930.294992561883,26,1,20_COP_08
46,11.777777777777779,13744.217928716393,0.9019835445696016,13930.294992561883,26,1,20_COP_08
46,12.0,13777.64476126732,0.9019835445696016,13930.294992561883,26,1,20_COP_08
46,12.222222222222223,13805.121494554389,0.9019835445696016,13930.294992561883,26,1,20_COP_08
46,12.444444444444445,13827.689303680943,0.9019835445696016,13930.294992561883,26,1,20_COP_08
46,12.666666666666668,13846.213093730437,0.9019835445696016,13930.294992561883,26,1,20_COP_08
46,12.88888888888889,13861.409374151553,0.9019835445696016,13930.294992561883,26,1,20_COP_08
46,13.11111111111111,13873.870394151463,0.9019835445696016,13930.294992561883,26,1,20_COP_08
46,13.333333333333334,13884.084800541752,0.9019835445696016,13930.294992561883,26,1,20_COP_08
46,13.555555555555555,13892.455161281117,0.9019835445696016,13930.294992561883,26,1,20_COP_08
46,13.777777777777779,13899.312726017059,0.9019835445696016,13930.294992561883,26,1,20_COP_08
46,14.0,13904.92979017774,0.9019835445696016,13930.294992561883,26,1,20_COP_08
46,14.222222222222223,13909.53000577234,0.9019835445696016,13930.294992561883,26,1,20_COP_08
46,14.444444444444445,13913.296949320136,0.9019835445696016,13930.294992561883,26,1,20_COP_08
46,14.666666666666666,13916.381221135689,0.9019835445696016,13930.294992561883,26,1,20_COP_08
46,14.88888888888889,13918.906314116095,0.9019835445696016,13930.294992561883,26,1,20_COP_08
46,15.11111111111111,13920.973456229074,0.9019835445696016,13930.294992561883,26,1,20_COP_08
46,15.333333333333334,13922.665600107859,0.9019835445696016,13930.294992561883,26,1,20_COP_08
46,15.555555555555555,13924.050705914668,0.9019835445696016,13930.294992561883,26,1,20_COP_08
46,15.777777777777777,13925.184439953317,0.9019835445696016,13930.294992561883,26,1,20_COP_08
46,16.0,13926.112391195638,0.9019835445696016,13930.294992561883,26,1,20_COP_08
46,16.22222222222222,13926.871890628687,0.9019835445696016,13930.294992561883,26,1,20_COP_08
46,16.444444444444446,13927.493503780768,0.9019835445696016,13930.294992561883,26,1,20_COP_08
46,16.666666666666668,13928.002254591598,0.9019835445696016,13930.294992561883,26,1,20_COP_08
46,16.88888888888889,13928.418628620815,0.9019835445696016,13930.294992561883,26,1,20_COP_08
46,17.11111111111111,13928.759395136107,0.9019835445696016,13930.294992561883,26,1,20_COP_08
46,17.333333333333332,13929.038280617475,0.9019835445696016,13930.294992561883,26,1,20_COP_08
46,17.555555555555557,13929.26652042342,0.9019835445696016,13930.294992561883,26,1,20_COP_08
46,17.77777777777778,13929.453310586565,0.9019835445696016,13930.294992561883,26,1,20_COP_08
46,18.0,13929.606177769812,0.9019835445696016,13930.294992561883,26,1,20_COP_08
46,18.22222222222222,13929.73128217483,0.9019835445696016,13930.294992561883,26,1,20_COP_08
46,18.444444444444443,13929.833665532049,0.9019835445696016,13930.294992561883,26,1,20_COP_08
46,18.666666666666668,13929.917454114413,0.9019835445696016,13930.294992561883,26,1,20_COP_08
46,18.88888888888889,13929.986024922047,0.9019835445696016,13930.294992561883,26,1,20_COP_08
46,19.11111111111111,13930.042141712498,0.9019835445696016,13930.294992561883,26,1,20_COP_08
46,19.333333333333332,13930.088066343687,0.9019835445696016,13930.294992561883,26,1,20_COP_08
46,19.555555555555554,13930.12564990695,0.9019835445696016,13930.294992561883,26,1,20_COP_08
46,19.77777777777778,13930.15640731649,0.9019835445696016,13930.294992561883,26,1,20_COP_08
46,20.0,13930.181578357136,0.9019835445696016,13930.294992561883,26,1,20_COP_08
46,20.22222222222222,13930.202177648,0.9019835445696016,13930.294992561883,26,1,20_COP_08
46,20.444444444444443,13930.219035533883,0.9019835445696016,13930.294992561883,26,1,20_COP_08
46,20.666666666666668,13930.232831551406,0.9019835445696016,13930.294992561883,26,1,20_COP_08
46,20.88888888888889,13930.244121817854,0.9019835445696016,13930.294992561883,26,1,20_COP_08
46,21.11111111111111,13930.253361446219,0.9019835445696016,13930.294992561883,26,1,20_COP_08
46,21.333333333333336,13930.260922889502,0.9019835445696016,13930.294992561883,26,1,20_COP_08
46,21.555555555555554,13930.267110953546,0.9019835445696016,13930.294992561883,26,1,20_COP_08
46,21.77777777777778,13930.272175083273,0.9019835445696016,13930.294992561883,26,1,20_COP_08
46,22.0,13930.276319417588,0.9019835445696016,13930.294992561883,26,1,20_COP_08
47,0.0,25.0,1.5541057105371618,2973.2177122393573,26,1,20_COP_08
47,0.18181818181818182,33.072386442501895,1.5541057105371618,2973.2177122393573,26,1,20_COP_08
47,0.36363636363636365,43.71266317309494,1.5541057105371618,2973.2177122393573,26,1,20_COP_08
47,0.5454545454545454,57.70901164265128,1.5541057105371618,2973.2177122393573,26,1,20_COP_08
47,0.7272727272727273,76.07047717248305,1.5541057105371618,2973.2177122393573,26,1,20_COP_08
47,0.9090909090909091,100.07354197811449,1.5541057105371618,2973.2177122393573,26,1,20_COP_08
47,1.0909090909090908,131.30719696517463,1.5541057105371618,2973.2177122393573,26,1,20_COP_08
47,1.2727272727272727,171.70651476675027,1.5541057105371618,2973.2177122393573,26,1,20_COP_08
47,1.4545454545454546,223.55772593144297,1.5541057105371618,2973.2177122393573,26,1,20_COP_08
47,1.6363636363636365,289.44900029964316,1.5541057105371618,2973.2177122393573,26,1,20_COP_08
47,1.8181818181818181,372.13267009919184,1.5541057105371618,2973.2177122393573,26,1,20_COP_08
47,2.0,474.26177734036946,1.5541057105371618,2973.2177122393573,26,1,20_COP_08
47,2.1818181818181817,597.9758493656586,1.5541057105371618,2973.2177122393573,26,1,20_COP_08
47,2.3636363636363638,744.3489524328365,1.5541057105371618,2973.2177122393573,26,1,20_COP_08
47,2.5454545454545454,912.782531263564,1.5541057105371618,2973.2177122393573,26,1,20_COP_08
47,2.7272727272727275,1100.5110344848167,1.5541057105371618,2973.2177122393573,26,1,20_COP_08
47,2.909090909090909,1302.4431496448844,1.5541057105371618,2973.2177122393573,26,1,20_COP_08
47,3.090909090909091,1511.521487772456,1.5541057105371618,2973.2177122393573,26,1,20_COP_08
47,3.272727272727273,1719.6186354361512,1.5541057105371618,2973.2177122393573,26,1,20_COP_08
47,3.454545454545454,1918.7572886134458,1.5541057105371618,2973.2177122393573,26,1,20_COP_08
47,3.6363636363636362,2102.283650954038,1.5541057105371618,2973.2177122393573,26,1,20_COP_08
47,3.8181818181818183,2265.646899590441,1.5541057105371618,2973.2177122393573,26,1,20_COP_08
47,4.0,2406.6262202043363,1.5541057105371618,2973.2177122393573,26,1,20_COP_08
47,4.181818181818182,2525.072309868383,1.5541057105371618,2973.2177122393573,26,1,20_COP_08
47,4.363636363636363,2622.3670317529354,1.5541057105371618,2973.2177122393573,26,1,20_COP_08
47,4.545454545454546,2700.817291903722,1.5541057105371618,2973.2177122393573,26,1,20_COP_08
47,4.7272727272727275,2763.1313688243754,1.5541057105371618,2973.2177122393573,26,1,20_COP_08
47,4.909090909090908,2812.0412225992677,1.5541057105371618,2973.2177122393573,26,1,20_COP_08
47,5.090909090909091,2850.0719272773044,1.5541057105371618,2973.2177122393573,26,1,20_COP_08
47,5.2727272727272725,2879.428319561019,1.5541057105371618,2973.2177122393573,26,1,20_COP_08
47,5.454545454545455,2901.9614861446016,1.5541057105371618,2973.2177122393573,26,1,20_COP_08
47,5.636363636363637,2919.182588049316,1.5541057105371618,2973.2177122393573,26,1,20_COP_08
47,5.818181818181818,2932.3004021889833,1.5541057105371618,2973.2177122393573,26,1,20_COP_08
47,6.0,2942.267439408834,1.5541057105371618,2973.2177122393573,26,1,20_COP_08
47,6.181818181818182,2949.8259762957496,1.5541057105371618,2973.2177122393573,26,1,20_COP_08
47,6.363636363636363,2955.549685707462,1.5541057105371618,2973.2177122393573,26,1,20_COP_08
47,6.545454545454546,2959.8791971174533,1.5541057105371618,2973.2177122393573,26,1,20_COP_08
47,6.7272727272727275,2963.151384642713,1.5541057105371618,2973.2177122393573,26,1,20_COP_08
47,6.909090909090908,2965.6229030327618,1.5541057105371618,2973.2177122393573,26,1,20_COP_08
47,7.090909090909091,2967.4887791807632,1.5541057105371618,2973.2177122393573,26,1,20_COP_08
47,7.2727272727272725,2968.8969188263018,1.5541057105371618,2973.2177122393573,26,1,20_COP_08
47,7.454545454545455,2969.959325678708,1.5541057105371618,2973.2177122393573,26,1,20_COP_08
47,7.636363636363637,2970.7607216196325,1.5541057105371618,2973.2177122393573,26,1,20_COP_08
47,7.818181818181818,2971.3651382168136,1.5541057105371618,2973.2177122393573,26,1,20_COP_08
47,8.0,2971.82093900062,1.5541057105371618,2973.2177122393573,26,1,20_COP_08
47,8.181818181818182,2972.164635910501,1.5541057105371618,2973.2177122393573,26,1,20_COP_08
47,8.363636363636363,2972.423783657681,1.5541057105371618,2973.2177122393573,26,1,20_COP_08
47,8.545454545454545,2972.619171515192,1.5541057105371618,2973.2177122393573,26,1,20_COP_08
47,8.727272727272727,2972.766481220154,1.5541057105371618,2973.2177122393573,26,1,20_COP_08
47,8.90909090909091,2972.877539981714,1.5541057105371618,2973.2177122393573,26,1,20_COP_08
47,9.090909090909092,2972.9612668799955,1.5541057105371618,2973.2177122393573,26,1,20_COP_08
47,9.272727272727273,2973.024387342953,1.5541057105371618,2973.2177122393573,26,1,20_COP_08
47,9.454545454545455,2973.071972342366,1.5541057105371618,2973.2177122393573,26,1,20_COP_08
47,9.636363636363637,2973.1078452005404,1.5541057105371618,2973.2177122393573,26,1,20_COP_08
47,9.818181818181817,2973.1348884511,1.5541057105371618,2973.2177122393573,26,1,20_COP_08
47,10.0,2973.155275273579,1.5541057105371618,2973.2177122393573,26,1,20_COP_08
47,10.181818181818182,2973.1706440214234,1.5541057105371618,2973.2177122393573,26,1,20_COP_08
47,10.363636363636365,2973.182229824525,1.5541057105371618,2973.2177122393573,26,1,20_COP_08
47,10.545454545454545,2973.1909638173865,1.5541057105371618,2973.2177122393573,26,1,20_COP_08
47,10.727272727272727,2973.1975479533594,1.5541057105371618,2973.2177122393573,26,1,20_COP_08
47,10.90909090909091,2973.202511409618,1.5541057105371618,2973.2177122393573,26,1,20_COP_08
47,11.09090909090909,2973.206253111579,1.5541057105371618,2973.2177122393573,26,1,20_COP_08
47,11.272727272727273,2973.209073791916,1.5541057105371618,2973.2177122393573,26,1,20_COP_08
47,11.454545454545455,2973.2112001593623,1.5541057105371618,2973.2177122393573,26,1,20_COP_08
47,11.636363636363637,2973.2128031189754,1.5541057105371618,2973.2177122393573,26,1,20_COP_08
47,11.818181818181818,2973.2140115078337,1.5541057105371618,2973.2177122393573,26,1,20_COP_08
47,12.0,2973.2149224498685,1.5541057105371618,2973.2177122393573,26,1,20_COP_08
47,12.181818181818182,2973.2156091619645,1.5541057105371618,2973.2177122393573,26,1,20_COP_08
47,12.363636363636363,2973.216126838636,1.5541057105371618,2973.2177122393573,26,1,20_COP_08
47,12.545454545454547,2973.2165170882186,1.5541057105371618,2973.2177122393573,26,1,20_COP_08
47,12.727272727272727,2973.2168112771096,1.5541057105371618,2973.2177122393573,26,1,20_COP_08
47,12.909090909090908,2973.217033050821,1.5541057105371618,2973.2177122393573,26,1,20_COP_08
47,13.090909090909092,2973.217200234487,1.5541057105371618,2973.2177122393573,26,1,20_COP_08
47,13.272727272727272,2973.2173262655515,1.5541057105371618,2973.2177122393573,26,1,20_COP_08
47,13.454545454545455,2973.2174212738105,1.5541057105371618,2973.2177122393573,26,1,20_COP_08
47,13.636363636363637,2973.21749289559,1.5541057105371618,2973.2177122393573,26,1,20_COP_08
47,13.818181818181817,2973.217546887519,1.5541057105371618,2973.2177122393573,26,1,20_COP_08
47,14.0,2973.2175875892217,1.5541057105371618,2973.2177122393573,26,1,20_COP_08
47,14.181818181818182,2973.217618272115,1.5541057105371618,2973.2177122393573,26,1,20_COP_08
47,14.363636363636363,2973.21764140235,1.5541057105371618,2973.2177122393573,26,1,20_COP_08
47,14.545454545454545,2973.217658839029,1.5541057105371618,2973.2177122393573,26,1,20_COP_08
47,14.727272727272728,2973.2176719836325,1.5541057105371618,2973.2177122393573,26,1,20_COP_08
47,14.90909090909091,2973.217681892664,1.5541057105371618,2973.2177122393573,26,1,20_COP_08
47,15.09090909090909,2973.2176893625665,1.5541057105371618,2973.2177122393573,26,1,20_COP_08
47,15.272727272727273,2973.2176949937375,1.5541057105371618,2973.2177122393573,26,1,20_COP_08
47,15.454545454545453,2973.217699238783,1.5541057105371618,2973.2177122393573,26,1,20_COP_08
47,15.636363636363637,2973.217702438902,1.5541057105371618,2973.2177122393573,26,1,20_COP_08
47,15.818181818181818,2973.217704851305,1.5541057105371618,2973.2177122393573,26,1,20_COP_08
47,16.0,2973.2177066698896,1.5541057105371618,2973.2177122393573,26,1,20_COP_08
47,16.181818181818183,2973.217708040826,1.5541057105371618,2973.2177122393573,26,1,20_COP_08
47,16.363636363636363,2973.217709074303,1.5541057105371618,2973.2177122393573,26,1,20_COP_08
47,16.545454545454547,2973.217709853388,1.5541057105371618,2973.2177122393573,26,1,20_COP_08
47,16.727272727272727,2973.217710440699,1.5541057105371618,2973.2177122393573,26,1,20_COP_08
47,16.90909090909091,2973.217710883443,1.5541057105371618,2973.2177122393573,26,1,20_COP_08
47,17.09090909090909,2973.2177112172035,1.5541057105371618,2973.2177122393573,26,1,20_COP_08
47,17.272727272727273,2973.2177114688097,1.5541057105371618,2973.2177122393573,26,1,20_COP_08
47,17.454545454545453,2973.217711658481,1.5541057105371618,2973.2177122393573,26,1,20_COP_08
47,17.636363636363637,2973.217711801465,1.5541057105371618,2973.2177122393573,26,1,20_COP_08
47,17.81818181818182,2973.2177119092535,1.5541057105371618,2973.2177122393573,26,1,20_COP_08
47,18.0,2973.217711990509,1.5541057105371618,2973.2177122393573,26,1,20_COP_08
48,0.0,25.0,0.753157581127397,9302.585875215314,26,1,20_COP_08
48,0.22222222222222224,29.54027761756977,0.753157581127397,9302.585875215314,26,1,20_COP_08
48,0.4444444444444445,34.90201807912561,0.753157581127397,9302.585875215314,26,1,20_COP_08
48,0.6666666666666667,41.23261983359302,0.753157581127397,9302.585875215314,26,1,20_COP_08
48,0.888888888888889,48.705444942927016,0.753157581127397,9302.585875215314,26,1,20_COP_08
48,1.1111111111111112,57.524201067006494,0.753157581127397,9302.585875215314,26,1,20_COP_08
48,1.3333333333333335,67.92798709143847,0.753157581127397,9302.585875215314,26,1,20_COP_08
48,1.5555555555555556,80.19707216061984,0.753157581127397,9302.585875215314,26,1,20_COP_08
48,1.777777777777778,94.65947177939809,0.753157581127397,9302.585875215314,26,1,20_COP_08
48,2.0,111.698370910289,0.753157581127397,9302.585875215314,26,1,20_COP_08
48,2.2222222222222223,131.76041921438255,0.753157581127397,9302.585875215314,26,1,20_COP_08
48,2.444444444444444,155.36488327970167,0.753157581127397,9302.585875215314,26,1,20_COP_08
48,2.666666666666667,183.1135791030249,0.753157581127397,9302.585875215314,26,1,20_COP_08
48,2.8888888888888893,215.70141810770173,0.753157581127397,9302.585875215314,26,1,20_COP_08
48,3.111111111111111,253.9272731140847,0.753157581127397,9302.585875215314,26,1,20_COP_08
48,3.3333333333333335,298.7046974599246,0.753157581127397,9302.585875215314,26,1,20_COP_08
48,3.555555555555556,351.0718013172833,0.753157581127397,9302.585875215314,26,1,20_COP_08
48,3.7777777777777777,412.19929622785037,0.753157581127397,9302.585875215314,26,1,20_COP_08
48,4.0,483.3953586796731,0.753157581127397,9302.585875215314,26,1,20_COP_08
48,4.222222222222222,566.1055422368829,0.753157581127397,9302.585875215314,26,1,20_COP_08
48,4.444444444444445,661.9055075297231,0.753157581127397,9302.585875215314,26,1,20_COP_08
48,4.666666666666667,772.4838875731915,0.753157581127397,9302.585875215314,26,1,20_COP_08
48,4.888888888888888,899.6122448621636,0.753157581127397,9302.585875215314,26,1,20_COP_08
48,5.111111111111111,1045.0989332784966,0.753157581127397,9302.585875215314,26,1,20_COP_08
48,5.333333333333334,1210.7239267516109,0.753157581127397,9302.585875215314,26,1,20_COP_08
48,5.555555555555556,1398.1525312009046,0.753157581127397,9302.585875215314,26,1,20_COP_08
48,5.777777777777779,1608.8275769061688,0.753157581127397,9302.585875215314,26,1,20_COP_08
48,6.0,1843.8423592247943,0.753157581127397,9302.585875215314,26,1,20_COP_08
48,6.222222222222222,2103.800266753261,0.753157581127397,9302.585875215314,26,1,20_COP_08
48,6.444444444444445,2388.6714443971327,0.753157581127397,9302.585875215314,26,1,20_COP_08
48,6.666666666666667,2697.6613433441757,0.753157581127397,9302.585875215314,26,1,20_COP_08
48,6.888888888888889,3029.1095669351844,0.753157581127397,9302.585875215314,26,1,20_COP_08
48,7.111111111111112,3380.438714938032,0.753157581127397,9302.585875215314,26,1,20_COP_08
48,7.333333333333333,3748.170703475654,0.753157581127397,9302.585875215314,26,1,20_COP_08
48,7.555555555555555,4128.021597337889,0.753157581127397,9302.585875215314,26,1,20_COP_08
48,7.777777777777778,4515.075700368223,0.753157581127397,9302.585875215314,26,1,20_COP_08
48,8.0,4904.027183864541,0.753157581127397,9302.585875215314,26,1,20_COP_08
48,8.222222222222223,5289.465641821741,0.753157581127397,9302.585875215314,26,1,20_COP_08
48,8.444444444444445,5666.173698570979,0.753157581127397,9302.585875215314,26,1,20_COP_08
48,8.666666666666666,6029.402460652392,0.753157581127397,9302.585875215314,26,1,20_COP_08
48,8.88888888888889,6375.094873254721,0.753157581127397,9302.585875215314,26,1,20_COP_08
48,9.11111111111111,6700.036689176304,0.753157581127397,9302.585875215314,26,1,20_COP_08
48,9.333333333333334,7001.927147863422,0.753157581127397,9302.585875215314,26,1,20_COP_08
48,9.555555555555555,7279.373526019445,0.753157581127397,9302.585875215314,26,1,20_COP_08
48,9.777777777777777,7531.82297346672,0.753157581127397,9302.585875215314,26,1,20_COP_08
48,10.0,7759.4502061856,0.753157581127397,9302.585875215314,26,1,20_COP_08
48,10.222222222222221,7963.020689362816,0.753157581127397,9302.585875215314,26,1,20_COP_08
48,10.444444444444445,8143.7468278898705,0.753157581127397,9302.585875215314,26,1,20_COP_08
48,10.666666666666668,8303.150710265021,0.753157581127397,9302.585875215314,26,1,20_COP_08
48,10.88888888888889,8442.942384061176,0.753157581127397,9302.585875215314,26,1,20_COP_08
48,11.111111111111112,8564.918405212253,0.753157581127397,9302.585875215314,26,1,20_COP_08
48,11.333333333333332,8670.882019368895,0.753157581127397,9302.585875215314,26,1,20_COP_08
48,11.555555555555557,8762.583970022113,0.753157581127397,9302.585875215314,26,1,20_COP_08
48,11.777777777777779,8841.681516570394,0.753157581127397,9302.585875215314,26,1,20_COP_08
48,12.0,8909.712596278936,0.753157581127397,9302.585875215314,26,1,20_COP_08
48,12.222222222222223,8968.081953836192,0.753157581127397,9302.585875215314,26,1,20_COP_08
48,12.444444444444445,9018.056287073388,0.753157581127397,9302.585875215314,26,1,20_COP_08
48,12.666666666666668,9060.765856818995,0.753157581127397,9302.585875215314,26,1,20_COP_08
48,12.88888888888889,9097.210470063548,0.753157581127397,9302.585875215314,26,1,20_COP_08
48,13.11111111111111,9128.268197782516,0.753157581127397,9302.585875215314,26,1,20_COP_08
48,13.333333333333334,9154.705593192815,0.753157581127397,9302.585875215314,26,1,20_COP_08
48,13.555555555555555,9177.188516371501,0.753157581127397,9302.585875215314,26,1,20_COP_08
48,13.777777777777779,9196.292944403156,0.753157581127397,9302.585875215314,26,1,20_COP_08
48,14.0,9212.515357646971,0.753157581127397,9302.585875215314,26,1,20_COP_08
48,14.222222222222223,9226.282451007939,0.753157581127397,9302.585875215314,26,1,20_COP_08
48,14.444444444444445,9237.960033941596,0.753157581127397,9302.585875215314,26,1,20_COP_08
48,14.666666666666666,9247.86106355494,0.753157581127397,9302.585875215314,26,1,20_COP_08
48,14.88888888888889,9256.252809679558,0.753157581127397,9302.585875215314,26,1,20_COP_08
48,15.11111111111111,9263.363185898923,0.753157581127397,9302.585875215314,26,1,20_COP_08
48,15.333333333333334,9269.38630156139,0.753157581127397,9302.585875215314,26,1,20_COP_08
48,15.555555555555555,9274.487300942832,0.753157581127397,9302.585875215314,26,1,20_COP_08
48,15.777777777777777,9278.806560058969,0.753157581127397,9302.585875215314,26,1,20_COP_08
48,16.0,9282.463311469333,0.753157581127397,9302.585875215314,26,1,20_COP_08
48,16.22222222222222,9285.558764425214,0.753157581127397,9302.585875215314,26,1,20_COP_08
48,16.444444444444446,9288.17878306804,0.753157581127397,9302.585875215314,26,1,20_COP_08
48,16.666666666666668,9290.39617989521,0.753157581127397,9302.585875215314,26,1,20_COP_08
48,16.88888888888889,9292.272675923039,0.753157581127397,9302.585875215314,26,1,20_COP_08
48,17.11111111111111,9293.860573245633,0.753157581127397,9302.585875215314,26,1,20_COP_08
48,17.333333333333332,9295.204180232631,0.753157581127397,9302.585875215314,26,1,20_COP_08
48,17.555555555555557,9296.341024552283,0.753157581127397,9302.585875215314,26,1,20_COP_08
48,17.77777777777778,9297.302884609166,0.753157581127397,9302.585875215314,26,1,20_COP_08
48,18.0,9298.116665866119,0.753157581127397,9302.585875215314,26,1,20_COP_08
48,18.22222222222222,9298.80514486817,0.753157581127397,9302.585875215314,26,1,20_COP_08
48,18.444444444444443,9299.38760057701,0.753157581127397,9302.585875215314,26,1,20_COP_08
48,18.666666666666668,9299.880349823317,0.753157581127397,9302.585875215314,26,1,20_COP_08
48,18.88888888888889,9300.297201252459,0.753157581127397,9302.585875215314,26,1,20_COP_08
48,19.11111111111111,9300.649840037238,0.753157581127397,9302.585875215314,26,1,20_COP_08
48,19.333333333333332,9300.948153821337,0.753157581127397,9302.585875215314,26,1,20_COP_08
48,19.555555555555554,9301.200508803016,0.753157581127397,9302.585875215314,26,1,20_COP_08
48,19.77777777777778,9301.413983537335,0.753157581127397,9302.585875215314,26,1,20_COP_08
48,20.0,9301.594566897324,0.753157581127397,9302.585875215314,26,1,20_COP_08
48,20.22222222222222,9301.747325663451,0.753157581127397,9302.585875215314,26,1,20_COP_08
48,20.444444444444443,9301.876546383257,0.753157581127397,9302.585875215314,26,1,20_COP_08
48,20.666666666666668,9301.985855438608,0.753157581127397,9302.585875215314,26,1,20_COP_08
48,20.88888888888889,9302.078320659228,0.753157581127397,9302.585875215314,26,1,20_COP_08
48,21.11111111111111,9302.156537312161,0.753157581127397,9302.585875215314,26,1,20_COP_08
48,21.333333333333336,9302.222700864853,0.753157581127397,9302.585875215314,26,1,20_COP_08
48,21.555555555555554,9302.278668552935,0.753157581127397,9302.585875215314,26,1,20_COP_08
48,21.77777777777778,9302.326011472776,0.753157581127397,9302.585875215314,26,1,20_COP_08
48,22.0,9302.36605865535,0.753157581127397,9302.585875215314,26,1,20_COP_08
49,0.0,25.0,0.44788312854422035,440.4986068221076,20,0,26_NP_02
49,0.18181818181818182,26.99105809989394,0.44788312854422035,440.4986068221076,20,0,26_NP_02
49,0.36363636363636365,29.129571571788205,0.44788312854422035,440.4986068221076,20,0,26_NP_02
49,0.5454545454545454,31.424644114626755,0.44788312854422035,440.4986068221076,20,0,26_NP_02
49,0.7272727272727273,33.88564668457716,0.44788312854422035,440.4986068221076,20,0,26_NP_02
49,0.9090909090909091,36.52217409275015,0.44788312854422035,440.4986068221076,20,0,26_NP_02
49,1.0909090909090908,39.34399143256498,0.44788312854422035,440.4986068221076,20,0,26_NP_02
49,1.2727272727272727,42.360969368918006,0.44788312854422035,440.4986068221076,20,0,26_NP_02
49,1.4545454545454546,45.583007390680145,0.44788312854422035,440.4986068221076,20,0,26_NP_02
49,1.6363636363636365,49.01994424520294,0.44788312854422035,440.4986068221076,20,0,26_NP_02
49,1.8181818181818181,52.68145494690957,0.44788312854422035,440.4986068221076,20,0,26_NP_02
49,2.0,56.57693398974785,0.44788312854422035,440.4986068221076,20,0,26_NP_02
49,2.1818181818181817,60.715364702302644,0.44788312854422035,440.4986068221076,20,0,26_NP_02
49,2.3636363636363638,65.10517506982926,0.44788312854422035,440.4986068221076,20,0,26_NP_02
49,2.5454545454545454,69.75408081163586,0.44788312854422035,440.4986068221076,20,0,26_NP_02
49,2.7272727272727275,74.66891704340445,0.44788312854422035,440.4986068221076,20,0,26_NP_02
49,2.909090909090909,79.85546046536649,0.44788312854422035,440.4986068221076,20,0,26_NP_02
49,3.090909090909091,85.31824468569093,0.44788312854422035,440.4986068221076,20,0,26_NP_02
49,3.272727272727273,91.06037199378507,0.44788312854422035,440.4986068221076,20,0,26_NP_02
49,3.454545454545454,97.08332561249249,0.44788312854422035,440.4986068221076,20,0,26_NP_02
49,3.6363636363636362,103.38678714560693,0.44788312854422035,440.4986068221076,20,0,26_NP_02
49,3.8181818181818183,109.96846455472557,0.44788312854422035,440.4986068221076,20,0,26_NP_02
49,4.0,116.8239364985751,0.44788312854422035,440.4986068221076,20,0,26_NP_02
49,4.181818181818182,123.94651919669185,0.44788312854422035,440.4986068221076,20,0,26_NP_02
49,4.363636363636363,131.32716208615523,0.44788312854422035,440.4986068221076,20,0,26_NP_02
49,4.545454545454546,138.95437837806193,0.44788312854422035,440.4986068221076,20,0,26_NP_02
49,4.7272727272727275,146.81421615236917,0.44788312854422035,440.4986068221076,20,0,26_NP_02
49,4.909090909090908,154.89027483331043,0.44788312854422035,440.4986068221076,20,0,26_NP_02
49,5.090909090909091,163.16377076021521,0.44788312854422035,440.4986068221076,20,0,26_NP_02
49,5.2727272727272725,171.6136541312272,0.44788312854422035,440.4986068221076,20,0,26_NP_02
49,5.454545454545455,180.21677789675712,0.44788312854422035,440.4986068221076,20,0,26_NP_02
49,5.636363636363637,188.94811728763847,0.44788312854422035,440.4986068221076,20,0,26_NP_02
49,5.818181818181818,197.78103667455977,0.44788312854422035,440.4986068221076,20,0,26_NP_02
49,6.0,206.68759848205295,0.44788312854422035,440.4986068221076,20,0,26_NP_02
49,6.181818181818182,215.63890704253097,0.44788312854422035,440.4986068221076,20,0,26_NP_02
49,6.363636363636363,224.6054786929316,0.44788312854422035,440.4986068221076,20,0,26_NP_02
49,6.545454545454546,233.55762819602535,0.44788312854422035,440.4986068221076,20,0,26_NP_02
49,6.7272727272727275,242.46586079608565,0.44788312854422035,440.4986068221076,20,0,26_NP_02
49,6.909090909090908,251.30125894975365,0.44788312854422035,440.4986068221076,20,0,26_NP_02
49,7.090909090909091,260.0358530270552,0.44788312854422035,440.4986068221076,20,0,26_NP_02
49,7.2727272727272725,268.64296603620903,0.44788312854422035,440.4986068221076,20,0,26_NP_02
49,7.454545454545455,277.0975236347134,0.44788312854422035,440.4986068221076,20,0,26_NP_02
49,7.636363636363637,285.3763222632546,0.44788312854422035,440.4986068221076,20,0,26_NP_02
49,7.818181818181818,293.45825007115394,0.44788312854422035,440.4986068221076,20,0,26_NP_02
49,8.0,301.32445727320004,0.44788312854422035,440.4986068221076,20,0,26_NP_02
49,8.181818181818182,308.9584745672802,0.44788312854422035,440.4986068221076,20,0,26_NP_02
49,8.363636363636363,316.3462801382275,0.44788312854422035,440.4986068221076,20,0,26_NP_02
49,8.545454545454545,323.4763174804951,0.44788312854422035,440.4986068221076,20,0,26_NP_02
49,8.727272727272727,330.3394677178358,0.44788312854422035,440.4986068221076,20,0,26_NP_02
49,8.90909090909091,336.92898123473816,0.44788312854422035,440.4986068221076,20,0,26_NP_02
49,9.090909090909092,343.2403742402455,0.44788312854422035,440.4986068221076,20,0,26_NP_02
49,9.272727272727273,349.27129636193496,0.44788312854422035,440.4986068221076,20,0,26_NP_02
49,9.454545454545455,355.0213755380661,0.44788312854422035,440.4986068221076,20,0,26_NP_02
49,9.636363636363637,360.4920463761065,0.44788312854422035,440.4986068221076,20,0,26_NP_02
49,9.818181818181817,365.68636782268413,0.44788312854422035,440.4986068221076,20,0,26_NP_02
49,10.0,370.608835495019,0.44788312854422035,440.4986068221076,20,0,26_NP_02
49,10.181818181818182,375.2651934089484,0.44788312854422035,440.4986068221076,20,0,26_NP_02
49,10.363636363636365,379.66224915258266,0.44788312854422035,440.4986068221076,20,0,26_NP_02
49,10.545454545454545,383.80769584057634,0.44788312854422035,440.4986068221076,20,0,26_NP_02
49,10.727272727272727,387.7099434779822,0.44788312854422035,440.4986068221076,20,0,26_NP_02
49,10.90909090909091,391.3779616928515,0.44788312854422035,440.4986068221076,20,0,26_NP_02
49,11.09090909090909,394.82113518358665,0.44788312854422035,440.4986068221076,20,0,26_NP_02
49,11.272727272727273,398.04913268378095,0.44788312854422035,440.4986068221076,20,0,26_NP_02
49,11.454545454545455,401.0717897808818,0.44788312854422035,440.4986068221076,20,0,26_NP_02
49,11.636363636363637,403.8990055373389,0.44788312854422035,440.4986068221076,20,0,26_NP_02
49,11.818181818181818,406.54065255176187,0.44788312854422035,440.4986068221076,20,0,26_NP_02
49,12.0,409.0064998579853,0.44788312854422035,440.4986068221076,20,0,26_NP_02
49,12.181818181818182,411.30614788482353,0.44788312854422035,440.4986068221076,20,0,26_NP_02
49,12.363636363636363,413.44897458066407,0.44788312854422035,440.4986068221076,20,0,26_NP_02
49,12.545454545454547,415.44409173644306,0.44788312854422035,440.4986068221076,20,0,26_NP_02
49,12.727272727272727,417.3003105096216,0.44788312854422035,440.4986068221076,20,0,26_NP_02
49,12.909090909090908,419.0261151526659,0.44788312854422035,440.4986068221076,20,0,26_NP_02
49,13.090909090909092,420.62964397505687,0.44788312854422035,440.4986068221076,20,0,26_NP_02
49,13.272727272727272,422.1186766116865,0.44788312854422035,440.4986068221076,20,0,26_NP_02
49,13.454545454545455,423.5006267271966,0.44788312854422035,440.4986068221076,20,0,26_NP_02
49,13.636363636363637,424.78253935083643,0.44788312854422035,440.4986068221076,20,0,26_NP_02
49,13.818181818181817,425.97109210603514,0.44788312854422035,440.4986068221076,20,0,26_NP_02
49,14.0,427.0725996701587,0.44788312854422035,440.4986068221076,20,0,26_NP_02
49,14.181818181818182,428.0930208705694,0.44788312854422035,440.4986068221076,20,0,26_NP_02
49,14.363636363636363,429.03796789144224,0.44788312854422035,440.4986068221076,20,0,26_NP_02
49,14.545454545454545,429.9127171306057,0.44788312854422035,440.4986068221076,20,0,26_NP_02
49,14.727272727272728,430.72222130617587,0.44788312854422035,440.4986068221076,20,0,26_NP_02
49,14.90909090909091,431.4711224684551,0.44788312854422035,440.4986068221076,20,0,26_NP_02
49,15.09090909090909,432.16376562326235,0.44788312854422035,440.4986068221076,20,0,26_NP_02
49,15.272727272727273,432.8042127185075,0.44788312854422035,440.4986068221076,20,0,26_NP_02
49,15.454545454545453,433.3962567865571,0.44788312854422035,440.4986068221076,20,0,26_NP_02
49,15.636363636363637,433.9434360709582,0.44788312854422035,440.4986068221076,20,0,26_NP_02
49,15.818181818181818,434.4490479976964,0.44788312854422035,440.4986068221076,20,0,26_NP_02
49,16.0,434.9161628786889,0.44788312854422035,440.4986068221076,20,0,26_NP_02
49,16.181818181818183,435.34763725899603,0.44788312854422035,440.4986068221076,20,0,26_NP_02
49,16.363636363636363,435.7461268396471,0.44788312854422035,440.4986068221076,20,0,26_NP_02
49,16.545454545454547,436.1140989253508,0.44788312854422035,440.4986068221076,20,0,26_NP_02
49,16.727272727272727,436.4538443610509,0.44788312854422035,440.4986068221076,20,0,26_NP_02
49,16.90909090909091,436.76748893359706,0.44788312854422035,440.4986068221076,20,0,26_NP_02
49,17.09090909090909,437.05700422503025,0.44788312854422035,440.4986068221076,20,0,26_NP_02
49,17.272727272727273,437.3242179123996,0.44788312854422035,440.4986068221076,20,0,26_NP_02
49,17.454545454545453,437.57082351587746,0.44788312854422035,440.4986068221076,20,0,26_NP_02
49,17.636363636363637,437.7983896024377,0.44788312854422035,440.4986068221076,20,0,26_NP_02
49,17.81818181818182,438.00836845671364,0.44788312854422035,440.4986068221076,20,0,26_NP_02
49,18.0,438.20210423401727,0.44788312854422035,440.4986068221076,20,0,26_NP_02
50,0.0,25.0,0.8693005038740507,1084.5680613175416,20,0,26_NP_02
50,0.18181818181818182,29.165638816793308,0.8693005038740507,1084.5680613175416,20,0,26_NP_02
50,0.36363636363636365,34.00310474902132,0.8693005038740507,1084.5680613175416,20,0,26_NP_02
50,0.5454545454545454,39.612806653334474,0.8693005038740507,1084.5680613175416,20,0,26_NP_02
50,0.7272727272727273,46.107358633275915,0.8693005038740507,1084.5680613175416,20,0,26_NP_02
50,0.9090909090909091,53.612068157737305,0.8693005038740507,1084.5680613175416,20,0,26_NP_02
50,1.0909090909090908,62.26504851724736,0.8693005038740507,1084.5680613175416,20,0,26_NP_02
50,1.2727272727272727,72.21678986063885,0.8693005038740507,1084.5680613175416,20,0,26_NP_02
50,1.4545454545454546,83.62898892016582,0.8693005038740507,1084.5680613175416,20,0,26_NP_02
50,1.6363636363636365,96.67240766632776,0.8693005038740507,1084.5680613175416,20,0,26_NP_02
50,1.8181818181818181,111.52351288557875,0.8693005038740507,1084.5680613175416,20,0,26_NP_02
50,2.0,128.3596523889945,0.8693005038740507,1084.5680613175416,20,0,26_NP_02
50,2.1818181818181817,147.35256239932318,0.8693005038740507,1084.5680613175416,20,0,26_NP_02
50,2.3636363636363638,168.66008941378828,0.8693005038740507,1084.5680613175416,20,0,26_NP_02
50,2.5454545454545454,192.41616217377765,0.8693005038740507,1084.5680613175416,20,0,26_NP_02
50,2.7272727272727275,218.719273183219,0.8693005038740507,1084.5680613175416,20,0,26_NP_02
50,2.909090909090909,247.6200201417588,0.8693005038740507,1084.5680613175416,20,0,26_NP_02
50,3.090909090909091,279.10859189314255,0.8693005038740507,1084.5680613175416,20,0,26_NP_02
50,3.272727272727273,313.1034123659558,0.8693005038740507,1084.5680613175416,20,0,26_NP_02
50,3.454545454545454,349.44240605810074,0.8693005038740507,1084.5680613175416,20,0,26_NP_02
50,3.6363636363636362,387.8784312628132,0.8693005038740507,1084.5680613175416,20,0,26_NP_02
50,3.8181818181818183,428.08025983780544,0.8693005038740507,1084.5680613175416,20,0,26_NP_02
50,4.0,469.64001846968995,0.8693005038740507,1084.5680613175416,20,0,26_NP_02
50,4.181818181818182,512.0872660925257,0.8693005038740507,1084.5680613175416,20,0,26_NP_02
50,4.363636363636363,554.9089681429972,0.8693005038740507,1084.5680613175416,20,0,26_NP_02
50,4.545454545454546,597.573715553242,0.8693005038740507,1084.5680613175416,20,0,26_NP_02
50,4.7272727272727275,639.5578301502811,0.8693005038740507,1084.5680613175416,20,0,26_NP_02
50,4.909090909090908,680.3706723783943,0.8693005038740507,1084.5680613175416,20,0,26_NP_02
50,5.090909090909091,719.5766058631796,0.8693005038740507,1084.5680613175416,20,0,26_NP_02
50,5.2727272727272725,756.8116403447149,0.8693005038740507,1084.5680613175416,20,0,26_NP_02
50,5.454545454545455,791.7936270144432,0.8693005038740507,1084.5680613175416,20,0,26_NP_02
50,5.636363636363637,824.325817921946,0.8693005038740507,1084.5680613175416,20,0,26_NP_02
50,5.818181818181818,854.2944298728972,0.8693005038740507,1084.5680613175416,20,0,26_NP_02
50,6.0,881.6614376310656,0.8693005038740507,1084.5680613175416,20,0,26_NP_02
50,6.181818181818182,906.4541079478881,0.8693005038740507,1084.5680613175416,20,0,26_NP_02
50,6.363636363636363,928.7527973127623,0.8693005038740507,1084.5680613175416,20,0,26_NP_02
50,6.545454545454546,948.6783440199941,0.8693005038740507,1084.5680613175416,20,0,26_NP_02
50,6.7272727272727275,966.3800785429474,0.8693005038740507,1084.5680613175416,20,0,26_NP_02
50,6.909090909090908,982.0251367842379,0.8693005038740507,1084.5680613175416,20,0,26_NP_02
50,7.090909090909091,995.7894478459297,0.8693005038740507,1084.5680613175416,20,0,26_NP_02
50,7.2727272727272725,1007.8505151131731,0.8693005038740507,1084.5680613175416,20,0,26_NP_02
50,7.454545454545455,1018.3819281750459,0.8693005038740507,1084.5680613175416,20,0,26_NP_02
50,7.636363636363637,1027.5494296955603,0.8693005038740507,1084.5680613175416,20,0,26_NP_02
50,7.818181818181818,1035.5083038177931,0.8693005038740507,1084.5680613175416,20,0,26_NP_02
50,8.0,1042.4018362699821,0.8693005038740507,1084.5680613175416,20,0,26_NP_02
50,8.181818181818182,1048.360606994918,0.8693005038740507,1084.5680613175416,20,0,26_NP_02
50,8.363636363636363,1053.5024022744792,0.8693005038740507,1084.5680613175416,20,0,26_NP_02
50,8.545454545454545,1057.932566412279,0.8693005038740507,1084.5680613175416,20,0,26_NP_02
50,8.727272727272727,1061.7446473275047,0.8693005038740507,1084.5680613175416,20,0,26_NP_02
50,8.90909090909091,1065.0212224488162,0.8693005038740507,1084.5680613175416,20,0,26_NP_02
50,9.090909090909092,1067.8348193073462,0.8693005038740507,1084.5680613175416,20,0,26_NP_02
50,9.272727272727273,1070.2488685743072,0.8693005038740507,1084.5680613175416,20,0,26_NP_02
50,9.454545454545455,1072.3186460299628,0.8693005038740507,1084.5680613175416,20,0,26_NP_02
50,9.636363636363637,1074.0921745249364,0.8693005038740507,1084.5680613175416,20,0,26_NP_02
50,9.818181818181817,1075.6110680073236,0.8693005038740507,1084.5680613175416,20,0,26_NP_02
50,10.0,1076.9113077802808,0.8693005038740507,1084.5680613175416,20,0,26_NP_02
50,10.181818181818182,1078.02394692612,0.8693005038740507,1084.5680613175416,20,0,26_NP_02
50,10.363636363636365,1078.9757428111348,0.8693005038740507,1084.5680613175416,20,0,26_NP_02
50,10.545454545454545,1079.7897202102893,0.8693005038740507,1084.5680613175416,20,0,26_NP_02
50,10.727272727272727,1080.485669217612,0.8693005038740507,1084.5680613175416,20,0,26_NP_02
50,10.90909090909091,1081.080583015369,0.8693005038740507,1084.5680613175416,20,0,26_NP_02
50,11.09090909090909,1081.5890409768801,0.8693005038740507,1084.5680613175416,20,0,26_NP_02
50,11.272727272727273,1082.0235426351999,0.8693005038740507,1084.5680613175416,20,0,26_NP_02
50,11.454545454545455,1082.394797881695,0.8693005038740507,1084.5680613175416,20,0,26_NP_02
50,11.636363636363637,1082.7119784510319,0.8693005038740507,1084.5680613175416,20,0,26_NP_02
50,11.818181818181818,1082.982935363405,0.8693005038740507,1084.5680613175416,20,0,26_NP_02
50,12.0,1083.2143865735727,0.8693005038740507,1084.5680613175416,20,0,26_NP_02
50,12.181818181818182,1083.412078648096,0.8693005038740507,1084.5680613175416,20,0,26_NP_02
50,12.363636363636363,1083.5809258757638,0.8693005038740507,1084.5680613175416,20,0,26_NP_02
50,12.545454545454547,1083.7251298230688,0.8693005038740507,1084.5680613175416,20,0,26_NP_02
50,12.727272727272727,1083.84828198315,0.8693005038740507,1084.5680613175416,20,0,26_NP_02
50,12.909090909090908,1083.9534518358544,0.8693005038740507,1084.5680613175416,20,0,26_NP_02
50,13.090909090909092,1084.0432623390982,0.8693005038740507,1084.5680613175416,20,0,26_NP_02
50,13.272727272727272,1084.119954606655,0.8693005038740507,1084.5680613175416,20,0,26_NP_02
50,13.454545454545455,1084.185443293088,0.8693005038740507,1084.5680613175416,20,0,26_NP_02
50,13.636363636363637,1084.241364000432,0.8693005038740507,1084.5680613175416,20,0,26_NP_02
50,13.818181818181817,1084.289113840908,0.8693005038740507,1084.5680613175416,20,0,26_NP_02
50,14.0,1084.3298861327833,0.8693005038740507,1084.5680613175416,20,0,26_NP_02
50,14.181818181818182,1084.3647000699852,0.8693005038740507,1084.5680613175416,20,0,26_NP_02
50,14.363636363636363,1084.3944260877888,0.8693005038740507,1084.5680613175416,20,0,26_NP_02
50,14.545454545454545,1084.4198075446955,0.8693005038740507,1084.5680613175416,20,0,26_NP_02
50,14.727272727272728,1084.4414792524017,0.8693005038740507,1084.5680613175416,20,0,26_NP_02
50,14.90909090909091,1084.45998330982,0.8693005038740507,1084.5680613175416,20,0,26_NP_02
50,15.09090909090909,1084.4757826317405,0.8693005038740507,1084.5680613175416,20,0,26_NP_02
50,15.272727272727273,1084.4892725065959,0.8693005038740507,1084.5680613175416,20,0,26_NP_02
50,15.454545454545453,1084.5007904695858,0.8693005038740507,1084.5680613175416,20,0,26_NP_02
50,15.636363636363637,1084.5106247360745,0.8693005038740507,1084.5680613175416,20,0,26_NP_02
50,15.818181818181818,1084.5190214047468,0.8693005038740507,1084.5680613175416,20,0,26_NP_02
50,16.0,1084.52619060965,0.8693005038740507,1084.5680613175416,20,0,26_NP_02
50,16.181818181818183,1084.5323117742576,0.8693005038740507,1084.5680613175416,20,0,26_NP_02
50,16.363636363636363,1084.53753809845,0.8693005038740507,1084.5680613175416,20,0,26_NP_02
50,16.545454545454547,1084.5420003902746,0.8693005038740507,1084.5680613175416,20,0,26_NP_02
50,16.727272727272727,1084.5458103380677,0.8693005038740507,1084.5680613175416,20,0,26_NP_02
50,16.90909090909091,1084.5490633046081,0.8693005038740507,1084.5680613175416,20,0,26_NP_02
50,17.09090909090909,1084.5518407130696,0.8693005038740507,1084.5680613175416,20,0,26_NP_02
50,17.272727272727273,1084.554212084369,0.8693005038740507,1084.5680613175416,20,0,26_NP_02
50,17.454545454545453,1084.5562367768168,0.8693005038740507,1084.5680613175416,20,0,26_NP_02
50,17.636363636363637,1084.5579654715518,0.8693005038740507,1084.5680613175416,20,0,26_NP_02
50,17.81818181818182,1084.5594414408906,0.8693005038740507,1084.5680613175416,20,0,26_NP_02
50,18.0,1084.5607016313133,0.8693005038740507,1084.5680613175416,20,0,26_NP_02
51,0.0,25.000000000000004,0.64330225568903,411.20195485527495,20,0,26_NP_02
51,0.18181818181818182,27.891570319159516,0.64330225568903,411.20195485527495,20,0,26_NP_02
51,0.36363636363636365,31.090663580883913,0.64330225568903,411.20195485527495,20,0,26_NP_02
51,0.5454545454545454,34.623541070871504,0.64330225568903,411.20195485527495,20,0,26_NP_02
51,0.7272727272727273,38.51718552468008,0.64330225568903,411.20195485527495,20,0,26_NP_02
51,0.9090909090909091,42.79893147337211,0.64330225568903,411.20195485527495,20,0,26_NP_02
51,1.0909090909090908,47.49599579598463,0.64330225568903,411.20195485527495,20,0,26_NP_02
51,1.2727272727272727,52.634900279798124,0.64330225568903,411.20195485527495,20,0,26_NP_02
51,1.4545454545454546,58.240781650304214,0.64330225568903,411.20195485527495,20,0,26_NP_02
51,1.6363636363636365,64.33658988719965,0.64330225568903,411.20195485527495,20,0,26_NP_02
51,1.8181818181818181,70.94218284756728,0.64330225568903,411.20195485527495,20,0,26_NP_02
51,2.0,78.07333426759634,0.64330225568903,411.20195485527495,20,0,26_NP_02
51,2.1818181818181817,85.74068286408684,0.64330225568903,411.20195485527495,20,0,26_NP_02
51,2.3636363636363638,93.94866194521393,0.64330225568903,411.20195485527495,20,0,26_NP_02
51,2.5454545454545454,102.69446073691117,0.64330225568903,411.20195485527495,20,0,26_NP_02
51,2.7272727272727275,111.96707923293384,0.64330225568903,411.20195485527495,20,0,26_NP_02
51,2.909090909090909,121.74654617185686,0.64330225568903,411.20195485527495,20,0,26_NP_02
51,3.090909090909091,132.00337297303264,0.64330225568903,411.20195485527495,20,0,26_NP_02
51,3.272727272727273,142.69831347267925,0.64330225568903,411.20195485527495,20,0,26_NP_02
51,3.454545454545454,153.78248887484096,0.64330225568903,411.20195485527495,20,0,26_NP_02
51,3.6363636363636362,165.19791904486567,0.64330225568903,411.20195485527495,20,0,26_NP_02
51,3.8181818181818183,176.8784757875731,0.64330225568903,411.20195485527495,20,0,26_NP_02
51,4.0,188.75124296438148,0.64330225568903,411.20195485527495,20,0,26_NP_02
51,4.181818181818182,200.73823525890054,0.64330225568903,411.20195485527495,20,0,26_NP_02
51,4.363636363636363,212.7583959436918,0.64330225568903,411.20195485527495,20,0,26_NP_02
51,4.545454545454546,224.72976819180263,0.64330225568903,411.20195485527495,20,0,26_NP_02
51,4.7272727272727275,236.57171787815912,0.64330225568903,411.20195485527495,20,0,26_NP_02
51,4.909090909090908,248.20708081447808,0.64330225568903,411.20195485527495,20,0,26_NP_02
51,5.090909090909091,259.5641146895573,0.64330225568903,411.20195485527495,20,0,26_NP_02
51,5.2727272727272725,270.57815457337597,0.64330225568903,411.20195485527495,20,0,26_NP_02
51,5.454545454545455,281.19289803192805,0.64330225568903,411.20195485527495,20,0,26_NP_02
51,5.636363636363637,291.3612779764014,0.64330225568903,411.20195485527495,20,0,26_NP_02
51,5.818181818181818,301.045914263441,0.64330225568903,411.20195485527495,20,0,26_NP_02
51,6.0,310.2191650416112,0.64330225568903,411.20195485527495,20,0,26_NP_02
51,6.181818181818182,318.8628230579394,0.64330225568903,411.20195485527495,20,0,26_NP_02
51,6.363636363636363,326.96751893867804,0.64330225568903,411.20195485527495,20,0,26_NP_02
51,6.545454545454546,334.53190240278826,0.64330225568903,411.20195485527495,20,0,26_NP_02
51,6.7272727272727275,341.56167405718327,0.64330225568903,411.20195485527495,20,0,26_NP_02
51,6.909090909090908,348.06853618654435,0.64330225568903,411.20195485527495,20,0,26_NP_02
51,7.090909090909091,354.0691224848731,0.64330225568903,411.20195485527495,20,0,26_NP_02
51,7.2727272727272725,359.58395572928225,0.64330225568903,411.20195485527495,20,0,26_NP_02
51,7.454545454545455,364.6364705307277,0.64330225568903,411.20195485527495,20,0,26_NP_02
51,7.636363636363637,369.25212674638783,0.64330225568903,411.20195485527495,20,0,26_NP_02
51,7.818181818181818,373.45762876130254,0.64330225568903,411.20195485527495,20,0,26_NP_02
51,8.0,377.28025713867834,0.64330225568903,411.20195485527495,20,0,26_NP_02
51,8.181818181818182,380.7473122925137,0.64330225568903,411.20195485527495,20,0,26_NP_02
51,8.363636363636363,383.8856648210797,0.64330225568903,411.20195485527495,20,0,26_NP_02
51,8.545454545454545,386.7214037758232,0.64330225568903,411.20195485527495,20,0,26_NP_02
51,8.727272727272727,389.2795721678807,0.64330225568903,411.20195485527495,20,0,26_NP_02
51,8.90909090909091,391.5839781461789,0.64330225568903,411.20195485527495,20,0,26_NP_02
51,9.090909090909092,393.65707023796904,0.64330225568903,411.20195485527495,20,0,26_NP_02
51,9.272727272727273,395.5198655758036,0.64330225568903,411.20195485527495,20,0,26_NP_02
51,9.454545454545455,397.1919209365285,0.64330225568903,411.20195485527495,20,0,26_NP_02
51,9.636363636363637,398.69133752359176,0.64330225568903,411.20195485527495,20,0,26_NP_02
51,9.818181818181817,400.03479161074426,0.64330225568903,411.20195485527495,20,0,26_NP_02
51,10.0,401.2375843458385,0.64330225568903,411.20195485527495,20,0,26_NP_02
51,10.181818181818182,402.3137051302327,0.64330225568903,411.20195485527495,20,0,26_NP_02
51,10.363636363636365,403.27590400765723,0.64330225568903,411.20195485527495,20,0,26_NP_02
51,10.545454545454545,404.135769398875,0.64330225568903,411.20195485527495,20,0,26_NP_02
51,10.727272727272727,404.9038082998431,0.64330225568903,411.20195485527495,20,0,26_NP_02
51,10.90909090909091,405.5895267243509,0.64330225568903,411.20195485527495,20,0,26_NP_02
51,11.09090909090909,406.20150872533935,0.64330225568903,411.20195485527495,20,0,26_NP_02
51,11.272727272727273,406.747492783188,0.64330225568903,411.20195485527495,20,0,26_NP_02
51,11.454545454545455,407.23444471628875,0.64330225568903,411.20195485527495,20,0,26_NP_02
51,11.636363636363637,407.66862656138653,0.64330225568903,411.20195485527495,20,0,26_NP_02
51,11.818181818181818,408.05566110007226,0.64330225568903,411.20195485527495,20,0,26_NP_02
51,12.0,408.4005918840579,0.64330225568903,411.20195485527495,20,0,26_NP_02
51,12.181818181818182,408.70793874490306,0.64330225568903,411.20195485527495,20,0,26_NP_02
51,12.363636363636363,408.9817488718679,0.64330225568903,411.20195485527495,20,0,26_NP_02
51,12.545454545454547,409.22564361153945,0.64330225568903,411.20195485527495,20,0,26_NP_02
51,12.727272727272727,409.4428611906947,0.64330225568903,411.20195485527495,20,0,26_NP_02
51,12.909090909090908,409.6362955943767,0.64330225568903,411.20195485527495,20,0,26_NP_02
51,13.090909090909092,409.8085318483829,0.64330225568903,411.20195485527495,20,0,26_NP_02
51,13.272727272727272,409.96187796251087,0.64330225568903,411.20195485527495,20,0,26_NP_02
51,13.454545454545455,410.0983937905853,0.64330225568903,411.20195485527495,20,0,26_NP_02
51,13.636363636363637,410.2199170575587,0.64330225568903,411.20195485527495,20,0,26_NP_02
51,13.818181818181817,410.32808679445407,0.64330225568903,411.20195485527495,20,0,26_NP_02
51,14.0,410.4243644098698,0.64330225568903,411.20195485527495,20,0,26_NP_02
51,14.181818181818182,410.5100526131543,0.64330225568903,411.20195485527495,20,0,26_NP_02
51,14.363636363636363,410.586312389923,0.64330225568903,411.20195485527495,20,0,26_NP_02
51,14.545454545454545,410.65417821587386,0.64330225568903,411.20195485527495,20,0,26_NP_02
51,14.727272727272728,410.7145716802702,0.64330225568903,411.20195485527495,20,0,26_NP_02
51,14.90909090909091,410.7683136762723,0.64330225568903,411.20195485527495,20,0,26_NP_02
51,15.09090909090909,410.8161353017213,0.64330225568903,411.20195485527495,20,0,26_NP_02
51,15.272727272727273,410.85868760112794,0.64330225568903,411.20195485527495,20,0,26_NP_02
51,15.454545454545453,410.8965502675754,0.64330225568903,411.20195485527495,20,0,26_NP_02
51,15.636363636363637,410.9302394120371,0.64330225568903,411.20195485527495,20,0,26_NP_02
51,15.818181818181818,410.96021449725805,0.64330225568903,411.20195485527495,20,0,26_NP_02
51,16.0,410.9868845238173,0.64330225568903,411.20195485527495,20,0,26_NP_02
51,16.181818181818183,411.010613547274,0.64330225568903,411.20195485527495,20,0,26_NP_02
51,16.363636363636363,411.031725597342,0.64330225568903,411.20195485527495,20,0,26_NP_02
51,16.545454545454547,411.05050906280906,0.64330225568903,411.20195485527495,20,0,26_NP_02
51,16.727272727272727,411.0672205993552,0.64330225568903,411.20195485527495,20,0,26_NP_02
51,16.90909090909091,411.082088611497,0.64330225568903,411.20195485527495,20,0,26_NP_02
51,17.09090909090909,411.09531635452515,0.64330225568903,411.20195485527495,20,0,26_NP_02
51,17.272727272727273,411.10708469747925,0.64330225568903,411.20195485527495,20,0,26_NP_02
51,17.454545454545453,411.11755458385994,0.64330225568903,411.20195485527495,20,0,26_NP_02
51,17.636363636363637,411.1268692228755,0.64330225568903,411.20195485527495,20,0,26_NP_02
51,17.81818181818182,411.1351560405195,0.64330225568903,411.20195485527495,20,0,26_NP_02
51,18.0,411.1425284166338,0.64330225568903,411.20195485527495,20,0,26_NP_02
52,0.0,25.0,1.2069935296620815,644.0486457245644,26,0,26_NP_02
52,0.18181818181818182,30.841116828258446,1.2069935296620815,644.0486457245644,26,0,26_NP_02
52,0.36363636363636365,37.963286168301536,1.2069935296620815,644.0486457245644,26,0,26_NP_02
52,0.5454545454545454,46.605181828841886,1.2069935296620815,644.0486457245644,26,0,26_NP_02
52,0.7272727272727273,57.029198596671414,1.2069935296620815,644.0486457245644,26,0,26_NP_02
52,0.9090909090909091,69.51344456984134,1.2069935296620815,644.0486457245644,26,0,26_NP_02
52,1.0909090909090908,84.33797020451098,1.2069935296620815,644.0486457245644,26,0,26_NP_02
52,1.2727272727272727,101.76401577268295,1.2069935296620815,644.0486457245644,26,0,26_NP_02
52,1.4545454545454546,122.00579997690761,1.2069935296620815,644.0486457245644,26,0,26_NP_02
52,1.6363636363636365,145.1958299709039,1.2069935296620815,644.0486457245644,26,0,26_NP_02
52,1.8181818181818181,171.34691664046946,1.2069935296620815,644.0486457245644,26,0,26_NP_02
52,2.0,200.31670926511208,1.2069935296620815,644.0486457245644,26,0,26_NP_02
52,2.1818181818181817,231.78281003626464,1.2069935296620815,644.0486457245644,26,0,26_NP_02
52,2.3636363636363638,265.2371721823955,1.2069935296620815,644.0486457245644,26,0,26_NP_02
52,2.5454545454545454,300.0063653028403,1.2069935296620815,644.0486457245644,26,0,26_NP_02
52,2.7272727272727275,335.29909202925506,1.2069935296620815,644.0486457245644,26,0,26_NP_02
52,2.909090909090909,370.27524456490426,1.2069935296620815,644.0486457245644,26,0,26_NP_02
52,3.090909090909091,404.12435792509524,1.2069935296620815,644.0486457245644,26,0,26_NP_02
52,3.272727272727273,436.13832420605877,1.2069935296620815,644.0486457245644,26,0,26_NP_02
52,3.454545454545454,465.7650723885799,1.2069935296620815,644.0486457245644,26,0,26_NP_02
52,3.6363636363636362,492.635727416167,1.2069935296620815,644.0486457245644,26,0,26_NP_02
52,3.8181818181818183,516.5649669883039,1.2069935296620815,644.0486457245644,26,0,26_NP_02
52,4.0,537.5301387729509,1.2069935296620815,644.0486457245644,26,0,26_NP_02
52,4.181818181818182,555.6376065325856,1.2069935296620815,644.0486457245644,26,0,26_NP_02
52,4.363636363636363,571.0847462220682,1.2069935296620815,644.0486457245644,26,0,26_NP_02
52,4.545454545454546,584.1240419940492,1.2069935296620815,644.0486457245644,26,0,26_NP_02
52,4.7272727272727275,595.0331016151584,1.2069935296620815,644.0486457245644,26,0,26_NP_02
52,4.909090909090908,604.0920538435225,1.2069935296620815,644.0486457245644,26,0,26_NP_02
52,5.090909090909091,611.5681401905846,1.2069935296620815,644.0486457245644,26,0,26_NP_02
52,5.2727272727272725,617.7064090356284,1.2069935296620815,644.0486457245644,26,0,26_NP_02
52,5.454545454545455,622.7250951426446,1.2069935296620815,644.0486457245644,26,0,26_NP_02
52,5.636363636363637,626.8143053723654,1.2069935296620815,644.0486457245644,26,0,26_NP_02
52,5.818181818181818,630.1368479874575,1.2069935296620815,644.0486457245644,26,0,26_NP_02
52,6.0,632.8303142995549,1.2069935296620815,644.0486457245644,26,0,26_NP_02
52,6.181818181818182,635.0097782880877,1.2069935296620815,644.0486457245644,26,0,26_NP_02
52,6.363636363636363,636.7706921079932,1.2069935296620815,644.0486457245644,26,0,26_NP_02
52,6.545454545454546,638.191716276992,1.2069935296620815,644.0486457245644,26,0,26_NP_02
52,6.7272727272727275,639.3373375753799,1.2069935296620815,644.0486457245644,26,0,26_NP_02
52,6.909090909090908,640.2602044082237,1.2069935296620815,644.0486457245644,26,0,26_NP_02
52,7.090909090909091,641.0031581116691,1.2069935296620815,644.0486457245644,26,0,26_NP_02
52,7.2727272727272725,641.6009676856739,1.2069935296620815,644.0486457245644,26,0,26_NP_02
52,7.454545454545455,642.0817911614258,1.2069935296620815,644.0486457245644,26,0,26_NP_02
52,7.636363636363637,642.468393995682,1.2069935296620815,644.0486457245644,26,0,26_NP_02
52,7.818181818181818,642.7791568330847,1.2069935296620815,644.0486457245644,26,0,26_NP_02
52,8.0,643.028903912414,1.2069935296620815,644.0486457245644,26,0,26_NP_02
52,8.181818181818182,643.2295807524252,1.2069935296620815,644.0486457245644,26,0,26_NP_02
52,8.363636363636363,643.3908064343998,1.2069935296620815,644.0486457245644,26,0,26_NP_02
52,8.545454545454545,643.5203223360814,1.2069935296620815,644.0486457245644,26,0,26_NP_02
52,8.727272727272727,643.6243558638301,1.2069935296620815,644.0486457245644,26,0,26_NP_02
52,8.90909090909091,643.707914726657,1.2069935296620815,644.0486457245644,26,0,26_NP_02
52,9.090909090909092,643.7750246569459,1.2069935296620815,644.0486457245644,26,0,26_NP_02
52,9.272727272727273,643.8289212152354,1.2069935296620815,644.0486457245644,26,0,26_NP_02
52,9.454545454545455,643.8722043990398,1.2069935296620815,644.0486457245644,26,0,26_NP_02
52,9.636363636363637,643.9069631731934,1.2069935296620815,644.0486457245644,26,0,26_NP_02
52,9.818181818181817,643.9348757116529,1.2069935296620815,644.0486457245644,26,0,26_NP_02
52,10.0,643.9572900482672,1.2069935296620815,644.0486457245644,26,0,26_NP_02
52,10.181818181818182,643.9752889397256,1.2069935296620815,644.0486457245644,26,0,26_NP_02
52,10.363636363636365,643.9897420147252,1.2069935296620815,644.0486457245644,26,0,26_NP_02
52,10.545454545454545,644.0013476907423,1.2069935296620815,644.0486457245644,26,0,26_NP_02
52,10.727272727272727,644.010666859291,1.2069935296620815,644.0486457245644,26,0,26_NP_02
52,10.90909090909091,644.0181499517303,1.2069935296620815,644.0486457245644,26,0,26_NP_02
52,11.09090909090909,644.0241586835506,1.2069935296620815,644.0486457245644,26,0,26_NP_02
52,11.272727272727273,644.0289835215905,1.2069935296620815,644.0486457245644,26,0,26_NP_02
52,11.454545454545455,644.0328577142903,1.2069935296620815,644.0486457245644,26,0,26_NP_02
52,11.636363636363637,644.0359685604999,1.2069935296620815,644.0486457245644,26,0,26_NP_02
52,11.818181818181818,644.0384664598582,1.2069935296620815,644.0486457245644,26,0,26_NP_02
52,12.0,644.0404721811566,1.2069935296620815,644.0486457245644,26,0,26_NP_02
52,12.181818181818182,644.0420826993584,1.2069935296620815,644.0486457245644,26,0,26_NP_02
52,12.363636363636363,644.043375883018,1.2069935296620815,644.0486457245644,26,0,26_NP_02
52,12.545454545454547,644.0444142584242,1.2069935296620815,644.0486457245644,26,0,26_NP_02
52,12.727272727272727,644.0452480322715,1.2069935296620815,644.0486457245644,26,0,26_NP_02
52,12.909090909090908,644.045917518881,1.2069935296620815,644.0486457245644,26,0,26_NP_02
52,13.090909090909092,644.0464550892494,1.2069935296620815,644.0486457245644,26,0,26_NP_02
52,13.272727272727272,644.0468867361114,1.2069935296620815,644.0486457245644,26,0,26_NP_02
52,13.454545454545455,644.0472333306587,1.2069935296620815,644.0486457245644,26,0,26_NP_02
52,13.636363636363637,644.0475116316543,1.2069935296620815,644.0486457245644,26,0,26_NP_02
52,13.818181818181817,644.0477350957276,1.2069935296620815,644.0486457245644,26,0,26_NP_02
52,14.0,644.0479145280159,1.2069935296620815,644.0486457245644,26,0,26_NP_02
52,14.181818181818182,644.0480586046077,1.2069935296620815,644.0486457245644,26,0,26_NP_02
52,14.363636363636363,644.0481742920487,1.2069935296620815,644.0486457245644,26,0,26_NP_02
52,14.545454545454545,644.0482671841886,1.2069935296620815,644.0486457245644,26,0,26_NP_02
52,14.727272727272728,644.0483417726577,1.2069935296620815,644.0486457245644,26,0,26_NP_02
52,14.90909090909091,644.0484016640484,1.2069935296620815,644.0486457245644,26,0,26_NP_02
52,15.09090909090909,644.0484497543038,1.2069935296620815,644.0486457245644,26,0,26_NP_02
52,15.272727272727273,644.0484883687449,1.2069935296620815,644.0486457245644,26,0,26_NP_02
52,15.454545454545453,644.0485193745072,1.2069935296620815,644.0486457245644,26,0,26_NP_02
52,15.636363636363637,644.0485442708218,1.2069935296620815,644.0486457245644,26,0,26_NP_02
52,15.818181818181818,644.0485642615082,1.2069935296620815,644.0486457245644,26,0,26_NP_02
52,16.0,644.0485803131828,1.2069935296620815,644.0486457245644,26,0,26_NP_02
52,16.181818181818183,644.0485932019974,1.2069935296620815,644.0486457245644,26,0,26_NP_02
52,16.363636363636363,644.0486035511693,1.2069935296620815,644.0486457245644,26,0,26_NP_02
52,16.545454545454547,644.048611861116,1.2069935296620815,644.0486457245644,26,0,26_NP_02
52,16.727272727272727,644.0486185336507,1.2069935296620815,644.0486457245644,26,0,26_NP_02
52,16.90909090909091,644.0486238914135,1.2069935296620815,644.0486457245644,26,0,26_NP_02
52,17.09090909090909,644.0486281934699,1.2069935296620815,644.0486457245644,26,0,26_NP_02
52,17.272727272727273,644.0486316478388,1.2069935296620815,644.0486457245644,26,0,26_NP_02
52,17.454545454545453,644.0486344215506,1.2069935296620815,644.0486457245644,26,0,26_NP_02
52,17.636363636363637,644.0486366487235,1.2069935296620815,644.0486457245644,26,0,26_NP_02
52,17.81818181818182,644.0486384370489,1.2069935296620815,644.0486457245644,26,0,26_NP_02
52,18.0,644.0486398729985,1.2069935296620815,644.0486457245644,26,0,26_NP_02
53,0.0,25.0,0.454309126807803,976.8279798192807,26,0,26_NP_02
53,0.22222222222222224,27.58075800887338,0.454309126807803,976.8279798192807,26,0,26_NP_02
53,0.4444444444444445,30.419414233163188,0.454309126807803,976.8279798192807,26,0,26_NP_02
53,0.6666666666666667,33.53990664269842,0.454309126807803,976.8279798192807,26,0,26_NP_02
53,0.888888888888889,36.9680024106147,0.454309126807803,976.8279798192807,26,0,26_NP_02
53,1.1111111111111112,40.73135236027788,0.454309126807803,976.8279798192807,26,0,26_NP_02
53,1.3333333333333335,44.85952624526195,0.454309126807803,976.8279798192807,26,0,26_NP_02
53,1.5555555555555556,49.38402318420052,0.454309126807803,976.8279798192807,26,0,26_NP_02
53,1.777777777777778,54.33825070686545,0.454309126807803,976.8279798192807,26,0,26_NP_02
53,2.0,59.75746499075846,0.454309126807803,976.8279798192807,26,0,26_NP_02
53,2.2222222222222223,65.67866402240188,0.454309126807803,976.8279798192807,26,0,26_NP_02
53,2.444444444444444,72.14042466409293,0.454309126807803,976.8279798192807,26,0,26_NP_02
53,2.666666666666667,79.18267402342782,0.454309126807803,976.8279798192807,26,0,26_NP_02
53,2.8888888888888893,86.8463852080075,0.454309126807803,976.8279798192807,26,0,26_NP_02
53,3.111111111111111,95.1731876207772,0.454309126807803,976.8279798192807,26,0,26_NP_02
53,3.3333333333333335,104.20488255095952,0.454309126807803,976.8279798192807,26,0,26_NP_02
53,3.555555555555556,113.98285609460372,0.454309126807803,976.8279798192807,26,0,26_NP_02
53,3.7777777777777777,124.54738355643379,0.454309126807803,976.8279798192807,26,0,26_NP_02
53,4.0,135.93682259235734,0.454309126807803,976.8279798192807,26,0,26_NP_02
53,4.222222222222222,148.18669657428302,0.454309126807803,976.8279798192807,26,0,26_NP_02
53,4.444444444444445,161.32867506853353,0.454309126807803,976.8279798192807,26,0,26_NP_02
53,4.666666666666667,175.3894649070874,0.454309126807803,976.8279798192807,26,0,26_NP_02
53,4.888888888888888,190.38963297355687,0.454309126807803,976.8279798192807,26,0,26_NP_02
53,5.111111111111111,206.34239025344365,0.454309126807803,976.8279798192807,26,0,26_NP_02
53,5.333333333333334,223.25237546994347,0.454309126807803,976.8279798192807,26,0,26_NP_02
53,5.555555555555556,241.11448511962348,0.454309126807803,976.8279798192807,26,0,26_NP_02
53,5.777777777777779,259.91280414330964,0.454309126807803,976.8279798192807,26,0,26_NP_02
53,6.0,279.61969689361683,0.454309126807803,976.8279798192807,26,0,26_NP_02
53,6.222222222222222,300.19512051497225,0.454309126807803,976.8279798192807,26,0,26_NP_02
53,6.444444444444445,321.58622141414105,0.454309126807803,976.8279798192807,26,0,26_NP_02
53,6.666666666666667,343.7272694418744,0.454309126807803,976.8279798192807,26,0,26_NP_02
53,6.888888888888889,366.53997334352675,0.454309126807803,976.8279798192807,26,0,26_NP_02
53,7.111111111111112,389.9342050593127,0.454309126807803,976.8279798192807,26,0,26_NP_02
53,7.333333333333333,413.80914022473746,0.454309126807803,976.8279798192807,26,0,26_NP_02
53,7.555555555555555,438.0547989941077,0.454309126807803,976.8279798192807,26,0,26_NP_02
53,7.777777777777778,462.5539468671108,0.454309126807803,976.8279798192807,26,0,26_NP_02
53,8.0,487.1842916852331,0.454309126807803,976.8279798192807,26,0,26_NP_02
53,8.222222222222223,511.8208926422973,0.454309126807803,976.8279798192807,26,0,26_NP_02
53,8.444444444444445,536.3386821032359,0.454309126807803,976.8279798192807,26,0,26_NP_02
53,8.666666666666666,560.6149928549775,0.454309126807803,976.8279798192807,26,0,26_NP_02
53,8.88888888888889,584.5319830171178,0.454309126807803,976.8279798192807,26,0,26_NP_02
53,9.11111111111111,607.9788582616234,0.454309126807803,976.8279798192807,26,0,26_NP_02
53,9.333333333333334,630.8538054167045,0.454309126807803,976.8279798192807,26,0,26_NP_02
53,9.555555555555555,653.0655714144272,0.454309126807803,976.8279798192807,26,0,26_NP_02
53,9.777777777777777,674.5346448375266,0.454309126807803,976.8279798192807,26,0,26_NP_02
53,10.0,695.1940217714382,0.454309126807803,976.8279798192807,26,0,26_NP_02
53,10.222222222222221,714.9895611040071,0.454309126807803,976.8279798192807,26,0,26_NP_02
53,10.444444444444445,733.8799550103842,0.454309126807803,976.8279798192807,26,0,26_NP_02
53,10.666666666666668,751.8363568015999,0.454309126807803,976.8279798192807,26,0,26_NP_02
53,10.88888888888889,768.841719881254,0.454309126807803,976.8279798192807,26,0,26_NP_02
53,11.111111111111112,784.8899081010105,0.454309126807803,976.8279798192807,26,0,26_NP_02
53,11.333333333333332,799.9846396760506,0.454309126807803,976.8279798192807,26,0,26_NP_02
53,11.555555555555557,814.1383247161981,0.454309126807803,976.8279798192807,26,0,26_NP_02
53,11.777777777777779,827.3708512548722,0.454309126807803,976.8279798192807,26,0,26_NP_02
53,12.0,839.708367392978,0.454309126807803,976.8279798192807,26,0,26_NP_02
53,12.222222222222223,851.1820987505464,0.454309126807803,976.8279798192807,26,0,26_NP_02
53,12.444444444444445,861.8272316440574,0.454309126807803,976.8279798192807,26,0,26_NP_02
53,12.666666666666668,871.6818839226606,0.454309126807803,976.8279798192807,26,0,26_NP_02
53,12.88888888888889,880.7861776607541,0.454309126807803,976.8279798192807,26,0,26_NP_02
53,13.11111111111111,889.1814212035135,0.454309126807803,976.8279798192807,26,0,26_NP_02
53,13.333333333333334,896.9094025327362,0.454309126807803,976.8279798192807,26,0,26_NP_02
53,13.555555555555555,904.0117915818203,0.454309126807803,976.8279798192807,26,0,26_NP_02
53,13.777777777777779,910.5296459147745,0.454309126807803,976.8279798192807,26,0,26_NP_02
53,14.0,916.5030119742678,0.454309126807803,976.8279798192807,26,0,26_NP_02
53,14.222222222222223,921.9706127481506,0.454309126807803,976.8279798192807,26,0,26_NP_02
53,14.444444444444445,926.9696120436378,0.454309126807803,976.8279798192807,26,0,26_NP_02
53,14.666666666666666,931.5354454392897,0.454309126807803,976.8279798192807,26,0,26_NP_02
53,14.88888888888889,935.7017082668241,0.454309126807803,976.8279798192807,26,0,26_NP_02
53,15.11111111111111,939.5000915362314,0.454309126807803,976.8279798192807,26,0,26_NP_02
53,15.333333333333334,942.9603574579645,0.454309126807803,976.8279798192807,26,0,26_NP_02
53,15.555555555555555,946.1103470549061,0.454309126807803,976.8279798192807,26,0,26_NP_02
53,15.777777777777777,948.9760132328948,0.454309126807803,976.8279798192807,26,0,26_NP_02
53,16.0,951.5814735467626,0.454309126807803,976.8279798192807,26,0,26_NP_02
53,16.22222222222222,953.9490777277807,0.454309126807803,976.8279798192807,26,0,26_NP_02
53,16.444444444444446,956.0994858078652,0.454309126807803,976.8279798192807,26,0,26_NP_02
53,16.666666666666668,958.0517533742251,0.454309126807803,976.8279798192807,26,0,26_NP_02
53,16.88888888888889,959.8234211102294,0.454309126807803,976.8279798192807,26,0,26_NP_02
53,17.11111111111111,961.4306063236398,0.454309126807803,976.8279798192807,26,0,26_NP_02
53,17.333333333333332,962.888094634797,0.454309126807803,976.8279798192807,26,0,26_NP_02
53,17.555555555555557,964.2094303997022,0.454309126807803,976.8279798192807,26,0,26_NP_02
53,17.77777777777778,965.4070047822551,0.454309126807803,976.8279798192807,26,0,26_NP_02
53,18.0,966.4921406728237,0.454309126807803,976.8279798192807,26,0,26_NP_02
53,18.22222222222222,967.4751738835337,0.454309126807803,976.8279798192807,26,0,26_NP_02
53,18.444444444444443,968.3655302407074,0.454309126807803,976.8279798192807,26,0,26_NP_02
53,18.666666666666668,969.1717983478404,0.454309126807803,976.8279798192807,26,0,26_NP_02
53,18.88888888888889,969.901797913976,0.454309126807803,976.8279798192807,26,0,26_NP_02
53,19.11111111111111,970.5626436373249,0.454309126807803,976.8279798192807,26,0,26_NP_02
53,19.333333333333332,971.1608047069001,0.454309126807803,976.8279798192807,26,0,26_NP_02
53,19.555555555555554,971.7021600396434,0.454309126807803,976.8279798192807,26,0,26_NP_02
53,19.77777777777778,972.1920494103471,0.454309126807803,976.8279798192807,26,0,26_NP_02
53,20.0,972.6353206594099,0.454309126807803,976.8279798192807,26,0,26_NP_02
53,20.22222222222222,973.036373181557,0.454309126807803,976.8279798192807,26,0,26_NP_02
53,20.444444444444443,973.3991979090503,0.454309126807803,976.8279798192807,26,0,26_NP_02
53,20.666666666666668,973.7274140073129,0.454309126807803,976.8279798192807,26,0,26_NP_02
53,20.88888888888889,974.0243025006667,0.454309126807803,976.8279798192807,26,0,26_NP_02
53,21.11111111111111,974.2928370421411,0.454309126807803,976.8279798192807,26,0,26_NP_02
53,21.333333333333336,974.5357120349915,0.454309126807803,976.8279798192807,26,0,26_NP_02
53,21.555555555555554,974.755368305389,0.454309126807803,976.8279798192807,26,0,26_NP_02
53,21.77777777777778,974.954016516312,0.454309126807803,976.8279798192807,26,0,26_NP_02
53,22.0,975.1336585024442,0.454309126807803,976.8279798192807,26,0,26_NP_02
54,0.0,25.0,0.8425486333608895,1818.694815512379,26,0,26_NP_02
54,0.18181818181818182,29.072521192126334,0.8425486333608895,1818.694815512379,26,0,26_NP_02
54,0.36363636363636365,33.795959742574574,0.8425486333608895,1818.694815512379,26,0,26_NP_02
54,0.5454545454545454,39.26997993067563,0.8425486333608895,1818.694815512379,26,0,26_NP_02
54,0.7272727272727273,45.607985932178515,0.8425486333608895,1818.694815512379,26,0,26_NP_02
54,0.9090909090909091,52.938486445550154,0.8425486333608895,1818.694815512379,26,0,26_NP_02
54,1.0909090909090908,61.40640220084966,0.8425486333608895,1818.694815512379,26,0,26_NP_02
54,1.2727272727272727,71.17422824233645,0.8425486333608895,1818.694815512379,26,0,26_NP_02
54,1.4545454545454546,82.42293155222131,0.8425486333608895,1818.694815512379,26,0,26_NP_02
54,1.6363636363636365,95.3524273764357,0.8425486333608895,1818.694815512379,26,0,26_NP_02
54,1.8181818181818181,110.18143541081281,0.8425486333608895,1818.694815512379,26,0,26_NP_02
54,2.0,127.14647209140719,0.8425486333608895,1818.694815512379,26,0,26_NP_02
54,2.1818181818181817,146.49969192896444,0.8425486333608895,1818.694815512379,26,0,26_NP_02
54,2.3636363636363638,168.50525620077562,0.8425486333608895,1818.694815512379,26,0,26_NP_02
54,2.5454545454545454,193.43389178626046,0.8425486333608895,1818.694815512379,26,0,26_NP_02
54,2.7272727272727275,221.55532053491407,0.8425486333608895,1818.694815512379,26,0,26_NP_02
54,2.909090909090909,253.12830738304228,0.8425486333608895,1818.694815512379,26,0,26_NP_02
54,3.090909090909091,288.38821177349485,0.8425486333608895,1818.694815512379,26,0,26_NP_02
54,3.272727272727273,327.5321474719916,0.8425486333608895,1818.694815512379,26,0,26_NP_02
54,3.454545454545454,370.70216771325335,0.8425486333608895,1818.694815512379,26,0,26_NP_02
54,3.6363636363636362,417.9672863811947,0.8425486333608895,1818.694815512379,26,0,26_NP_02
54,3.8181818181818183,469.3055875490484,0.8425486333608895,1818.694815512379,26,0,26_NP_02
54,4.0,524.5881007715216,0.8425486333608895,1818.694815512379,26,0,26_NP_02
54,4.181818181818182,583.566434589418,0.8425486333608895,1818.694815512379,26,0,26_NP_02
54,4.363636363636363,645.8662557818731,0.8425486333608895,1818.694815512379,26,0,26_NP_02
54,4.545454545454546,710.9884760453554,0.8425486333608895,1818.694815512379,26,0,26_NP_02
54,4.7272727272727275,778.3194045725891,0.8425486333608895,1818.694815512379,26,0,26_NP_02
54,4.909090909090908,847.1501677032562,0.8425486333608895,1818.694815512379,26,0,26_NP_02
54,5.090909090909091,916.7045078512652,0.8425486333608895,1818.694815512379,26,0,26_NP_02
54,5.2727272727272725,986.1728641901204,0.8425486333608895,1818.694815512379,26,0,26_NP_02
54,5.454545454545455,1054.7496604407825,0.8425486333608895,1818.694815512379,26,0,26_NP_02
54,5.636363636363637,1121.6702054502243,0.8425486333608895,1818.694815512379,26,0,26_NP_02
54,5.818181818181818,1186.2436756985805,0.8425486333608895,1818.694815512379,26,0,26_NP_02
54,6.0,1247.8792798849865,0.8425486333608895,1818.694815512379,26,0,26_NP_02
54,6.181818181818182,1306.1037528680347,0.8425486333608895,1818.694815512379,26,0,26_NP_02
54,6.363636363636363,1360.5695522167298,0.8425486333608895,1818.694815512379,26,0,26_NP_02
54,6.545454545454546,1411.0542857146077,0.8425486333608895,1818.694815512379,26,0,26_NP_02
54,6.7272727272727275,1457.45278744428,0.8425486333608895,1818.694815512379,26,0,26_NP_02
54,6.909090909090908,1499.7637823755606,0.8425486333608895,1818.694815512379,26,0,26_NP_02
54,7.090909090909091,1538.073230665336,0.8425486333608895,1818.694815512379,26,0,26_NP_02
54,7.2727272727272725,1572.5362921236015,0.8425486333608895,1818.694815512379,26,0,26_NP_02
54,7.454545454545455,1603.359504087564,0.8425486333608895,1818.694815512379,26,0,26_NP_02
54,7.636363636363637,1630.78433047161,0.8425486333608895,1818.694815512379,26,0,26_NP_02
54,7.818181818181818,1655.0728039433848,0.8425486333608895,1818.694815512379,26,0,26_NP_02
54,8.0,1676.4956048195393,0.8425486333608895,1818.694815512379,26,0,26_NP_02
54,8.181818181818182,1695.3226276250277,0.8425486333608895,1818.694815512379,26,0,26_NP_02
54,8.363636363636363,1711.815884497874,0.8425486333608895,1818.694815512379,26,0,26_NP_02
54,8.545454545454545,1726.2244742267098,0.8425486333608895,1818.694815512379,26,0,26_NP_02
54,8.727272727272727,1738.7812900171941,0.8425486333608895,1818.694815512379,26,0,26_NP_02
54,8.90909090909091,1749.7011298186592,0.8425486333608895,1818.694815512379,26,0,26_NP_02
54,9.090909090909092,1759.1798936530638,0.8425486333608895,1818.694815512379,26,0,26_NP_02
54,9.272727272727273,1767.3945895963623,0.8425486333608895,1818.694815512379,26,0,26_NP_02
54,9.454545454545455,1774.5039141924008,0.8425486333608895,1818.694815512379,26,0,26_NP_02
54,9.636363636363637,1780.6492177022242,0.8425486333608895,1818.694815512379,26,0,26_NP_02
54,9.818181818181817,1785.9557058730693,0.8425486333608895,1818.694815512379,26,0,26_NP_02
54,10.0,1790.5337659125146,0.8425486333608895,1818.694815512379,26,0,26_NP_02
54,10.181818181818182,1794.4803344116126,0.8425486333608895,1818.694815512379,26,0,26_NP_02
54,10.363636363636365,1797.8802492007374,0.8425486333608895,1818.694815512379,26,0,26_NP_02
54,10.545454545454545,1800.807546099204,0.8425486333608895,1818.694815512379,26,0,26_NP_02
54,10.727272727272727,1803.3266759818412,0.8425486333608895,1818.694815512379,26,0,26_NP_02
54,10.90909090909091,1805.4936283208037,0.8425486333608895,1818.694815512379,26,0,26_NP_02
54,11.09090909090909,1807.3569551119447,0.8425486333608895,1818.694815512379,26,0,26_NP_02
54,11.272727272727273,1808.9586945171516,0.8425486333608895,1818.694815512379,26,0,26_NP_02
54,11.454545454545455,1810.3351971992117,0.8425486333608895,1818.694815512379,26,0,26_NP_02
54,11.636363636363637,1811.5178606439863,0.8425486333608895,1818.694815512379,26,0,26_NP_02
54,11.818181818181818,1812.5337781131543,0.8425486333608895,1818.694815512379,26,0,26_NP_02
54,12.0,1813.4063095269823,0.8425486333608895,1818.694815512379,26,0,26_NP_02
54,12.181818181818182,1814.1555817519231,0.8425486333608895,1818.694815512379,26,0,26_NP_02
54,12.363636363636363,1814.79892562058,0.8425486333608895,1818.694815512379,26,0,26_NP_02
54,12.545454545454547,1815.3512566581255,0.8425486333608895,1818.694815512379,26,0,26_NP_02
54,12.727272727272727,1815.8254060137465,0.8425486333608895,1818.694815512379,26,0,26_NP_02
54,12.909090909090908,1816.2324075575593,0.8425486333608895,1818.694815512379,26,0,26_NP_02
54,13.090909090909092,1816.5817465439072,0.8425486333608895,1818.694815512379,26,0,26_NP_02
54,13.272727272727272,1816.881574688467,0.8425486333608895,1818.694815512379,26,0,26_NP_02
54,13.454545454545455,1817.138895976863,0.8425486333608895,1818.694815512379,26,0,26_NP_02
54,13.636363636363637,1817.3597270270286,0.8425486333608895,1818.694815512379,26,0,26_NP_02
54,13.818181818181817,1817.5492353720033,0.8425486333608895,1818.694815512379,26,0,26_NP_02
54,14.0,1817.7118586163342,0.8425486333608895,1818.694815512379,26,0,26_NP_02
54,14.181818181818182,1817.8514070476358,0.8425486333608895,1818.694815512379,26,0,26_NP_02
54,14.363636363636363,1817.9711519535704,0.8425486333608895,1818.694815512379,26,0,26_NP_02
54,14.545454545454545,1818.0739016010343,0.8425486333608895,1818.694815512379,26,0,26_NP_02
54,14.727272727272728,1818.1620665756948,0.8425486333608895,1818.694815512379,26,0,26_NP_02
54,14.90909090909091,1818.2377159530818,0.8425486333608895,1818.694815512379,26,0,26_NP_02
54,15.09090909090909,1818.302625573987,0.8425486333608895,1818.694815512379,26,0,26_NP_02
54,15.272727272727273,1818.3583195238969,0.8425486333608895,1818.694815512379,26,0,26_NP_02
54,15.454545454545453,1818.4061057657116,0.8425486333608895,1818.694815512379,26,0,26_NP_02
54,15.636363636363637,1818.4471067443785,0.8425486333608895,1818.694815512379,26,0,26_NP_02
54,15.818181818181818,1818.4822856689186,0.8425486333608895,1818.694815512379,26,0,26_NP_02
54,16.0,1818.5124690793932,0.8425486333608895,1818.694815512379,26,0,26_NP_02
54,16.181818181818183,1818.5383662217666,0.8425486333608895,1818.694815512379,26,0,26_NP_02
54,16.363636363636363,1818.560585680576,0.8425486333608895,1818.694815512379,26,0,26_NP_02
54,16.545454545454547,1818.5796496563396,0.8425486333608895,1818.694815512379,26,0,26_NP_02
54,16.727272727272727,1818.5960062203433,0.8425486333608895,1818.694815512379,26,0,26_NP_02
54,16.90909090909091,1818.6100398327053,0.8425486333608895,1818.694815512379,26,0,26_NP_02
54,17.09090909090909,1818.6220803693645,0.8425486333608895,1818.694815512379,26,0,26_NP_02
54,17.272727272727273,1818.6324108690305,0.8425486333608895,1818.694815512379,26,0,26_NP_02
54,17.454545454545453,1818.6412741813506,0.8425486333608895,1818.694815512379,26,0,26_NP_02
54,17.636363636363637,1818.6488786719426,0.8425486333608895,1818.694815512379,26,0,26_NP_02
54,17.81818181818182,1818.6554031179626,0.8425486333608895,1818.694815512379,26,0,26_NP_02
54,18.0,1818.66100090895,0.8425486333608895,1818.694815512379,26,0,26_NP_02
55,0.0,25.0,0.8596180554270011,5124.176110698425,20,0,26_NP_05
55,0.18181818181818182,29.205148272480614,0.8596180554270011,5124.176110698425,20,0,26_NP_05
55,0.36363636363636365,34.11289546333624,0.8596180554270011,5124.176110698425,20,0,26_NP_05
55,0.5454545454545454,39.838910983718606,0.8596180554270011,5124.176110698425,20,0,26_NP_05
55,0.7272727272727273,46.517282373459956,0.8596180554270011,5124.176110698425,20,0,26_NP_05
55,0.9090909090909091,54.30322137778276,0.8596180554270011,5124.176110698425,20,0,26_NP_05
55,1.0909090909090908,63.37608456508557,0.8596180554270011,5124.176110698425,20,0,26_NP_05
55,1.2727272727272727,73.94271323453037,0.8596180554270011,5124.176110698425,20,0,26_NP_05
55,1.4545454545454546,86.24108271314186,0.8596180554270011,5124.176110698425,20,0,26_NP_05
55,1.6363636363636365,100.54422963660892,0.8596180554270011,5124.176110698425,20,0,26_NP_05
55,1.8181818181818181,117.16439536842412,0.8596180554270011,5124.176110698425,20,0,26_NP_05
55,2.0,136.45728191783573,0.8596180554270011,5124.176110698425,20,0,26_NP_05
55,2.1818181818181817,158.8262609044592,0.8596180554270011,5124.176110698425,20,0,26_NP_05
55,2.3636363636363638,184.7263036080174,0.8596180554270011,5124.176110698425,20,0,26_NP_05
55,2.5454545454545454,214.6673086705803,0.8596180554270011,5124.176110698425,20,0,26_NP_05
55,2.7272727272727275,249.21639244825403,0.8596180554270011,5124.176110698425,20,0,26_NP_05
55,2.909090909090909,288.99857642672094,0.8596180554270011,5124.176110698425,20,0,26_NP_05
55,3.090909090909091,334.69516139687585,0.8596180554270011,5124.176110698425,20,0,26_NP_05
55,3.272727272727273,387.0389299554652,0.8596180554270011,5124.176110698425,20,0,26_NP_05
55,3.454545454545454,446.8051863554842,0.8596180554270011,5124.176110698425,20,0,26_NP_05
55,3.6363636363636362,514.7975555179265,0.8596180554270011,5124.176110698425,20,0,26_NP_05
55,3.8181818181818183,591.8274632963845,0.8596180554270011,5124.176110698425,20,0,26_NP_05
55,4.0,678.6863621114189,0.8596180554270011,5124.176110698425,20,0,26_NP_05
55,4.181818181818182,776.1101119518886,0.8596180554270011,5124.176110698425,20,0,26_NP_05
55,4.363636363636363,884.7355361814996,0.8596180554270011,5124.176110698425,20,0,26_NP_05
55,4.545454545454546,1005.0500838745354,0.8596180554270011,5124.176110698425,20,0,26_NP_05
55,4.7272727272727275,1137.3367386522289,0.8596180554270011,5124.176110698425,20,0,26_NP_05
55,4.909090909090908,1281.6177353238163,0.8596180554270011,5124.176110698425,20,0,26_NP_05
55,5.090909090909091,1437.6020962196012,0.8596180554270011,5124.176110698425,20,0,26_NP_05
55,5.2727272727272725,1604.6431884437523,0.8596180554270011,5124.176110698425,20,0,26_NP_05
55,5.454545454545455,1781.7130643993255,0.8596180554270011,5124.176110698425,20,0,26_NP_05
55,5.636363636363637,1967.399914540292,0.8596180554270011,5124.176110698425,20,0,26_NP_05
55,5.818181818181818,2159.9332865326137,0.8596180554270011,5124.176110698425,20,0,26_NP_05
55,6.0,2357.2388116220263,0.8596180554270011,5124.176110698425,20,0,26_NP_05
55,6.181818181818182,2557.0203678286457,0.8596180554270011,5124.176110698425,20,0,26_NP_05
55,6.363636363636363,2756.8635690823903,0.8596180554270011,5124.176110698425,20,0,26_NP_05
55,6.545454545454546,2954.3510569796986,0.8596180554270011,5124.176110698425,20,0,26_NP_05
55,6.7272727272727275,3147.1780929289844,0.8596180554270011,5124.176110698425,20,0,26_NP_05
55,6.909090909090908,3333.256897296332,0.8596180554270011,5124.176110698425,20,0,26_NP_05
55,7.090909090909091,3510.8000717771897,0.8596180554270011,5124.176110698425,20,0,26_NP_05
55,7.2727272727272725,3678.3767988233117,0.8596180554270011,5124.176110698425,20,0,26_NP_05
55,7.454545454545455,3834.939541937606,0.8596180554270011,5124.176110698425,20,0,26_NP_05
55,7.636363636363637,3979.8228118743255,0.8596180554270011,5124.176110698425,20,0,26_NP_05
55,7.818181818181818,4112.718533811291,0.8596180554270011,5124.176110698425,20,0,26_NP_05
55,8.0,4233.634290704958,0.8596180554270011,5124.176110698425,20,0,26_NP_05
55,8.181818181818182,4342.841209932093,0.8596180554270011,5124.176110698425,20,0,26_NP_05
55,8.363636363636363,4440.817741202998,0.8596180554270011,5124.176110698425,20,0,26_NP_05
55,8.545454545454545,4528.194406980677,0.8596180554270011,5124.176110698425,20,0,26_NP_05
55,8.727272727272727,4605.703161459974,0.8596180554270011,5124.176110698425,20,0,26_NP_05
55,8.90909090909091,4674.1335660090535,0.8596180554270011,5124.176110698425,20,0,26_NP_05
55,9.090909090909092,4734.296767183897,0.8596180554270011,5124.176110698425,20,0,26_NP_05
55,9.272727272727273,4786.997335477645,0.8596180554270011,5124.176110698425,20,0,26_NP_05
55,9.454545454545455,4833.012398867709,0.8596180554270011,5124.176110698425,20,0,26_NP_05
55,9.636363636363637,4873.077147352236,0.8596180554270011,5124.176110698425,20,0,26_NP_05
55,9.818181818181817,4907.875633848934,0.8596180554270011,5124.176110698425,20,0,26_NP_05
55,10.0,4938.0357907694715,0.8596180554270011,5124.176110698425,20,0,26_NP_05
55,10.181818181818182,4964.127665488041,0.8596180554270011,5124.176110698425,20,0,26_NP_05
55,10.363636363636365,4986.664008982562,0.8596180554270011,5124.176110698425,20,0,26_NP_05
55,10.545454545454545,5006.102499806554,0.8596180554270011,5124.176110698425,20,0,26_NP_05
55,10.727272727272727,5022.849030757507,0.8596180554270011,5124.176110698425,20,0,26_NP_05
55,10.90909090909091,5037.261617062872,0.8596180554270011,5124.176110698425,20,0,26_NP_05
55,11.09090909090909,5049.654597488347,0.8596180554270011,5124.176110698425,20,0,26_NP_05
55,11.272727272727273,5060.302892247893,0.8596180554270011,5124.176110698425,20,0,26_NP_05
55,11.454545454545455,5069.44615501569,0.8596180554270011,5124.176110698425,20,0,26_NP_05
55,11.636363636363637,5077.29271293506,0.8596180554270011,5124.176110698425,20,0,26_NP_05
55,11.818181818181818,5084.023230957844,0.8596180554270011,5124.176110698425,20,0,26_NP_05
55,12.0,5089.794067801258,0.8596180554270011,5124.176110698425,20,0,26_NP_05
55,12.181818181818182,5094.74031271404,0.8596180554270011,5124.176110698425,20,0,26_NP_05
55,12.363636363636363,5098.9785071955985,0.8596180554270011,5124.176110698425,20,0,26_NP_05
55,12.545454545454547,5102.609065542062,0.8596180554270011,5124.176110698425,20,0,26_NP_05
55,12.727272727272727,5105.7184139878445,0.8596180554270011,5124.176110698425,20,0,26_NP_05
55,12.909090909090908,5108.38087135367,0.8596180554270011,5124.176110698425,20,0,26_NP_05
55,13.090909090909092,5110.660295330069,0.8596180554270011,5124.176110698425,20,0,26_NP_05
55,13.272727272727272,5112.611518440694,0.8596180554270011,5124.176110698425,20,0,26_NP_05
55,13.454545454545455,5114.281596800471,0.8596180554270011,5124.176110698425,20,0,26_NP_05
55,13.636363636363637,5115.710893340595,0.8596180554270011,5124.176110698425,20,0,26_NP_05
55,13.818181818181817,5116.934015450974,0.8596180554270011,5124.176110698425,20,0,26_NP_05
55,14.0,5117.980625153105,0.8596180554270011,5124.176110698425,20,0,26_NP_05
55,14.181818181818182,5118.876138072343,0.8596180554270011,5124.176110698425,20,0,26_NP_05
55,14.363636363636363,5119.642325698561,0.8596180554270011,5124.176110698425,20,0,26_NP_05
55,14.545454545454545,5120.297833751317,0.8596180554270011,5124.176110698425,20,0,26_NP_05
55,14.727272727272728,5120.858627923416,0.8596180554270011,5124.176110698425,20,0,26_NP_05
55,14.90909090909091,5121.338376875344,0.8596180554270011,5124.176110698425,20,0,26_NP_05
55,15.09090909090909,5121.748781093577,0.8596180554270011,5124.176110698425,20,0,26_NP_05
55,15.272727272727273,5122.099855103791,0.8596180554270011,5124.176110698425,20,0,26_NP_05
55,15.454545454545453,5122.40016953729,0.8596180554270011,5124.176110698425,20,0,26_NP_05
55,15.636363636363637,5122.657058675713,0.8596180554270011,5124.176110698425,20,0,26_NP_05
55,15.818181818181818,5122.876798334299,0.8596180554270011,5124.176110698425,20,0,26_NP_05
55,16.0,5123.064758276741,0.8596180554270011,5124.176110698425,20,0,26_NP_05
55,16.181818181818183,5123.225532774436,0.8596180554270011,5124.176110698425,20,0,26_NP_05
55,16.363636363636363,5123.36305241947,0.8596180554270011,5124.176110698425,20,0,26_NP_05
55,16.545454545454547,5123.480679865021,0.8596180554270011,5124.176110698425,20,0,26_NP_05
55,16.727272727272727,5123.58129179037,0.8596180554270011,5124.176110698425,20,0,26_NP_05
55,16.90909090909091,5123.667349062911,0.8596180554270011,5124.176110698425,20,0,26_NP_05
55,17.09090909090909,5123.740956789773,0.8596180554270011,5124.176110698425,20,0,26_NP_05
55,17.272727272727273,5123.803915710804,0.8596180554270011,5124.176110698425,20,0,26_NP_05
55,17.454545454545453,5123.857766177605,0.8596180554270011,5124.176110698425,20,0,26_NP_05
55,17.636363636363637,5123.903825785399,0.8596180554270011,5124.176110698425,20,0,26_NP_05
55,17.81818181818182,5123.943221571748,0.8596180554270011,5124.176110698425,20,0,26_NP_05
55,18.0,5123.976917565077,0.8596180554270011,5124.176110698425,20,0,26_NP_05
56,0.0,25.0,0.796900698325511,3081.1991446141305,20,0,26_NP_05
56,0.18181818181818182,28.861329525375776,0.796900698325511,3081.1991446141305,20,0,26_NP_05
56,0.36363636363636365,33.31255298089948,0.796900698325511,3081.1991446141305,20,0,26_NP_05
56,0.5454545454545454,38.44163353961618,0.796900698325511,3081.1991446141305,20,0,26_NP_05
56,0.7272727272727273,44.34893949712322,0.796900698325511,3081.1991446141305,20,0,26_NP_05
56,0.9090909090909091,51.148758448233906,0.796900698325511,3081.1991446141305,20,0,26_NP_05
56,1.0909090909090908,58.970916987876855,0.796900698325511,3081.1991446141305,20,0,26_NP_05
56,1.2727272727272727,67.96248396661036,0.796900698325511,3081.1991446141305,20,0,26_NP_05
56,1.4545454545454546,78.28952173224965,0.796900698325511,3081.1991446141305,20,0,26_NP_05
56,1.6363636363636365,90.13883197231,0.796900698325511,3081.1991446141305,20,0,26_NP_05
56,1.8181818181818181,103.71961997218685,0.796900698325511,3081.1991446141305,20,0,26_NP_05
56,2.0,119.26497264186999,0.796900698325511,3081.1991446141305,20,0,26_NP_05
56,2.1818181818181817,137.03301110434336,0.796900698325511,3081.1991446141305,20,0,26_NP_05
56,2.3636363636363638,157.30753803093984,0.796900698325511,3081.1991446141305,20,0,26_NP_05
56,2.5454545454545454,180.39795412808556,0.796900698325511,3081.1991446141305,20,0,26_NP_05
56,2.7272727272727275,206.6381693816028,0.796900698325511,3081.1991446141305,20,0,26_NP_05
56,2.909090909090909,236.38418684340633,0.796900698325511,3081.1991446141305,20,0,26_NP_05
56,3.090909090909091,270.0099963508007,0.796900698325511,3081.1991446141305,20,0,26_NP_05
56,3.272727272727273,307.9013920714524,0.796900698325511,3081.1991446141305,20,0,26_NP_05
56,3.454545454545454,350.44733397561066,0.796900698325511,3081.1991446141305,20,0,26_NP_05
56,3.6363636363636362,398.028525155456,0.796900698325511,3081.1991446141305,20,0,26_NP_05
56,3.8181818181818183,451.00299212783034,0.796900698325511,3081.1991446141305,20,0,26_NP_05
56,4.0,509.6886509015406,0.796900698325511,3081.1991446141305,20,0,26_NP_05
56,4.181818181818182,574.3431295044101,0.796900698325511,3081.1991446141305,20,0,26_NP_05
56,4.363636363636363,645.1414982693326,0.796900698325511,3081.1991446141305,20,0,26_NP_05
56,4.545454545454546,722.1530141373777,0.796900698325511,3081.1991446141305,20,0,26_NP_05
56,4.7272727272727275,805.3184707309099,0.796900698325511,3081.1991446141305,20,0,26_NP_05
56,4.909090909090908,894.4301894145764,0.796900698325511,3081.1991446141305,20,0,26_NP_05
56,5.090909090909091,989.1169904508806,0.796900698325511,3081.1991446141305,20,0,26_NP_05
56,5.2727272727272725,1088.8365390495649,0.796900698325511,3081.1991446141305,20,0,26_NP_05
56,5.454545454545455,1192.8771736954811,0.796900698325511,3081.1991446141305,20,0,26_NP_05
56,5.636363636363637,1300.3706444629001,0.796900698325511,3081.1991446141305,20,0,26_NP_05
56,5.818181818181818,1410.3161441469636,0.796900698325511,3081.1991446141305,20,0,26_NP_05
56,6.0,1521.614724651952,0.796900698325511,3081.1991446141305,20,0,26_NP_05
56,6.181818181818182,1633.1118583383638,0.796900698325511,3081.1991446141305,20,0,26_NP_05
56,6.363636363636363,1743.6447766000001,0.796900698325511,3081.1991446141305,20,0,26_NP_05
56,6.545454545454546,1852.0905266668171,0.796900698325511,3081.1991446141305,20,0,26_NP_05
56,6.7272727272727275,1957.4105818924647,0.796900698325511,3081.1991446141305,20,0,26_NP_05
56,6.909090909090908,2058.6883439089092,0.796900698325511,3081.1991446141305,20,0,26_NP_05
56,7.090909090909091,2155.1568771468696,0.796900698325511,3081.1991446141305,20,0,26_NP_05
56,7.2727272727272725,2246.215507470173,0.796900698325511,3081.1991446141305,20,0,26_NP_05
56,7.454545454545455,2331.4352475911905,0.796900698325511,3081.1991446141305,20,0,26_NP_05
56,7.636363636363637,2410.5541584428497,0.796900698325511,3081.1991446141305,20,0,26_NP_05
56,7.818181818181818,2483.464567155523,0.796900698325511,3081.1991446141305,20,0,26_NP_05
56,8.0,2550.1944809066863,0.796900698325511,3081.1991446141305,20,0,26_NP_05
56,8.181818181818182,2610.8855878921117,0.796900698325511,3081.1991446141305,20,0,26_NP_05
56,8.363636363636363,2665.7700051030606,0.796900698325511,3081.1991446141305,20,0,26_NP_05
56,8.545454545454545,2715.1475247127196,0.796900698325511,3081.1991446141305,20,0,26_NP_05
56,8.727272727272727,2759.364630116133,0.796900698325511,3081.1991446141305,20,0,26_NP_05
56,8.90909090909091,2798.796080976126,0.796900698325511,3081.1991446141305,20,0,26_NP_05
56,9.090909090909092,2833.8294575119667,0.796900698325511,3081.1991446141305,20,0,26_NP_05
56,9.272727272727273,2864.852734081961,0.796900698325511,3081.1991446141305,20,0,26_NP_05
56,9.454545454545455,2892.244725976217,0.796900698325511,3081.1991446141305,20,0,26_NP_05
56,9.636363636363637,2916.36811251807,0.796900698325511,3081.1991446141305,20,0,26_NP_05
56,9.818181818181817,2937.564668214972,0.796900698325511,3081.1991446141305,20,0,26_NP_05
56,10.0,2956.152313890451,0.796900698325511,3081.1991446141305,20,0,26_NP_05
56,10.181818181818182,2972.4236147247766,0.796900698325511,3081.1991446141305,20,0,26_NP_05
56,10.363636363636365,2986.645388005297,0.796900698325511,3081.1991446141305,20,0,26_NP_05
56,10.545454545454545,2999.059129547009,0.796900698325511,3081.1991446141305,20,0,26_NP_05
56,10.727272727272727,3009.882016768285,0.796900698325511,3081.1991446141305,20,0,26_NP_05
56,10.90909090909091,3019.3082935357165,0.796900698325511,3081.1991446141305,20,0,26_NP_05
56,11.09090909090909,3027.510884411734,0.796900698325511,3081.1991446141305,20,0,26_NP_05
56,11.272727272727273,3034.643122594786,0.796900698325511,3081.1991446141305,20,0,26_NP_05
56,11.454545454545455,3040.840506348016,0.796900698325511,3081.1991446141305,20,0,26_NP_05
56,11.636363636363637,3046.2224233705892,0.796900698325511,3081.1991446141305,20,0,26_NP_05
56,11.818181818181818,3050.8938019938023,0.796900698325511,3081.1991446141305,20,0,26_NP_05
56,12.0,3054.946663031379,0.796900698325511,3081.1991446141305,20,0,26_NP_05
56,12.181818181818182,3058.461557345365,0.796900698325511,3081.1991446141305,20,0,26_NP_05
56,12.363636363636363,3061.508882420633,0.796900698325511,3081.1991446141305,20,0,26_NP_05
56,12.545454545454547,3064.1500771035444,0.796900698325511,3081.1991446141305,20,0,26_NP_05
56,12.727272727272727,3066.438697689352,0.796900698325511,3081.1991446141305,20,0,26_NP_05
56,12.909090909090908,3068.4213811802347,0.796900698325511,3081.1991446141305,20,0,26_NP_05
56,13.090909090909092,3070.1387031365994,0.796900698325511,3081.1991446141305,20,0,26_NP_05
56,13.272727272727272,3071.6259383890115,0.796900698325511,3081.1991446141305,20,0,26_NP_05
56,13.454545454545455,3072.9137331841684,0.796900698325511,3081.1991446141305,20,0,26_NP_05
56,13.636363636363637,3074.0286972717336,0.796900698325511,3081.1991446141305,20,0,26_NP_05
56,13.818181818181817,3074.993924124182,0.796900698325511,3081.1991446141305,20,0,26_NP_05
56,14.0,3075.8294470114056,0.796900698325511,3081.1991446141305,20,0,26_NP_05
56,14.181818181818182,3076.5526380925185,0.796900698325511,3081.1991446141305,20,0,26_NP_05
56,14.363636363636363,3077.1785570869865,0.796900698325511,3081.1991446141305,20,0,26_NP_05
56,14.545454545454545,3077.7202554789724,0.796900698325511,3081.1991446141305,20,0,26_NP_05
56,14.727272727272728,3078.1890416149704,0.796900698325511,3081.1991446141305,20,0,26_NP_05
56,14.90909090909091,3078.594711489784,0.796900698325511,3081.1991446141305,20,0,26_NP_05
56,15.09090909090909,3078.9457494882213,0.796900698325511,3081.1991446141305,20,0,26_NP_05
56,15.272727272727273,3079.2495028639905,0.796900698325511,3081.1991446141305,20,0,26_NP_05
56,15.454545454545453,3079.5123332946823,0.796900698325511,3081.1991446141305,20,0,26_NP_05
56,15.636363636363637,3079.739748452172,0.796900698325511,3081.1991446141305,20,0,26_NP_05
56,15.818181818181818,3079.936516169403,0.796900698325511,3081.1991446141305,20,0,26_NP_05
56,16.0,3080.106763465054,0.796900698325511,3081.1991446141305,20,0,26_NP_05
56,16.181818181818183,3080.254062404062,0.796900698325511,3081.1991446141305,20,0,26_NP_05
56,16.363636363636363,3080.381504521293,0.796900698325511,3081.1991446141305,20,0,26_NP_05
56,16.545454545454547,3080.4917653148077,0.796900698325511,3081.1991446141305,20,0,26_NP_05
56,16.727272727272727,3080.587160121008,0.796900698325511,3081.1991446141305,20,0,26_NP_05
56,16.90909090909091,3080.669692513806,0.796900698325511,3081.1991446141305,20,0,26_NP_05
56,17.09090909090909,3080.7410962209415,0.796900698325511,3081.1991446141305,20,0,26_NP_05
56,17.272727272727273,3080.8028714204943,0.796900698325511,3081.1991446141305,20,0,26_NP_05
56,17.454545454545453,3080.8563161670463,0.796900698325511,3081.1991446141305,20,0,26_NP_05
56,17.636363636363637,3080.9025535980445,0.796900698325511,3081.1991446141305,20,0,26_NP_05
56,17.81818181818182,3080.9425554847394,0.796900698325511,3081.1991446141305,20,0,26_NP_05
56,18.0,3080.9771626171764,0.796900698325511,3081.1991446141305,20,0,26_NP_05
57,0.0,25.0,0.8747275865277108,3628.5213458730036,20,0,26_NP_05
57,0.18181818181818182,29.27489113124619,0.8747275865277108,3628.5213458730036,20,0,26_NP_05
57,0.36363636363636365,34.2738174579382,0.8747275865277108,3628.5213458730036,20,0,26_NP_05
57,0.5454545454545454,40.11683698705724,0.8747275865277108,3628.5213458730036,20,0,26_NP_05
57,0.7272727272727273,46.94296782269178,0.8747275865277108,3628.5213458730036,20,0,26_NP_05
57,0.9090909090909091,54.91283313137423,0.8747275865277108,3628.5213458730036,20,0,26_NP_05
57,1.0909090909090908,64.21154435383187,0.8747275865277108,3628.5213458730036,20,0,26_NP_05
57,1.2727272727272727,75.05179137864589,0.8747275865277108,3628.5213458730036,20,0,26_NP_05
57,1.4545454545454546,87.67708110990327,0.8747275865277108,3628.5213458730036,20,0,26_NP_05
57,1.6363636363636365,102.36502852206378,0.8747275865277108,3628.5213458730036,20,0,26_NP_05
57,1.8181818181818181,119.43055462812676,0.8747275865277108,3628.5213458730036,20,0,26_NP_05
57,2.0,139.22878160453695,0.8747275865277108,3628.5213458730036,20,0,26_NP_05
57,2.1818181818181817,162.15733496384405,0.8747275865277108,3628.5213458730036,20,0,26_NP_05
57,2.3636363636363638,188.65766575301137,0.8747275865277108,3628.5213458730036,20,0,26_NP_05
57,2.5454545454545454,219.2148942535475,0.8747275865277108,3628.5213458730036,20,0,26_NP_05
57,2.7272727272727275,254.3555564348615,0.8747275865277108,3628.5213458730036,20,0,26_NP_05
57,2.909090909090909,294.64251716848355,0.8747275865277108,3628.5213458730036,20,0,26_NP_05
57,3.090909090909091,340.66621966963623,0.8747275865277108,3628.5213458730036,20,0,26_NP_05
57,3.272727272727273,393.0313984796788,0.8747275865277108,3628.5213458730036,20,0,26_NP_05
57,3.454545454545454,452.3384340143261,0.8747275865277108,3628.5213458730036,20,0,26_NP_05
57,3.6363636363636362,519.1587198530539,0.8747275865277108,3628.5213458730036,20,0,26_NP_05
57,3.8181818181818183,594.0038021628116,0.8747275865277108,3628.5213458730036,20,0,26_NP_05
57,4.0,677.2886773656193,0.8747275865277108,3628.5213458730036,20,0,26_NP_05
57,4.181818181818182,769.2905142367841,0.8747275865277108,3628.5213458730036,20,0,26_NP_05
57,4.363636363636363,870.105161397462,0.8747275865277108,3628.5213458730036,20,0,26_NP_05
57,4.545454545454546,979.6049936785216,0.8747275865277108,3628.5213458730036,20,0,26_NP_05
57,4.7272727272727275,1097.402732146636,0.8747275865277108,3628.5213458730036,20,0,26_NP_05
57,4.909090909090908,1222.8265539007864,0.8747275865277108,3628.5213458730036,20,0,26_NP_05
57,5.090909090909091,1354.9117712668676,0.8747275865277108,3628.5213458730036,20,0,26_NP_05
57,5.2727272727272725,1492.413350527506,0.8747275865277108,3628.5213458730036,20,0,26_NP_05
57,5.454545454545455,1633.8414790074958,0.8747275865277108,3628.5213458730036,20,0,26_NP_05
57,5.636363636363637,1777.5194682833119,0.8747275865277108,3628.5213458730036,20,0,26_NP_05
57,5.818181818181818,1921.6599860411238,0.8747275865277108,3628.5213458730036,20,0,26_NP_05
57,6.0,2064.452631884618,0.8747275865277108,3628.5213458730036,20,0,26_NP_05
57,6.181818181818182,2204.1539229313303,0.8747275865277108,3628.5213458730036,20,0,26_NP_05
57,6.363636363636363,2339.1703311778247,0.8747275865277108,3628.5213458730036,20,0,26_NP_05
57,6.545454545454546,2468.1262276195703,0.8747275865277108,3628.5213458730036,20,0,26_NP_05
57,6.7272727272727275,2589.9111223690106,0.8747275865277108,3628.5213458730036,20,0,26_NP_05
57,6.909090909090908,2703.703816186986,0.8747275865277108,3628.5213458730036,20,0,26_NP_05
57,7.090909090909091,2808.9742675846846,0.8747275865277108,3628.5213458730036,20,0,26_NP_05
57,7.2727272727272725,2905.4665220320753,0.8747275865277108,3628.5213458730036,20,0,26_NP_05
57,7.454545454545455,2993.1676006661246,0.8747275865277108,3628.5213458730036,20,0,26_NP_05
57,7.636363636363637,3072.2677545370602,0.8747275865277108,3628.5213458730036,20,0,26_NP_05
57,7.818181818181818,3143.1171364297647,0.8747275865277108,3628.5213458730036,20,0,26_NP_05
57,8.0,3206.1830251307447,0.8747275865277108,3628.5213458730036,20,0,26_NP_05
57,8.181818181818182,3262.0105693232645,0.8747275865277108,3628.5213458730036,20,0,26_NP_05
57,8.363636363636363,3311.1888534242125,0.8747275865277108,3628.5213458730036,20,0,26_NP_05
57,8.545454545454545,3354.3230889920555,0.8747275865277108,3628.5213458730036,20,0,26_NP_05
57,8.727272727272727,3392.0129786709485,0.8747275865277108,3628.5213458730036,20,0,26_NP_05
57,8.90909090909091,3424.8367940923613,0.8747275865277108,3628.5213458730036,20,0,26_NP_05
57,9.090909090909092,3453.3404230053043,0.8747275865277108,3628.5213458730036,20,0,26_NP_05
57,9.272727272727273,3478.0305242288423,0.8747275865277108,3628.5213458730036,20,0,26_NP_05
57,9.454545454545455,3499.3709295788526,0.8747275865277108,3628.5213458730036,20,0,26_NP_05
57,9.636363636363637,3517.781504165308,0.8747275865277108,3628.5213458730036,20,0,26_NP_05
57,9.818181818181817,3533.638785188101,0.8747275865277108,3628.5213458730036,20,0,26_NP_05
57,10.0,3547.2778399807025,0.8747275865277108,3628.5213458730036,20,0,26_NP_05
57,10.181818181818182,3558.994901046492,0.8747275865277108,3628.5213458730036,20,0,26_NP_05
57,10.363636363636365,3569.05044062732,0.8747275865277108,3628.5213458730036,20,0,26_NP_05
57,10.545454545454545,3577.6724362014447,0.8747275865277108,3628.5213458730036,20,0,26_NP_05
57,10.727272727272727,3585.05965057928,0.8747275865277108,3628.5213458730036,20,0,26_NP_05
57,10.90909090909091,3591.3848070735703,0.8747275865277108,3628.5213458730036,20,0,26_NP_05
57,11.09090909090909,3596.7975835532293,0.8747275865277108,3628.5213458730036,20,0,26_NP_05
57,11.272727272727273,3601.427381317789,0.8747275865277108,3628.5213458730036,20,0,26_NP_05
57,11.454545454545455,3605.3858478672546,0.8747275865277108,3628.5213458730036,20,0,26_NP_05
57,11.636363636363637,3608.769148773517,0.8747275865277108,3628.5213458730036,20,0,26_NP_05
57,11.818181818181818,3611.65999466613,0.8747275865277108,3628.5213458730036,20,0,26_NP_05
57,12.0,3614.129436198681,0.8747275865277108,3628.5213458730036,20,0,26_NP_05
57,12.181818181818182,3616.238443847493,0.8747275865277108,3628.5213458730036,20,0,26_NP_05
57,12.363636363636363,3618.0392913503256,0.8747275865277108,3628.5213458730036,20,0,26_NP_05
57,12.545454545454547,3619.5767621530454,0.8747275865277108,3628.5213458730036,20,0,26_NP_05
57,12.727272727272727,3620.889197867229,0.8747275865277108,3628.5213458730036,20,0,26_NP_05
57,12.909090909090908,3622.009406793654,0.8747275865277108,3628.5213458730036,20,0,26_NP_05
57,13.090909090909092,3622.965449280052,0.8747275865277108,3628.5213458730036,20,0,26_NP_05
57,13.272727272727272,3623.7813152270496,0.8747275865277108,3628.5213458730036,20,0,26_NP_05
57,13.454545454545455,3624.4775075499406,0.8747275865277108,3628.5213458730036,20,0,26_NP_05
57,13.636363636363637,3625.0715439222163,0.8747275865277108,3628.5213458730036,20,0,26_NP_05
57,13.818181818181817,3625.578387717305,0.8747275865277108,3628.5213458730036,20,0,26_NP_05
57,14.0,3626.0108177553866,0.8747275865277108,3628.5213458730036,20,0,26_NP_05
57,14.181818181818182,3626.379745266066,0.8747275865277108,3628.5213458730036,20,0,26_NP_05
57,14.363636363636363,3626.694485399454,0.8747275865277108,3628.5213458730036,20,0,26_NP_05
57,14.545454545454545,3626.962989655887,0.8747275865277108,3628.5213458730036,20,0,26_NP_05
57,14.727272727272728,3627.192044752529,0.8747275865277108,3628.5213458730036,20,0,26_NP_05
57,14.90909090909091,3627.3874426954862,0.8747275865277108,3628.5213458730036,20,0,26_NP_05
57,15.09090909090909,3627.5541261700446,0.8747275865277108,3628.5213458730036,20,0,26_NP_05
57,15.272727272727273,3627.696312789815,0.8747275865277108,3628.5213458730036,20,0,26_NP_05
57,15.454545454545453,3627.8176012489284,0.8747275865277108,3628.5213458730036,20,0,26_NP_05
57,15.636363636363637,3627.9210619913524,0.8747275865277108,3628.5213458730036,20,0,26_NP_05
57,15.818181818181818,3628.009314639713,0.8747275865277108,3628.5213458730036,20,0,26_NP_05
57,16.0,3628.0845941056364,0.8747275865277108,3628.5213458730036,20,0,26_NP_05
57,16.181818181818183,3628.1488070277424,0.8747275865277108,3628.5213458730036,20,0,26_NP_05
57,16.363636363636363,3628.2035799463174,0.8747275865277108,3628.5213458730036,20,0,26_NP_05
57,16.545454545454547,3628.2503004200985,0.8747275865277108,3628.5213458730036,20,0,26_NP_05
57,16.727272727272727,3628.2901521159642,0.8747275865277108,3628.5213458730036,20,0,26_NP_05
57,16.90909090909091,3628.324144752668,0.8747275865277108,3628.5213458730036,20,0,26_NP_05
57,17.09090909090909,3628.3531396515586,0.8747275865277108,3628.5213458730036,20,0,26_NP_05
57,17.272727272727273,3628.3778715375593,0.8747275865277108,3628.5213458730036,20,0,26_NP_05
57,17.454545454545453,3628.3989671397812,0.8747275865277108,3628.5213458730036,20,0,26_NP_05
57,17.636363636363637,3628.4169610609338,0.8747275865277108,3628.5213458730036,20,0,26_NP_05
57,17.81818181818182,3628.432309316089,0.8747275865277108,3628.5213458730036,20,0,26_NP_05
57,18.0,3628.445400882738,0.8747275865277108,3628.5213458730036,20,0,26_NP_05
58,0.0,25.0,1.4481692801958654,5210.664763555146,26,0,26_NP_05
58,0.18181818181818182,32.48359384113561,1.4481692801958654,5210.664763555146,26,0,26_NP_05
58,0.36363636363636365,42.18912937584109,1.4481692801958654,5210.664763555146,26,0,26_NP_05
58,0.5454545454545454,54.76384248678217,1.4481692801958654,5210.664763555146,26,0,26_NP_05
58,0.7272727272727273,71.03500963405891,1.4481692801958654,5210.664763555146,26,0,26_NP_05
58,0.9090909090909091,92.05427268411742,1.4481692801958654,5210.664763555146,26,0,26_NP_05
58,1.0909090909090908,119.14895148797535,1.4481692801958654,5210.664763555146,26,0,26_NP_05
58,1.2727272727272727,153.97860739719553,1.4481692801958654,5210.664763555146,26,0,26_NP_05
58,1.4545454545454546,198.5925563208625,1.4481692801958654,5210.664763555146,26,0,26_NP_05
58,1.6363636363636365,255.47991704017946,1.4481692801958654,5210.664763555146,26,0,26_NP_05
58,1.8181818181818181,327.59770773772794,1.4481692801958654,5210.664763555146,26,0,26_NP_05
58,2.0,418.3544186061105,1.4481692801958654,5210.664763555146,26,0,26_NP_05
58,2.1818181818181817,531.5173138872013,1.4481692801958654,5210.664763555146,26,0,26_NP_05
58,2.3636363636363638,671.0043175346171,1.4481692801958654,5210.664763555146,26,0,26_NP_05
58,2.5454545454545454,840.5215837094519,1.4481692801958654,5210.664763555146,26,0,26_NP_05
58,2.7272727272727275,1043.024843472908,1.4481692801958654,5210.664763555146,26,0,26_NP_05
58,2.909090909090909,1280.0261438625487,1.4481692801958654,5210.664763555146,26,0,26_NP_05
58,3.090909090909091,1550.8407021548549,1.4481692801958654,5210.664763555146,26,0,26_NP_05
58,3.272727272727273,1851.9557946498644,1.4481692801958654,5210.664763555146,26,0,26_NP_05
58,3.454545454545454,2176.7626181512674,1.4481692801958654,5210.664763555146,26,0,26_NP_05
58,3.6363636363636362,2515.864785065466,1.4481692801958654,5210.664763555146,26,0,26_NP_05
58,3.8181818181818183,2858.0292496544325,1.4481692801958654,5210.664763555146,26,0,26_NP_05
58,4.0,3191.6144467020395,1.4481692801958654,5210.664763555146,26,0,26_NP_05
58,4.181818181818182,3506.1098965606575,1.4481692801958654,5210.664763555146,26,0,26_NP_05
58,4.363636363636363,3793.3718444981296,1.4481692801958654,5210.664763555146,26,0,26_NP_05
58,4.545454545454546,4048.2725645323535,1.4481692801958654,5210.664763555146,26,0,26_NP_05
58,4.7272727272727275,4268.7130442919115,1.4481692801958654,5210.664763555146,26,0,26_NP_05
58,4.909090909090908,4455.15030054673,1.4481692801958654,5210.664763555146,26,0,26_NP_05
58,5.090909090909091,4609.8801550706985,1.4481692801958654,5210.664763555146,26,0,26_NP_05
58,5.2727272727272725,4736.295348678146,1.4481692801958654,5210.664763555146,26,0,26_NP_05
58,5.454545454545455,4838.25950691474,1.4481692801958654,5210.664763555146,26,0,26_NP_05
58,5.636363636363637,4919.653435777715,1.4481692801958654,5210.664763555146,26,0,26_NP_05
58,5.818181818181818,4984.090765770633,1.4481692801958654,5210.664763555146,26,0,26_NP_05
58,6.0,5034.770160202621,1.4481692801958654,5210.664763555146,26,0,26_NP_05
58,6.181818181818182,5074.423606077122,1.4481692801958654,5210.664763555146,26,0,26_NP_05
58,6.363636363636363,5105.324666983193,1.4481692801958654,5210.664763555146,26,0,26_NP_05
58,6.545454545454546,5129.3293512218515,1.4481692801958654,5210.664763555146,26,0,26_NP_05
58,6.7272727272727275,5147.93111389295,1.4481692801958654,5210.664763555146,26,0,26_NP_05
58,6.909090909090908,5162.318671119424,1.4481692801958654,5210.664763555146,26,0,26_NP_05
58,7.090909090909091,5173.430401336255,1.4481692801958654,5210.664763555146,26,0,26_NP_05
58,7.2727272727272725,5182.002422420736,1.4481692801958654,5210.664763555146,26,0,26_NP_05
58,7.454545454545455,5188.609422929865,1.4481692801958654,5210.664763555146,26,0,26_NP_05
58,7.636363636363637,5193.698419956865,1.4481692801958654,5210.664763555146,26,0,26_NP_05
58,7.818181818181818,5197.616146874815,1.4481692801958654,5210.664763555146,26,0,26_NP_05
58,8.0,5200.630972591106,1.4481692801958654,5210.664763555146,26,0,26_NP_05
58,8.181818181818182,5202.950269897421,1.4481692801958654,5210.664763555146,26,0,26_NP_05
58,8.363636363636363,5204.7340761058,1.4481692801958654,5210.664763555146,26,0,26_NP_05
58,8.545454545454545,5206.105777956522,1.4481692801958654,5210.664763555146,26,0,26_NP_05
58,8.727272727272727,5207.160434080004,1.4481692801958654,5210.664763555146,26,0,26_NP_05
58,8.90909090909091,5207.9712368209775,1.4481692801958654,5210.664763555146,26,0,26_NP_05
58,9.090909090909092,5208.594517320676,1.4481692801958654,5210.664763555146,26,0,26_NP_05
58,9.272727272727273,5209.073615144284,1.4481692801958654,5210.664763555146,26,0,26_NP_05
58,9.454545454545455,5209.441865847609,1.4481692801958654,5210.664763555146,26,0,26_NP_05
58,9.636363636363637,5209.724905069653,1.4481692801958654,5210.664763555146,26,0,26_NP_05
58,9.818181818181817,5209.942444051705,1.4481692801958654,5210.664763555146,26,0,26_NP_05
58,10.0,5210.109636979666,1.4481692801958654,5210.664763555146,26,0,26_NP_05
58,10.181818181818182,5210.23813347761,1.4481692801958654,5210.664763555146,26,0,26_NP_05
58,10.363636363636365,5210.336888450567,1.4481692801958654,5210.664763555146,26,0,26_NP_05
58,10.545454545454545,5210.412785042124,1.4481692801958654,5210.664763555146,26,0,26_NP_05
58,10.727272727272727,5210.471113729195,1.4481692801958654,5210.664763555146,26,0,26_NP_05
58,10.90909090909091,5210.515940715198,1.4481692801958654,5210.664763555146,26,0,26_NP_05
58,11.09090909090909,5210.5503911642945,1.4481692801958654,5210.664763555146,26,0,26_NP_05
58,11.272727272727273,5210.576866940805,1.4481692801958654,5210.664763555146,26,0,26_NP_05
58,11.454545454545455,5210.5972139859905,1.4481692801958654,5210.664763555146,26,0,26_NP_05
58,11.636363636363637,5210.612850973499,1.4481692801958654,5210.664763555146,26,0,26_NP_05
58,11.818181818181818,5210.624868196896,1.4481692801958654,5210.664763555146,26,0,26_NP_05
58,12.0,5210.634103574278,1.4481692801958654,5210.664763555146,26,0,26_NP_05
58,12.181818181818182,5210.641201063608,1.4481692801958654,5210.664763555146,26,0,26_NP_05
58,12.363636363636363,5210.646655558446,1.4481692801958654,5210.664763555146,26,0,26_NP_05
58,12.545454545454547,5210.65084739248,1.4481692801958654,5210.664763555146,26,0,26_NP_05
58,12.727272727272727,5210.654068857633,1.4481692801958654,5210.664763555146,26,0,26_NP_05
58,12.909090909090908,5210.656544584063,1.4481692801958654,5210.664763555146,26,0,26_NP_05
58,13.090909090909092,5210.658447202754,1.4481692801958654,5210.664763555146,26,0,26_NP_05
58,13.272727272727272,5210.6599093825525,1.4481692801958654,5210.664763555146,26,0,26_NP_05
58,13.454545454545455,5210.6610330808835,1.4481692801958654,5210.664763555146,26,0,26_NP_05
58,13.636363636363637,5210.6618966530605,1.4481692801958654,5210.664763555146,26,0,26_NP_05
58,13.818181818181817,5210.662560315914,1.4481692801958654,5210.664763555146,26,0,26_NP_05
58,14.0,5210.663070346649,1.4481692801958654,5210.664763555146,26,0,26_NP_05
58,14.181818181818182,5210.66346230973,1.4481692801958654,5210.664763555146,26,0,26_NP_05
58,14.363636363636363,5210.663763536775,1.4481692801958654,5210.664763555146,26,0,26_NP_05
58,14.545454545454545,5210.663995032379,1.4481692801958654,5210.664763555146,26,0,26_NP_05
58,14.727272727272728,5210.664172938758,1.4481692801958654,5210.664763555146,26,0,26_NP_05
58,14.90909090909091,5210.6643096613525,1.4481692801958654,5210.664763555146,26,0,26_NP_05
58,15.09090909090909,5210.6644147338475,1.4481692801958654,5210.664763555146,26,0,26_NP_05
58,15.272727272727273,5210.664495482969,1.4481692801958654,5210.664763555146,26,0,26_NP_05
58,15.454545454545453,5210.664557539366,1.4481692801958654,5210.664763555146,26,0,26_NP_05
58,15.636363636363637,5210.664605230243,1.4481692801958654,5210.664763555146,26,0,26_NP_05
58,15.818181818181818,5210.664641881093,1.4481692801958654,5210.664763555146,26,0,26_NP_05
58,16.0,5210.6646700475885,1.4481692801958654,5210.664763555146,26,0,26_NP_05
58,16.181818181818183,5210.664691693782,1.4481692801958654,5210.664763555146,26,0,26_NP_05
58,16.363636363636363,5210.664708329068,1.4481692801958654,5210.664763555146,26,0,26_NP_05
58,16.545454545454547,5210.66472111343,1.4481692801958654,5210.664763555146,26,0,26_NP_05
58,16.727272727272727,5210.664730938322,1.4481692801958654,5210.664763555146,26,0,26_NP_05
58,16.90909090909091,5210.664738488835,1.4481692801958654,5210.664763555146,26,0,26_NP_05
58,17.09090909090909,5210.66474429147,1.4481692801958654,5210.664763555146,26,0,26_NP_05
58,17.272727272727273,5210.664748750845,1.4481692801958654,5210.664763555146,26,0,26_NP_05
58,17.454545454545453,5210.664752177913,1.4481692801958654,5210.664763555146,26,0,26_NP_05
58,17.636363636363637,5210.664754811645,1.4481692801958654,5210.664763555146,26,0,26_NP_05
58,17.81818181818182,5210.664756835689,1.4481692801958654,5210.664763555146,26,0,26_NP_05
58,18.0,5210.664758391185,1.4481692801958654,5210.664763555146,26,0,26_NP_05
59,0.0,25.000000000000004,0.3970166395250257,14749.003449442775,26,0,26_NP_05
59,0.24242424242424243,27.52104674351261,0.3970166395250257,14749.003449442775,26,0,26_NP_05
59,0.48484848484848486,30.295797462118177,0.3970166395250257,14749.003449442775,26,0,26_NP_05
59,0.7272727272727273,33.349672734216355,0.3970166395250257,14749.003449442775,26,0,26_NP_05
59,0.9696969696969697,36.71061678019581,0.3970166395250257,14749.003449442775,26,0,26_NP_05
59,1.2121212121212122,40.40934303424186,0.3970166395250257,14749.003449442775,26,0,26_NP_05
59,1.4545454545454546,44.47960255797382,0.3970166395250257,14749.003449442775,26,0,26_NP_05
59,1.6969696969696968,48.95847719422971,0.3970166395250257,14749.003449442775,26,0,26_NP_05
59,1.9393939393939394,53.886699466986684,0.3970166395250257,14749.003449442775,26,0,26_NP_05
59,2.1818181818181817,59.309001335014365,0.3970166395250257,14749.003449442775,26,0,26_NP_05
59,2.4242424242424243,65.27449399849704,0.3970166395250257,14749.003449442775,26,0,26_NP_05
59,2.6666666666666665,71.83708103462317,0.3970166395250257,14749.003449442775,26,0,26_NP_05
59,2.909090909090909,79.05590719392268,0.3970166395250257,14749.003449442775,26,0,26_NP_05
59,3.151515151515152,86.99584521640763,0.3970166395250257,14749.003449442775,26,0,26_NP_05
59,3.3939393939393936,95.72802301612487,0.3970166395250257,14749.003449442775,26,0,26_NP_05
59,3.6363636363636367,105.33039352335489,0.3970166395250257,14749.003449442775,26,0,26_NP_05
59,3.878787878787879,115.88834935187349,0.3970166395250257,14749.003449442775,26,0,26_NP_05
59,4.121212121212121,127.49538425820917,0.3970166395250257,14749.003449442775,26,0,26_NP_05
59,4.363636363636363,140.25380306138362,0.3970166395250257,14749.003449442775,26,0,26_NP_05
59,4.6060606060606055,154.27548127237955,0.3970166395250257,14749.003449442775,26,0,26_NP_05
59,4.848484848484849,169.6826751157713,0.3970166395250257,14749.003449442775,26,0,26_NP_05
59,5.090909090909091,186.60888188040298,0.3970166395250257,14749.003449442775,26,0,26_NP_05
59,5.333333333333333,205.199749575787,0.3970166395250257,14749.003449442775,26,0,26_NP_05
59,5.575757575757576,225.61403365499706,0.3970166395250257,14749.003449442775,26,0,26_NP_05
59,5.818181818181818,248.0245970469974,0.3970166395250257,14749.003449442775,26,0,26_NP_05
59,6.0606060606060606,272.6194478701497,0.3970166395250257,14749.003449442775,26,0,26_NP_05
59,6.303030303030304,299.6028069178078,0.3970166395250257,14749.003449442775,26,0,26_NP_05
59,6.545454545454545,329.1961942562729,0.3970166395250257,14749.003449442775,26,0,26_NP_05
59,6.787878787878787,361.63952099223366,0.3970166395250257,14749.003449442775,26,0,26_NP_05
59,7.03030303030303,397.19216838832114,0.3970166395250257,14749.003449442775,26,0,26_NP_05
59,7.272727272727273,436.1340319719789,0.3970166395250257,14749.003449442775,26,0,26_NP_05
59,7.515151515151516,478.7665030429238,0.3970166395250257,14749.003449442775,26,0,26_NP_05
59,7.757575757575758,525.4133540010863,0.3970166395250257,14749.003449442775,26,0,26_NP_05
59,8.0,576.4214871761923,0.3970166395250257,14749.003449442775,26,0,26_NP_05
59,8.242424242424242,632.1614993622732,0.3970166395250257,14749.003449442775,26,0,26_NP_05
59,8.484848484848484,693.0280061132372,0.3970166395250257,14749.003449442775,26,0,26_NP_05
59,8.727272727272727,759.4396611711503,0.3970166395250257,14749.003449442775,26,0,26_NP_05
59,8.96969696969697,831.838797392217,0.3970166395250257,14749.003449442775,26,0,26_NP_05
59,9.212121212121211,910.6906065265398,0.3970166395250257,14749.003449442775,26,0,26_NP_05
59,9.454545454545453,996.4817666440393,0.3970166395250257,14749.003449442775,26,0,26_NP_05
59,9.696969696969697,1089.7184184781436,0.3970166395250257,14749.003449442775,26,0,26_NP_05
59,9.93939393939394,1190.92338624882,0.3970166395250257,14749.003449442775,26,0,26_NP_05
59,10.181818181818182,1300.6325355785104,0.3970166395250257,14749.003449442775,26,0,26_NP_05
59,10.424242424242426,1419.3901620654515,0.3970166395250257,14749.003449442775,26,0,26_NP_05
59,10.666666666666666,1547.7433102357668,0.3970166395250257,14749.003449442775,26,0,26_NP_05
59,10.909090909090908,1686.2349353953805,0.3970166395250257,14749.003449442775,26,0,26_NP_05
59,11.151515151515152,1835.3958418389382,0.3970166395250257,14749.003449442775,26,0,26_NP_05
59,11.393939393939394,1995.7353613826444,0.3970166395250257,14749.003449442775,26,0,26_NP_05
59,11.636363636363637,2167.7307774928568,0.3970166395250257,14749.003449442775,26,0,26_NP_05
59,11.878787878787879,2351.815553182024,0.3970166395250257,14749.003449442775,26,0,26_NP_05
59,12.121212121212121,2548.366485466728,0.3970166395250257,14749.003449442775,26,0,26_NP_05
59,12.363636363636363,2757.6899847098007,0.3970166395250257,14749.003449442775,26,0,26_NP_05
59,12.606060606060607,2980.007761554758,0.3970166395250257,14749.003449442775,26,0,26_NP_05
59,12.848484848484848,3215.4422938954426,0.3970166395250257,14749.003449442775,26,0,26_NP_05
59,13.09090909090909,3464.0025362841725,0.3970166395250257,14749.003449442775,26,0,26_NP_05
59,13.333333333333334,3725.570417638682,0.3970166395250257,14749.003449442775,26,0,26_NP_05
59,13.575757575757574,3999.888741950233,0.3970166395250257,14749.003449442775,26,0,26_NP_05
59,13.81818181818182,4286.551151917333,0.3970166395250257,14749.003449442775,26,0,26_NP_05
59,14.06060606060606,4584.994827911692,0.3970166395250257,14749.003449442775,26,0,26_NP_05
59,14.303030303030301,4894.496566235468,0.3970166395250257,14749.003449442775,26,0,26_NP_05
59,14.545454545454547,5214.172805215717,0.3970166395250257,14749.003449442775,26,0,26_NP_05
59,14.787878787878787,5542.984042686373,0.3970166395250257,14749.003449442775,26,0,26_NP_05
59,15.030303030303031,5879.74391572602,0.3970166395250257,14749.003449442775,26,0,26_NP_05
59,15.272727272727273,6223.1330002616105,0.3970166395250257,14749.003449442775,26,0,26_NP_05
59,15.515151515151516,6571.717146730043,0.3970166395250257,14749.003449442775,26,0,26_NP_05
59,15.757575757575758,6923.969915461566,0.3970166395250257,14749.003449442775,26,0,26_NP_05
59,16.0,7278.298432042926,0.3970166395250257,14749.003449442775,26,0,26_NP_05
59,16.242424242424242,7633.071769913823,0.3970166395250257,14749.003449442775,26,0,26_NP_05
59,16.484848484848484,7986.650804652474,0.3970166395250257,14749.003449442775,26,0,26_NP_05
59,16.727272727272727,8337.418387595722,0.3970166395250257,14749.003449442775,26,0,26_NP_05
59,16.96969696969697,8683.808665243037,0.3970166395250257,14749.003449442775,26,0,26_NP_05
59,17.21212121212121,9024.33442744248,0.3970166395250257,14749.003449442775,26,0,26_NP_05
59,17.454545454545453,9357.611495983962,0.3970166395250257,14749.003449442775,26,0,26_NP_05
59,17.696969696969695,9682.379353265313,0.3970166395250257,14749.003449442775,26,0,26_NP_05
59,17.93939393939394,9997.517440226935,0.3970166395250257,14749.003449442775,26,0,26_NP_05
59,18.18181818181818,10302.056802966568,0.3970166395250257,14749.003449442775,26,0,26_NP_05
59,18.424242424242422,10595.187017249491,0.3970166395250257,14749.003449442775,26,0,26_NP_05
59,18.666666666666668,10876.258550517548,0.3970166395250257,14749.003449442775,26,0,26_NP_05
59,18.909090909090907,11144.780916910073,0.3970166395250257,14749.003449442775,26,0,26_NP_05
59,19.151515151515152,11400.417132218861,0.3970166395250257,14749.003449442775,26,0,26_NP_05
59,19.393939393939394,11642.975077936984,0.3970166395250257,14749.003449442775,26,0,26_NP_05
59,19.636363636363637,11872.396436914172,0.3970166395250257,14749.003449442775,26,0,26_NP_05
59,19.87878787878788,12088.74387193229,0.3970166395250257,14749.003449442775,26,0,26_NP_05
59,20.12121212121212,12292.187089944471,0.3970166395250257,14749.003449442775,26,0,26_NP_05
59,20.363636363636363,12482.988377539541,0.3970166395250257,14749.003449442775,26,0,26_NP_05
59,20.606060606060606,12661.488116582059,0.3970166395250257,14749.003449442775,26,0,26_NP_05
59,20.84848484848485,12828.090701612637,0.3970166395250257,14749.003449442775,26,0,26_NP_05
59,21.09090909090909,12983.25118999518,0.3970166395250257,14749.003449442775,26,0,26_NP_05
59,21.333333333333332,13127.462927975284,0.3970166395250257,14749.003449442775,26,0,26_NP_05
59,21.575757575757578,13261.2463151406,0.3970166395250257,14749.003449442775,26,0,26_NP_05
59,21.818181818181817,13385.138799065093,0.3970166395250257,14749.003449442775,26,0,26_NP_05
59,22.060606060606062,13499.686132625255,0.3970166395250257,14749.003449442775,26,0,26_NP_05
59,22.303030303030305,13605.434878947013,0.3970166395250257,14749.003449442775,26,0,26_NP_05
59,22.545454545454547,13702.926112709616,0.3970166395250257,14749.003449442775,26,0,26_NP_05
59,22.78787878787879,13792.690240574493,0.3970166395250257,14749.003449442775,26,0,26_NP_05
59,23.03030303030303,13875.242846480936,0.3970166395250257,14749.003449442775,26,0,26_NP_05
59,23.272727272727273,13951.081457975846,0.3970166395250257,14749.003449442775,26,0,26_NP_05
59,23.515151515151516,14020.683126143067,0.3970166395250257,14749.003449442775,26,0,26_NP_05
59,23.757575757575758,14084.502712684356,0.3970166395250257,14749.003449442775,26,0,26_NP_05
59,24.0,14142.971782046565,0.3970166395250257,14749.003449442775,26,0,26_NP_05
60,0.0,25.0,1.2132411362206752,4934.294786092535,26,0,26_NP_05
60,0.22222222222222224,32.685067687758725,1.2132411362206752,4934.294786092535,26,0,26_NP_05
60,0.4444444444444445,42.71199247505959,1.2132411362206752,4934.294786092535,26,0,26_NP_05
60,0.6666666666666667,55.77991120077052,1.2132411362206752,4934.294786092535,26,0,26_NP_05
60,0.888888888888889,72.78652332424114,1.2132411362206752,4934.294786092535,26,0,26_NP_05
60,1.1111111111111112,94.87740327977767,1.2132411362206752,4934.294786092535,26,0,26_NP_05
60,1.3333333333333335,123.50259126905672,1.2132411362206752,4934.294786092535,26,0,26_NP_05
60,1.5555555555555556,160.47781358950513,1.2132411362206752,4934.294786092535,26,0,26_NP_05
60,1.777777777777778,208.0442589104966,1.2132411362206752,4934.294786092535,26,0,26_NP_05
60,2.0,268.9154302486168,1.2132411362206752,4934.294786092535,26,0,26_NP_05
60,2.2222222222222223,346.29180423946354,1.2132411362206752,4934.294786092535,26,0,26_NP_05
60,2.444444444444444,443.8141196570783,1.2132411362206752,4934.294786092535,26,0,26_NP_05
60,2.666666666666667,565.4159399967328,1.2132411362206752,4934.294786092535,26,0,26_NP_05
60,2.8888888888888893,715.0304592606631,1.2132411362206752,4934.294786092535,26,0,26_NP_05
60,3.111111111111111,896.1141128499316,1.2132411362206752,4934.294786092535,26,0,26_NP_05
60,3.3333333333333335,1110.9822777075044,1.2132411362206752,4934.294786092535,26,0,26_NP_05
60,3.555555555555556,1360.0194065463108,1.2132411362206752,4934.294786092535,26,0,26_NP_05
60,3.7777777777777777,1640.9215286143376,1.2132411362206752,4934.294786092535,26,0,26_NP_05
60,4.0,1948.218109541559,1.2132411362206752,4934.294786092535,26,0,26_NP_05
60,4.222222222222222,2273.338545448756,1.2132411362206752,4934.294786092535,26,0,26_NP_05
60,4.444444444444445,2605.3762300796666,1.2132411362206752,4934.294786092535,26,0,26_NP_05
60,4.666666666666667,2932.465595552262,1.2132411362206752,4934.294786092535,26,0,26_NP_05
60,4.888888888888888,3243.4300521105483,1.2132411362206752,4934.294786092535,26,0,26_NP_05
60,5.111111111111111,3529.234211061137,1.2132411362206752,4934.294786092535,26,0,26_NP_05
60,5.333333333333334,3783.86434825358,1.2132411362206752,4934.294786092535,26,0,26_NP_05
60,5.555555555555556,4004.5065429913598,1.2132411362206752,4934.294786092535,26,0,26_NP_05
60,5.777777777777779,4191.1426606186305,1.2132411362206752,4934.294786092535,26,0,26_NP_05
60,6.0,4345.820724915276,1.2132411362206752,4934.294786092535,26,0,26_NP_05
60,6.222222222222222,4471.8566626074635,1.2132411362206752,4934.294786092535,26,0,26_NP_05
60,6.444444444444445,4573.142223103166,1.2132411362206752,4934.294786092535,26,0,26_NP_05
60,6.666666666666667,4653.63600067902,1.2132411362206752,4934.294786092535,26,0,26_NP_05
60,6.888888888888889,4717.041590139377,1.2132411362206752,4934.294786092535,26,0,26_NP_05
60,7.111111111111112,4766.638842672158,1.2132411362206752,4934.294786092535,26,0,26_NP_05
60,7.333333333333333,4805.223239915342,1.2132411362206752,4934.294786092535,26,0,26_NP_05
60,7.555555555555555,4835.1125782132885,1.2132411362206752,4934.294786092535,26,0,26_NP_05
60,7.777777777777778,4858.190009468405,1.2132411362206752,4934.294786092535,26,0,26_NP_05
60,8.0,4875.962630549083,1.2132411362206752,4934.294786092535,26,0,26_NP_05
60,8.222222222222223,4889.623004824022,1.2132411362206752,4934.294786092535,26,0,26_NP_05
60,8.444444444444445,4900.106787565156,1.2132411362206752,4934.294786092535,26,0,26_NP_05
60,8.666666666666666,4908.143346099988,1.2132411362206752,4934.294786092535,26,0,26_NP_05
60,8.88888888888889,4914.298463409025,1.2132411362206752,4934.294786092535,26,0,26_NP_05
60,9.11111111111111,4919.009397043862,1.2132411362206752,4934.294786092535,26,0,26_NP_05
60,9.333333333333334,4922.613120026054,1.2132411362206752,4934.294786092535,26,0,26_NP_05
60,9.555555555555555,4925.3687616519155,1.2132411362206752,4934.294786092535,26,0,26_NP_05
60,9.777777777777777,4927.475262905439,1.2132411362206752,4934.294786092535,26,0,26_NP_05
60,10.0,4929.085165239078,1.2132411362206752,4934.294786092535,26,0,26_NP_05
60,10.222222222222221,4930.315320732989,1.2132411362206752,4934.294786092535,26,0,26_NP_05
60,10.444444444444445,4931.25517691553,1.2132411362206752,4934.294786092535,26,0,26_NP_05
60,10.666666666666668,4931.9731656822705,1.2132411362206752,4934.294786092535,26,0,26_NP_05
60,10.88888888888889,4932.5216186718,1.2132411362206752,4934.294786092535,26,0,26_NP_05
60,11.111111111111112,4932.940542266619,1.2132411362206752,4934.294786092535,26,0,26_NP_05
60,11.333333333333332,4933.26051289329,1.2132411362206752,4934.294786092535,26,0,26_NP_05
60,11.555555555555557,4933.50489535326,1.2132411362206752,4934.294786092535,26,0,26_NP_05
60,11.777777777777779,4933.691541149637,1.2132411362206752,4934.294786092535,26,0,26_NP_05
60,12.0,4933.834087935261,1.2132411362206752,4934.294786092535,26,0,26_NP_05
60,12.222222222222223,4933.942953316183,1.2132411362206752,4934.294786092535,26,0,26_NP_05
60,12.444444444444445,4934.02609463994,1.2132411362206752,4934.294786092535,26,0,26_NP_05
60,12.666666666666668,4934.089589720654,1.2132411362206752,4934.294786092535,26,0,26_NP_05
60,12.88888888888889,4934.138080612767,1.2132411362206752,4934.294786092535,26,0,26_NP_05
60,13.11111111111111,4934.175112678561,1.2132411362206752,4934.294786092535,26,0,26_NP_05
60,13.333333333333334,4934.203393624115,1.2132411362206752,4934.294786092535,26,0,26_NP_05
60,13.555555555555555,4934.224991376289,1.2132411362206752,4934.294786092535,26,0,26_NP_05
60,13.777777777777779,4934.241485230208,1.2132411362206752,4934.294786092535,26,0,26_NP_05
60,14.0,4934.254081296623,1.2132411362206752,4934.294786092535,26,0,26_NP_05
60,14.222222222222223,4934.2637006778095,1.2132411362206752,4934.294786092535,26,0,26_NP_05
60,14.444444444444445,4934.271046812142,1.2132411362206752,4934.294786092535,26,0,26_NP_05
60,14.666666666666666,4934.276656907505,1.2132411362206752,4934.294786092535,26,0,26_NP_05
60,14.88888888888889,4934.280941222089,1.2132411362206752,4934.294786092535,26,0,26_NP_05
60,15.11111111111111,4934.284213063574,1.2132411362206752,4934.294786092535,26,0,26_NP_05
60,15.333333333333334,4934.286711699617,1.2132411362206752,4934.294786092535,26,0,26_NP_05
60,15.555555555555555,4934.288619854512,1.2132411362206752,4934.294786092535,26,0,26_NP_05
60,15.777777777777777,4934.2900770712795,1.2132411362206752,4934.294786092535,26,0,26_NP_05
60,16.0,4934.291189916137,1.2132411362206752,4934.294786092535,26,0,26_NP_05
60,16.22222222222222,4934.292039771529,1.2132411362206752,4934.294786092535,26,0,26_NP_05
60,16.444444444444446,4934.292688787529,1.2132411362206752,4934.294786092535,26,0,26_NP_05
60,16.666666666666668,4934.293184426837,1.2132411362206752,4934.294786092535,26,0,26_NP_05
60,16.88888888888889,4934.2935629357025,1.2132411362206752,4934.294786092535,26,0,26_NP_05
60,17.11111111111111,4934.293851994607,1.2132411362206752,4934.294786092535,26,0,26_NP_05
60,17.333333333333332,4934.294072742534,1.2132411362206752,4934.294786092535,26,0,26_NP_05
60,17.555555555555557,4934.2942413228675,1.2132411362206752,4934.294786092535,26,0,26_NP_05
60,17.77777777777778,4934.294370063954,1.2132411362206752,4934.294786092535,26,0,26_NP_05
60,18.0,4934.2944683806845,1.2132411362206752,4934.294786092535,26,0,26_NP_05
60,18.22222222222222,4934.294543463005,1.2132411362206752,4934.294786092535,26,0,26_NP_05
60,18.444444444444443,4934.294600801717,1.2132411362206752,4934.294786092535,26,0,26_NP_05
60,18.666666666666668,4934.294644590026,1.2132411362206752,4934.294786092535,26,0,26_NP_05
60,18.88888888888889,4934.294678030192,1.2132411362206752,4934.294786092535,26,0,26_NP_05
60,19.11111111111111,4934.294703567708,1.2132411362206752,4934.294786092535,26,0,26_NP_05
60,19.333333333333332,4934.294723070146,1.2132411362206752,4934.294786092535,26,0,26_NP_05
60,19.555555555555554,4934.294737963727,1.2132411362206752,4934.294786092535,26,0,26_NP_05
60,19.77777777777778,4934.294749337627,1.2132411362206752,4934.294786092535,26,0,26_NP_05
60,20.0,4934.294758023623,1.2132411362206752,4934.294786092535,26,0,26_NP_05
60,20.22222222222222,4934.294764656926,1.2132411362206752,4934.294786092535,26,0,26_NP_05
60,20.444444444444443,4934.294769722634,1.2132411362206752,4934.294786092535,26,0,26_NP_05
60,20.666666666666668,4934.294773591203,1.2132411362206752,4934.294786092535,26,0,26_NP_05
60,20.88888888888889,4934.294776545544,1.2132411362206752,4934.294786092535,26,0,26_NP_05
60,21.11111111111111,4934.294778801708,1.2132411362206752,4934.294786092535,26,0,26_NP_05
60,21.333333333333336,4934.294780524692,1.2132411362206752,4934.294786092535,26,0,26_NP_05
60,21.555555555555554,4934.294781840496,1.2132411362206752,4934.294786092535,26,0,26_NP_05
60,21.77777777777778,4934.294782845347,1.2132411362206752,4934.294786092535,26,0,26_NP_05
60,22.0,4934.294783612729,1.2132411362206752,4934.294786092535,26,0,26_NP_05
61,0.0,25.0,0.7108363116234674,3433.9832039549465,20,0,26_NP_07
61,0.18181818181818182,28.420618174704845,0.7108363116234674,3433.9832039549465,20,0,26_NP_07
61,0.36363636363636365,32.30482631231191,0.7108363116234674,3433.9832039549465,20,0,26_NP_07
61,0.5454545454545454,36.71416111636254,0.7108363116234674,3433.9832039549465,20,0,26_NP_07
61,0.7272727272727273,41.71795183863191,0.7108363116234674,3433.9832039549465,20,0,26_NP_07
61,0.9090909090909091,47.39419768242928,0.7108363116234674,3433.9832039549465,20,0,26_NP_07
61,1.0909090909090908,53.83051162118986,0.7108363116234674,3433.9832039549465,20,0,26_NP_07
61,1.2727272727272727,61.12512534471898,0.7108363116234674,3433.9832039549465,20,0,26_NP_07
61,1.4545454545454546,69.38794579167926,0.7108363116234674,3433.9832039549465,20,0,26_NP_07
61,1.6363636363636365,78.74164816395704,0.7108363116234674,3433.9832039549465,20,0,26_NP_07
61,1.8181818181818181,89.32278318258984,0.7108363116234674,3433.9832039549465,20,0,26_NP_07
61,2.0,101.28286736025085,0.7108363116234674,3433.9832039549465,20,0,26_NP_07
61,2.1818181818181817,114.78941396570076,0.7108363116234674,3433.9832039549465,20,0,26_NP_07
61,2.3636363636363638,130.02684891918713,0.7108363116234674,3433.9832039549465,20,0,26_NP_07
61,2.5454545454545454,147.19723995914592,0.7108363116234674,3433.9832039549465,20,0,26_NP_07
61,2.7272727272727275,166.52074910570258,0.7108363116234674,3433.9832039549465,20,0,26_NP_07
61,2.909090909090909,188.2356980341067,0.7108363116234674,3433.9832039549465,20,0,26_NP_07
61,3.090909090909091,212.59811418336108,0.7108363116234674,3433.9832039549465,20,0,26_NP_07
61,3.272727272727273,239.88060354504321,0.7108363116234674,3433.9832039549465,20,0,26_NP_07
61,3.454545454545454,270.37037612487325,0.7108363116234674,3433.9832039549465,20,0,26_NP_07
61,3.6363636363636362,304.3662349751909,0.7108363116234674,3433.9832039549465,20,0,26_NP_07
61,3.8181818181818183,342.17433343233466,0.7108363116234674,3433.9832039549465,20,0,26_NP_07
61,4.0,384.1025128044336,0.7108363116234674,3433.9832039549465,20,0,26_NP_07
61,4.181818181818182,430.4530602089016,0.7108363116234674,3433.9832039549465,20,0,26_NP_07
61,4.363636363636363,481.5137800050475,0.7108363116234674,3433.9832039549465,20,0,26_NP_07
61,4.545454545454546,537.5473584102261,0.7108363116234674,3433.9832039549465,20,0,26_NP_07
61,4.7272727272727275,598.7791238882339,0.7108363116234674,3433.9832039549465,20,0,26_NP_07
61,4.909090909090908,665.3834668029766,0.7108363116234674,3433.9832039549465,20,0,26_NP_07
61,5.090909090909091,737.4693761727734,0.7108363116234674,3433.9832039549465,20,0,26_NP_07
61,5.2727272727272725,815.0657670813298,0.7108363116234674,3433.9832039549465,20,0,26_NP_07
61,5.454545454545455,898.1074882742968,0.7108363116234674,3433.9832039549465,20,0,26_NP_07
61,5.636363636363637,986.4230854294118,0.7108363116234674,3433.9832039549465,20,0,26_NP_07
61,5.818181818181818,1079.7255142898005,0.7108363116234674,3433.9832039549465,20,0,26_NP_07
61,6.0,1177.607010052744,0.7108363116234674,3433.9832039549465,20,0,26_NP_07
61,6.181818181818182,1279.5391916113776,0.7108363116234674,3433.9832039549465,20,0,26_NP_07
61,6.363636363636363,1384.8791931415005,0.7108363116234674,3433.9832039549465,20,0,26_NP_07
61,6.545454545454546,1492.8821769658048,0.7108363116234674,3433.9832039549465,20,0,26_NP_07
61,6.7272727272727275,1602.7200262221127,0.7108363116234674,3433.9832039549465,20,0,26_NP_07
61,6.909090909090908,1713.5054083069726,0.7108363116234674,3433.9832039549465,20,0,26_NP_07
61,7.090909090909091,1824.3198256492915,0.7108363116234674,3433.9832039549465,20,0,26_NP_07
61,7.2727272727272725,1934.2438193917424,0.7108363116234674,3433.9832039549465,20,0,26_NP_07
61,7.454545454545455,2042.3872400653281,0.7108363116234674,3433.9832039549465,20,0,26_NP_07
61,7.636363636363637,2147.917491430401,0.7108363116234674,3433.9832039549465,20,0,26_NP_07
61,7.818181818181818,2250.0838907310517,0.7108363116234674,3433.9832039549465,20,0,26_NP_07
61,8.0,2348.2367290369634,0.7108363116234674,3433.9832039549465,20,0,26_NP_07
61,8.181818181818182,2441.840184616695,0.7108363116234674,3433.9832039549465,20,0,26_NP_07
61,8.363636363636363,2530.478850413836,0.7108363116234674,3433.9832039549465,20,0,26_NP_07
61,8.545454545454545,2613.858197559752,0.7108363116234674,3433.9832039549465,20,0,26_NP_07
61,8.727272727272727,2691.7997441300186,0.7108363116234674,3433.9832039549465,20,0,26_NP_07
61,8.90909090909091,2764.2319945021677,0.7108363116234674,3433.9832039549465,20,0,26_NP_07
61,9.090909090909092,2831.1783520869153,0.7108363116234674,3433.9832039549465,20,0,26_NP_07
61,9.272727272727273,2892.7432039223027,0.7108363116234674,3433.9832039549465,20,0,26_NP_07
61,9.454545454545455,2949.097262471253,0.7108363116234674,3433.9832039549465,20,0,26_NP_07
61,9.636363636363637,3000.4630670815272,0.7108363116234674,3433.9832039549465,20,0,26_NP_07
61,9.818181818181817,3047.1013324998994,0.7108363116234674,3433.9832039549465,20,0,26_NP_07
61,10.0,3089.2986153749284,0.7108363116234674,3433.9832039549465,20,0,26_NP_07
61,10.181818181818182,3127.356573552692,0.7108363116234674,3433.9832039549465,20,0,26_NP_07
61,10.363636363636365,3161.5829297635028,0.7108363116234674,3433.9832039549465,20,0,26_NP_07
61,10.545454545454545,3192.2841258997687,0.7108363116234674,3433.9832039549465,20,0,26_NP_07
61,10.727272727272727,3219.759565731663,0.7108363116234674,3433.9832039549465,20,0,26_NP_07
61,10.90909090909091,3244.2972882954514,0.7108363116234674,3433.9832039549465,20,0,26_NP_07
61,11.09090909090909,3266.170885274807,0.7108363116234674,3433.9832039549465,20,0,26_NP_07
61,11.272727272727273,3285.6374670206696,0.7108363116234674,3433.9832039549465,20,0,26_NP_07
61,11.454545454545455,3302.936487406854,0.7108363116234674,3433.9832039549465,20,0,26_NP_07
61,11.636363636363637,3318.289252386425,0.7108363116234674,3433.9832039549465,20,0,26_NP_07
61,11.818181818181818,3331.898956857586,0.7108363116234674,3433.9832039549465,20,0,26_NP_07
61,12.0,3343.9511162751924,0.7108363116234674,3433.9832039549465,20,0,26_NP_07
61,12.181818181818182,3354.614281282098,0.7108363116234674,3433.9832039549465,20,0,26_NP_07
61,12.363636363636363,3364.0409441597667,0.7108363116234674,3433.9832039549465,20,0,26_NP_07
61,12.545454545454547,3372.368564356975,0.7108363116234674,3433.9832039549465,20,0,26_NP_07
61,12.727272727272727,3379.7206564096273,0.7108363116234674,3433.9832039549465,20,0,26_NP_07
61,12.909090909090908,3386.2078971534615,0.7108363116234674,3433.9832039549465,20,0,26_NP_07
61,13.090909090909092,3391.9292203720424,0.7108363116234674,3433.9832039549465,20,0,26_NP_07
61,13.272727272727272,3396.9728761324645,0.7108363116234674,3433.9832039549465,20,0,26_NP_07
61,13.454545454545455,3401.4174393051167,0.7108363116234674,3433.9832039549465,20,0,26_NP_07
61,13.636363636363637,3405.332757417751,0.7108363116234674,3433.9832039549465,20,0,26_NP_07
61,13.818181818181817,3408.7808323227237,0.7108363116234674,3433.9832039549465,20,0,26_NP_07
61,14.0,3411.816633401508,0.7108363116234674,3433.9832039549465,20,0,26_NP_07
61,14.181818181818182,3414.488842404584,0.7108363116234674,3433.9832039549465,20,0,26_NP_07
61,14.363636363636363,3416.8405317094084,0.7108363116234674,3433.9832039549465,20,0,26_NP_07
61,14.545454545454545,3418.9097789261596,0.7108363116234674,3433.9832039549465,20,0,26_NP_07
61,14.727272727272728,3420.7302215153077,0.7108363116234674,3433.9832039549465,20,0,26_NP_07
61,14.90909090909091,3422.331555503721,0.7108363116234674,3433.9832039549465,20,0,26_NP_07
61,15.09090909090909,3423.7399825776083,0.7108363116234674,3433.9832039549465,20,0,26_NP_07
61,15.272727272727273,3424.9786098546315,0.7108363116234674,3433.9832039549465,20,0,26_NP_07
61,15.454545454545453,3426.0678065433663,0.7108363116234674,3433.9832039549465,20,0,26_NP_07
61,15.636363636363637,3427.0255215239113,0.7108363116234674,3433.9832039549465,20,0,26_NP_07
61,15.818181818181818,3427.8675656576825,0.7108363116234674,3433.9832039549465,20,0,26_NP_07
61,16.0,3428.60786237874,0.7108363116234674,3433.9832039549465,20,0,26_NP_07
61,16.181818181818183,3429.2586698492178,0.7108363116234674,3433.9832039549465,20,0,26_NP_07
61,16.363636363636363,3429.8307776889956,0.7108363116234674,3433.9832039549465,20,0,26_NP_07
61,16.545454545454547,3430.333681022594,0.7108363116234674,3433.9832039549465,20,0,26_NP_07
61,16.727272727272727,3430.7757343298094,0.7108363116234674,3433.9832039549465,20,0,26_NP_07
61,16.90909090909091,3431.1642873443366,0.7108363116234674,3433.9832039549465,20,0,26_NP_07
61,17.09090909090909,3431.5058050184766,0.7108363116234674,3433.9832039549465,20,0,26_NP_07
61,17.272727272727273,3431.805973363054,0.7108363116234674,3433.9832039549465,20,0,26_NP_07
61,17.454545454545453,3432.0697927799997,0.7108363116234674,3433.9832039549465,20,0,26_NP_07
61,17.636363636363637,3432.301660330424,0.7108363116234674,3433.9832039549465,20,0,26_NP_07
61,17.81818181818182,3432.505442222702,0.7108363116234674,3433.9832039549465,20,0,26_NP_07
61,18.0,3432.6845376622555,0.7108363116234674,3433.9832039549465,20,0,26_NP_07
62,0.0,25.0,0.46364028297239895,9664.545504551965,20,0,26_NP_07
62,0.22222222222222224,27.705371353062308,0.46364028297239895,9664.545504551965,20,0,26_NP_07
62,0.4444444444444445,30.702571608686767,0.46364028297239895,9664.545504551965,20,0,26_NP_07
62,0.6666666666666667,34.022867845738524,0.46364028297239895,9664.545504551965,20,0,26_NP_07
62,0.888888888888889,37.70082873616598,0.46364028297239895,9664.545504551965,20,0,26_NP_07
62,1.1111111111111112,41.77466213511547,0.46364028297239895,9664.545504551965,20,0,26_NP_07
62,1.3333333333333335,46.2865846621984,0.46364028297239895,9664.545504551965,20,0,26_NP_07
62,1.5555555555555556,51.28322571648786,0.46364028297239895,9664.545504551965,20,0,26_NP_07
62,1.777777777777778,56.81606840940374,0.46364028297239895,9664.545504551965,20,0,26_NP_07
62,2.0,62.94192989883372,0.46364028297239895,9664.545504551965,20,0,26_NP_07
62,2.2222222222222223,69.72348355077278,0.46364028297239895,9664.545504551965,20,0,26_NP_07
62,2.444444444444444,77.22982522446723,0.46364028297239895,9664.545504551965,20,0,26_NP_07
62,2.666666666666667,85.53708575288486,0.46364028297239895,9664.545504551965,20,0,26_NP_07
62,2.8888888888888893,94.72909134741401,0.46364028297239895,9664.545504551965,20,0,26_NP_07
62,3.111111111111111,104.89807316425659,0.46364028297239895,9664.545504551965,20,0,26_NP_07
62,3.3333333333333335,116.14542659473459,0.46364028297239895,9664.545504551965,20,0,26_NP_07
62,3.555555555555556,128.58251994123162,0.46364028297239895,9664.545504551965,20,0,26_NP_07
62,3.7777777777777777,142.33155096659578,0.46364028297239895,9664.545504551965,20,0,26_NP_07
62,4.0,157.52644830227075,0.46364028297239895,9664.545504551965,20,0,26_NP_07
62,4.222222222222222,174.31381280667998,0.46364028297239895,9664.545504551965,20,0,26_NP_07
62,4.444444444444445,192.85389161095313,0.46364028297239895,9664.545504551965,20,0,26_NP_07
62,4.666666666666667,213.32157469831122,0.46364028297239895,9664.545504551965,20,0,26_NP_07
62,4.888888888888888,235.90740035629452,0.46364028297239895,9664.545504551965,20,0,26_NP_07
62,5.111111111111111,260.8185516360393,0.46364028297239895,9664.545504551965,20,0,26_NP_07
62,5.333333333333334,288.27982097154114,0.46364028297239895,9664.545504551965,20,0,26_NP_07
62,5.555555555555556,318.5345142854977,0.46364028297239895,9664.545504551965,20,0,26_NP_07
62,5.777777777777779,351.84525918687075,0.46364028297239895,9664.545504551965,20,0,26_NP_07
62,6.0,388.4946742299512,0.46364028297239895,9664.545504551965,20,0,26_NP_07
62,6.222222222222222,428.7858476838268,0.46364028297239895,9664.545504551965,20,0,26_NP_07
62,6.444444444444445,473.04256495071945,0.46364028297239895,9664.545504551965,20,0,26_NP_07
62,6.666666666666667,521.6092138599487,0.46364028297239895,9664.545504551965,20,0,26_NP_07
62,6.888888888888889,574.8502868607795,0.46364028297239895,9664.545504551965,20,0,26_NP_07
62,7.111111111111112,633.1493891054006,0.46364028297239895,9664.545504551965,20,0,26_NP_07
62,7.333333333333333,696.9076522035706,0.46364028297239895,9664.545504551965,20,0,26_NP_07
62,7.555555555555555,766.5414459138335,0.46364028297239895,9664.545504551965,20,0,26_NP_07
62,7.777777777777778,842.4792753287909,0.46364028297239895,9664.545504551965,20,0,26_NP_07
62,8.0,925.1577505870215,0.46364028297239895,9664.545504551965,20,0,26_NP_07
62,8.222222222222223,1015.0165214204794,0.46364028297239895,9664.545504551965,20,0,26_NP_07
62,8.444444444444445,1112.4920817409145,0.46364028297239895,9664.545504551965,20,0,26_NP_07
62,8.666666666666666,1218.010371903189,0.46364028297239895,9664.545504551965,20,0,26_NP_07
62,8.88888888888889,1331.9781401264097,0.46364028297239895,9664.545504551965,20,0,26_NP_07
62,9.11111111111111,1454.7730713955689,0.46364028297239895,9664.545504551965,20,0,26_NP_07
62,9.333333333333334,1586.7327530158418,0.46364028297239895,9664.545504551965,20,0,26_NP_07
62,9.555555555555555,1728.1426209087276,0.46364028297239895,9664.545504551965,20,0,26_NP_07
62,9.777777777777777,1879.223118424393,0.46364028297239895,9664.545504551965,20,0,26_NP_07
62,10.0,2040.116396836097,0.46364028297239895,9664.545504551965,20,0,26_NP_07
62,10.222222222222221,2210.872988629126,0.46364028297239895,9664.545504551965,20,0,26_NP_07
62,10.444444444444445,2391.4389838036677,0.46364028297239895,9664.545504551965,20,0,26_NP_07
62,10.666666666666668,2581.644326161532,0.46364028297239895,9664.545504551965,20,0,26_NP_07
62,10.88888888888889,2781.1929098020523,0.46364028297239895,9664.545504551965,20,0,26_NP_07
62,11.111111111111112,2989.6551839937374,0.46364028297239895,9664.545504551965,20,0,26_NP_07
62,11.333333333333332,3206.4639561004938,0.46364028297239895,9664.545504551965,20,0,26_NP_07
62,11.555555555555557,3430.914008644716,0.46364028297239895,9664.545504551965,20,0,26_NP_07
62,11.777777777777779,3662.1660135025854,0.46364028297239895,9664.545504551965,20,0,26_NP_07
62,12.0,3899.2550352513144,0.46364028297239895,9664.545504551965,20,0,26_NP_07
62,12.222222222222223,4141.103675527531,0.46364028297239895,9664.545504551965,20,0,26_NP_07
62,12.444444444444445,4386.539636912828,0.46364028297239895,9664.545504551965,20,0,26_NP_07
62,12.666666666666668,4634.317200642795,0.46364028297239895,9664.545504551965,20,0,26_NP_07
62,12.88888888888889,4883.141843728476,0.46364028297239895,9664.545504551965,20,0,26_NP_07
62,13.11111111111111,5131.696995119447,0.46364028297239895,9664.545504551965,20,0,26_NP_07
62,13.333333333333334,5378.67177164067,0.46364028297239895,9664.545504551965,20,0,26_NP_07
62,13.555555555555555,5622.7884603775465,0.46364028297239895,9664.545504551965,20,0,26_NP_07
62,13.777777777777779,5862.8285334240545,0.46364028297239895,9664.545504551965,20,0,26_NP_07
62,14.0,6097.656091239678,0.46364028297239895,9664.545504551965,20,0,26_NP_07
62,14.222222222222223,6326.237819760795,0.46364028297239895,9664.545504551965,20,0,26_NP_07
62,14.444444444444445,6547.658793033573,0.46364028297239895,9664.545504551965,20,0,26_NP_07
62,14.666666666666666,6761.133731507687,0.46364028297239895,9664.545504551965,20,0,26_NP_07
62,14.88888888888889,6966.013608925329,0.46364028297239895,9664.545504551965,20,0,26_NP_07
62,15.11111111111111,7161.787762896079,0.46364028297239895,9664.545504551965,20,0,26_NP_07
62,15.333333333333334,7348.081885834772,0.46364028297239895,9664.545504551965,20,0,26_NP_07
62,15.555555555555555,7524.652440888452,0.46364028297239895,9664.545504551965,20,0,26_NP_07
62,15.777777777777777,7691.378156072216,0.46364028297239895,9664.545504551965,20,0,26_NP_07
62,16.0,7848.249300092084,0.46364028297239895,9664.545504551965,20,0,26_NP_07
62,16.22222222222222,7995.355441616068,0.46364028297239895,9664.545504551965,20,0,26_NP_07
62,16.444444444444446,8132.872349961431,0.46364028297239895,9664.545504551965,20,0,26_NP_07
62,16.666666666666668,8261.048620891863,0.46364028297239895,9664.545504551965,20,0,26_NP_07
62,16.88888888888889,8380.192518147534,0.46364028297239895,9664.545504551965,20,0,26_NP_07
62,17.11111111111111,8490.659420027177,0.46364028297239895,9664.545504551965,20,0,26_NP_07
62,17.333333333333332,8592.840159490968,0.46364028297239895,9664.545504551965,20,0,26_NP_07
62,17.555555555555557,8687.150452330465,0.46364028297239895,9664.545504551965,20,0,26_NP_07
62,17.77777777777778,8774.021525223687,0.46364028297239895,9664.545504551965,20,0,26_NP_07
62,18.0,8853.89198625553,0.46364028297239895,9664.545504551965,20,0,26_NP_07
62,18.22222222222222,8927.20092542917,0.46364028297239895,9664.545504551965,20,0,26_NP_07
62,18.444444444444443,8994.382191327686,0.46364028297239895,9664.545504551965,20,0,26_NP_07
62,18.666666666666668,9055.859761118743,0.46364028297239895,9664.545504551965,20,0,26_NP_07
62,18.88888888888889,9112.04410279292,0.46364028297239895,9664.545504551965,20,0,26_NP_07
62,19.11111111111111,9163.329418974225,0.46364028297239895,9664.545504551965,20,0,26_NP_07
62,19.333333333333332,9210.091658946025,0.46364028297239895,9664.545504551965,20,0,26_NP_07
62,19.555555555555554,9252.687187952155,0.46364028297239895,9664.545504551965,20,0,26_NP_07
62,19.77777777777778,9291.452008839795,0.46364028297239895,9664.545504551965,20,0,26_NP_07
62,20.0,9326.701439439892,0.46364028297239895,9664.545504551965,20,0,26_NP_07
62,20.22222222222222,9358.730158718683,0.46364028297239895,9664.545504551965,20,0,26_NP_07
62,20.444444444444443,9387.812544903236,0.46364028297239895,9664.545504551965,20,0,26_NP_07
62,20.666666666666668,9414.203238914615,0.46364028297239895,9664.545504551965,20,0,26_NP_07
62,20.88888888888889,9438.137876138177,0.46364028297239895,9664.545504551965,20,0,26_NP_07
62,21.11111111111111,9459.833938564969,0.46364028297239895,9664.545504551965,20,0,26_NP_07
62,21.333333333333336,9479.491687504596,0.46364028297239895,9664.545504551965,20,0,26_NP_07
62,21.555555555555554,9497.295144331985,0.46364028297239895,9664.545504551965,20,0,26_NP_07
62,21.77777777777778,9513.413093081763,0.46364028297239895,9664.545504551965,20,0,26_NP_07
62,22.0,9528.0000841776,0.46364028297239895,9664.545504551965,20,0,26_NP_07
63,0.0,25.0,0.6743792218988965,4577.179673373525,20,0,26_NP_07
63,0.18181818181818182,28.241089417814056,0.6743792218988965,4577.179673373525,20,0,26_NP_07
63,0.36363636363636365,31.899420801821815,0.6743792218988965,4577.179673373525,20,0,26_NP_07
63,0.5454545454545454,36.027896626441176,0.6743792218988965,4577.179673373525,20,0,26_NP_07
63,0.7272727272727273,40.68590384822859,0.6743792218988965,4577.179673373525,20,0,26_NP_07
63,0.9090909090909091,45.94004733472087,0.6743792218988965,4577.179673373525,20,0,26_NP_07
63,1.0909090909090908,51.86494915019647,0.6743792218988965,4577.179673373525,20,0,26_NP_07
63,1.2727272727272727,58.54411462074661,0.6743792218988965,4577.179673373525,20,0,26_NP_07
63,1.4545454545454546,66.07086435233138,0.6743792218988965,4577.179673373525,20,0,26_NP_07
63,1.6363636363636365,74.54932898804475,0.6743792218988965,4577.179673373525,20,0,26_NP_07
63,1.8181818181818181,84.09550031091433,0.6743792218988965,4577.179673373525,20,0,26_NP_07
63,2.0,94.83832814958451,0.6743792218988965,4577.179673373525,20,0,26_NP_07
63,2.1818181818181817,106.92084722868877,0.6743792218988965,4577.179673373525,20,0,26_NP_07
63,2.3636363636363638,120.50131141071758,0.6743792218988965,4577.179673373525,20,0,26_NP_07
63,2.5454545454545454,135.75430448392055,0.6743792218988965,4577.179673373525,20,0,26_NP_07
63,2.7272727272727275,152.8717865560857,0.6743792218988965,4577.179673373525,20,0,26_NP_07
63,2.909090909090909,172.06402305164937,0.6743792218988965,4577.179673373525,20,0,26_NP_07
63,3.090909090909091,193.56032919391717,0.6743792218988965,4577.179673373525,20,0,26_NP_07
63,3.272727272727273,217.6095467347481,0.6743792218988965,4577.179673373525,20,0,26_NP_07
63,3.454545454545454,244.4801518292131,0.6743792218988965,4577.179673373525,20,0,26_NP_07
63,3.6363636363636362,274.45987390313513,0.6743792218988965,4577.179673373525,20,0,26_NP_07
63,3.8181818181818183,307.8546861019996,0.6743792218988965,4577.179673373525,20,0,26_NP_07
63,4.0,344.98700995477117,0.6743792218988965,4577.179673373525,20,0,26_NP_07
63,4.181818181818182,386.19296241425945,0.6743792218988965,4577.179673373525,20,0,26_NP_07
63,4.363636363636363,431.8184653924299,0.6743792218988965,4577.179673373525,20,0,26_NP_07
63,4.545454545454546,482.2140400513295,0.6743792218988965,4577.179673373525,20,0,26_NP_07
63,4.7272727272727275,537.728124942916,0.6743792218988965,4577.179673373525,20,0,26_NP_07
63,4.909090909090908,598.6987936323931,0.6743792218988965,4577.179673373525,20,0,26_NP_07
63,5.090909090909091,665.4438087472779,0.6743792218988965,4577.179673373525,20,0,26_NP_07
63,5.2727272727272725,738.2490397895968,0.6743792218988965,4577.179673373525,20,0,26_NP_07
63,5.454545454545455,817.3553940115843,0.6743792218988965,4577.179673373525,20,0,26_NP_07
63,5.636363636363637,902.9445624305292,0.6743792218988965,4577.179673373525,20,0,26_NP_07
63,5.818181818181818,995.1240611170028,0.6743792218988965,4577.179673373525,20,0,26_NP_07
63,6.0,1093.9122395357053,0.6743792218988965,4577.179673373525,20,0,26_NP_07
63,6.181818181818182,1199.2241142681555,0.6743792218988965,4577.179673373525,20,0,26_NP_07
63,6.363636363636363,1310.8590425333377,0.6743792218988965,4577.179673373525,20,0,26_NP_07
63,6.545454545454546,1428.4913454273149,0.6743792218988965,4577.179673373525,20,0,26_NP_07
63,6.7272727272727275,1551.664994748366,0.6743792218988965,4577.179673373525,20,0,26_NP_07
63,6.909090909090908,1679.793363553316,0.6743792218988965,4577.179673373525,20,0,26_NP_07
63,7.090909090909091,1812.1647947744136,0.6743792218988965,4577.179673373525,20,0,26_NP_07
63,7.2727272727272725,1947.9543680125823,0.6743792218988965,4577.179673373525,20,0,26_NP_07
63,7.454545454545455,2086.2417680147205,0.6743792218988965,4577.179673373525,20,0,26_NP_07
63,7.636363636363637,2226.0346276749037,0.6743792218988965,4577.179673373525,20,0,26_NP_07
63,7.818181818181818,2366.29619906939,0.6743792218988965,4577.179673373525,20,0,26_NP_07
63,8.0,2505.9757701644567,0.6743792218988965,4577.179673373525,20,0,26_NP_07
63,8.181818181818182,2644.0399577494595,0.6743792218988965,4577.179673373525,20,0,26_NP_07
63,8.363636363636363,2779.502913890299,0.6743792218988965,4577.179673373525,20,0,26_NP_07
63,8.545454545454545,2911.453598717065,0.6743792218988965,4577.179673373525,20,0,26_NP_07
63,8.727272727272727,3039.078578161905,0.6743792218988965,4577.179673373525,20,0,26_NP_07
63,8.90909090909091,3161.679253544788,0.6743792218988965,4577.179673373525,20,0,26_NP_07
63,9.090909090909092,3278.6829539242767,0.6743792218988965,4577.179673373525,20,0,26_NP_07
63,9.272727272727273,3389.6478498746037,0.6743792218988965,4577.179673373525,20,0,26_NP_07
63,9.454545454545455,3494.262114847911,0.6743792218988965,4577.179673373525,20,0,26_NP_07
63,9.636363636363637,3592.3381214544065,0.6743792218988965,4577.179673373525,20,0,26_NP_07
63,9.818181818181817,3683.802691340421,0.6743792218988965,4577.179673373525,20,0,26_NP_07
63,10.0,3768.6845173848983,0.6743792218988965,4577.179673373525,20,0,26_NP_07
63,10.181818181818182,3847.0998616922643,0.6743792218988965,4577.179673373525,20,0,26_NP_07
63,10.363636363636365,3919.2375292862084,0.6743792218988965,4577.179673373525,20,0,26_NP_07
63,10.545454545454545,3985.343956636472,0.6743792218988965,4577.179673373525,20,0,26_NP_07
63,10.727272727272727,4045.7090659366354,0.6743792218988965,4577.179673373525,20,0,26_NP_07
63,10.90909090909091,4100.653345100638,0.6743792218988965,4577.179673373525,20,0,26_NP_07
63,11.09090909090909,4150.516437675845,0.6743792218988965,4577.179673373525,20,0,26_NP_07
63,11.272727272727273,4195.64737725694,0.6743792218988965,4577.179673373525,20,0,26_NP_07
63,11.454545454545455,4236.396482468089,0.6743792218988965,4577.179673373525,20,0,26_NP_07
63,11.636363636363637,4273.1088414928245,0.6743792218988965,4577.179673373525,20,0,26_NP_07
63,11.818181818181818,4306.11925672995,0.6743792218988965,4577.179673373525,20,0,26_NP_07
63,12.0,4335.74848599121,0.6743792218988965,4577.179673373525,20,0,26_NP_07
63,12.181818181818182,4362.300601647425,0.6743792218988965,4577.179673373525,20,0,26_NP_07
63,12.363636363636363,4386.0612882935675,0.6743792218988965,4577.179673373525,20,0,26_NP_07
63,12.545454545454547,4407.296908408041,0.6743792218988965,4577.179673373525,20,0,26_NP_07
63,12.727272727272727,4426.254180457437,0.6743792218988965,4577.179673373525,20,0,26_NP_07
63,12.909090909090908,4443.160332086246,0.6743792218988965,4577.179673373525,20,0,26_NP_07
63,13.090909090909092,4458.223610329991,0.6743792218988965,4577.179673373525,20,0,26_NP_07
63,13.272727272727272,4471.634049750419,0.6743792218988965,4577.179673373525,20,0,26_NP_07
63,13.454545454545455,4483.564417088327,0.6743792218988965,4577.179673373525,20,0,26_NP_07
63,13.636363636363637,4494.171266940466,0.6743792218988965,4577.179673373525,20,0,26_NP_07
63,13.818181818181817,4503.596056860124,0.6743792218988965,4577.179673373525,20,0,26_NP_07
63,14.0,4511.966282124757,0.6743792218988965,4577.179673373525,20,0,26_NP_07
63,14.181818181818182,4519.396600304948,0.6743792218988965,4577.179673373525,20,0,26_NP_07
63,14.363636363636363,4525.989923878293,0.6743792218988965,4577.179673373525,20,0,26_NP_07
63,14.545454545454545,4531.838465667159,0.6743792218988965,4577.179673373525,20,0,26_NP_07
63,14.727272727272728,4537.024727058706,0.6743792218988965,4577.179673373525,20,0,26_NP_07
63,14.90909090909091,4541.622423000562,0.6743792218988965,4577.179673373525,20,0,26_NP_07
63,15.09090909090909,4545.697340851695,0.6743792218988965,4577.179673373525,20,0,26_NP_07
63,15.272727272727273,4549.308132479455,0.6743792218988965,4577.179673373525,20,0,26_NP_07
63,15.454545454545453,4552.507040681641,0.6743792218988965,4577.179673373525,20,0,26_NP_07
63,15.636363636363637,4555.340562205413,0.6743792218988965,4577.179673373525,20,0,26_NP_07
63,15.818181818181818,4557.850050440125,0.6743792218988965,4577.179673373525,20,0,26_NP_07
63,16.0,4560.0722613672715,0.6743792218988965,4577.179673373525,20,0,26_NP_07
63,16.181818181818183,4562.039846629237,0.6743792218988965,4577.179673373525,20,0,26_NP_07
63,16.363636363636363,4563.781797687314,0.6743792218988965,4577.179673373525,20,0,26_NP_07
63,16.545454545454547,4565.323845023995,0.6743792218988965,4577.179673373525,20,0,26_NP_07
63,16.727272727272727,4566.688816240958,0.6743792218988965,4577.179673373525,20,0,26_NP_07
63,16.90909090909091,4567.89695674016,0.6743792218988965,4577.179673373525,20,0,26_NP_07
63,17.09090909090909,4568.9662164725,0.6743792218988965,4577.179673373525,20,0,26_NP_07
63,17.272727272727273,4569.912506012684,0.6743792218988965,4577.179673373525,20,0,26_NP_07
63,17.454545454545453,4570.749924982387,0.6743792218988965,4577.179673373525,20,0,26_NP_07
63,17.636363636363637,4571.490965605189,0.6743792218988965,4577.179673373525,20,0,26_NP_07
63,17.81818181818182,4572.146693942554,0.6743792218988965,4577.179673373525,20,0,26_NP_07
63,18.0,4572.726911134416,0.6743792218988965,4577.179673373525,20,0,26_NP_07
64,0.0,25.0,0.5628526258986749,10633.117614624509,26,0,26_NP_07
64,0.18181818181818182,27.686899159263678,0.5628526258986749,10633.117614624509,26,0,26_NP_07
64,0.36363636363636365,30.661740719904106,0.5628526258986749,10633.117614624509,26,0,26_NP_07
64,0.5454545454545454,33.95519320230771,0.5628526258986749,10633.117614624509,26,0,26_NP_07
64,0.7272727272727273,37.60114887571212,0.5628526258986749,10633.117614624509,26,0,26_NP_07
64,0.9090909090909091,41.63705295478468,0.5628526258986749,10633.117614624509,26,0,26_NP_07
64,1.0909090909090908,46.10426421424618,0.5628526258986749,10633.117614624509,26,0,26_NP_07
64,1.2727272727272727,51.0484495126077,0.5628526258986749,10633.117614624509,26,0,26_NP_07
64,1.4545454545454546,56.520014790748874,0.5628526258986749,10633.117614624509,26,0,26_NP_07
64,1.6363636363636365,62.574575153046304,0.5628526258986749,10633.117614624509,26,0,26_NP_07
64,1.8181818181818181,69.27346663643215,0.5628526258986749,10633.117614624509,26,0,26_NP_07
64,2.0,76.68430221178465,0.5628526258986749,10633.117614624509,26,0,26_NP_07
64,2.1818181818181817,84.8815744248886,0.5628526258986749,10633.117614624509,26,0,26_NP_07
64,2.3636363636363638,93.94730684956788,0.5628526258986749,10633.117614624509,26,0,26_NP_07
64,2.5454545454545454,103.97175616785336,0.5628526258986749,10633.117614624509,26,0,26_NP_07
64,2.7272727272727275,115.05416618058311,0.5628526258986749,10633.117614624509,26,0,26_NP_07
64,2.909090909090909,127.3035743503783,0.5628526258986749,10633.117614624509,26,0,26_NP_07
64,3.090909090909091,140.83967054495244,0.5628526258986749,10633.117614624509,26,0,26_NP_07
64,3.272727272727273,155.79370643280384,0.5628526258986749,10633.117614624509,26,0,26_NP_07
64,3.454545454545454,172.30945242886472,0.5628526258986749,10633.117614624509,26,0,26_NP_07
64,3.6363636363636362,190.5441971305725,0.5628526258986749,10633.117614624509,26,0,26_NP_07
64,3.8181818181818183,210.6697817538549,0.5628526258986749,10633.117614624509,26,0,26_NP_07
64,4.0,232.87365909614485,0.5628526258986749,10633.117614624509,26,0,26_NP_07
64,4.181818181818182,257.35996293762815,0.5628526258986749,10633.117614624509,26,0,26_NP_07
64,4.363636363636363,284.3505694586235,0.5628526258986749,10633.117614624509,26,0,26_NP_07
64,4.545454545454546,314.08612711925514,0.5628526258986749,10633.117614624509,26,0,26_NP_07
64,4.7272727272727275,346.8270254455973,0.5628526258986749,10633.117614624509,26,0,26_NP_07
64,4.909090909090908,382.85426624087575,0.5628526258986749,10633.117614624509,26,0,26_NP_07
64,5.090909090909091,422.47019286835405,0.5628526258986749,10633.117614624509,26,0,26_NP_07
64,5.2727272727272725,465.9990244580894,0.5628526258986749,10633.117614624509,26,0,26_NP_07
64,5.454545454545455,513.7871322635375,0.5628526258986749,10633.117614624509,26,0,26_NP_07
64,5.636363636363637,566.2029851181513,0.5628526258986749,10633.117614624509,26,0,26_NP_07
64,5.818181818181818,623.6366803193264,0.5628526258986749,10633.117614624509,26,0,26_NP_07
64,6.0,686.498965752955,0.5628526258986749,10633.117614624509,26,0,26_NP_07
64,6.181818181818182,755.2196493095697,0.5628526258986749,10633.117614624509,26,0,26_NP_07
64,6.363636363636363,830.2452834963938,0.5628526258986749,10633.117614624509,26,0,26_NP_07
64,6.545454545454546,912.0360077301901,0.5628526258986749,10633.117614624509,26,0,26_NP_07
64,6.7272727272727275,1001.0614294775186,0.5628526258986749,10633.117614624509,26,0,26_NP_07
64,6.909090909090908,1097.7954298202887,0.5628526258986749,10633.117614624509,26,0,26_NP_07
64,7.090909090909091,1202.7097910072655,0.5628526258986749,10633.117614624509,26,0,26_NP_07
64,7.2727272727272725,1316.2665650742988,0.5628526258986749,10633.117614624509,26,0,26_NP_07
64,7.454545454545455,1438.909135624482,0.5628526258986749,10633.117614624509,26,0,26_NP_07
64,7.636363636363637,1571.0519710625206,0.5628526258986749,10633.117614624509,26,0,26_NP_07
64,7.818181818181818,1713.0691281526517,0.5628526258986749,10633.117614624509,26,0,26_NP_07
64,8.0,1865.2816399995734,0.5628526258986749,10633.117614624509,26,0,26_NP_07
64,8.181818181818182,2027.9440114155855,0.5628526258986749,10633.117614624509,26,0,26_NP_07
64,8.363636363636363,2201.2301443918,0.5628526258986749,10633.117614624509,26,0,26_NP_07
64,8.545454545454545,2385.21912221845,0.5628526258986749,10633.117614624509,26,0,26_NP_07
64,8.727272727272727,2579.881385600849,0.5628526258986749,10633.117614624509,26,0,26_NP_07
64,8.90909090909091,2785.0659285685747,0.5628526258986749,10633.117614624509,26,0,26_NP_07
64,9.090909090909092,3000.489214935963,0.5628526258986749,10633.117614624509,26,0,26_NP_07
64,9.272727272727273,3225.726555435296,0.5628526258986749,10633.117614624509,26,0,26_NP_07
64,9.454545454545455,3460.2066796393756,0.5628526258986749,10633.117614624509,26,0,26_NP_07
64,9.636363636363637,3703.210175667485,0.5628526258986749,10633.117614624509,26,0,26_NP_07
64,9.818181818181817,3953.872348585519,0.5628526258986749,10633.117614624509,26,0,26_NP_07
64,10.0,4211.190865223934,0.5628526258986749,10633.117614624509,26,0,26_NP_07
64,10.181818181818182,4474.038315734586,0.5628526258986749,10633.117614624509,26,0,26_NP_07
64,10.363636363636365,4741.179544995279,0.5628526258986749,10633.117614624509,26,0,26_NP_07
64,10.545454545454545,5011.293311219924,0.5628526258986749,10633.117614624509,26,0,26_NP_07
64,10.727272727272727,5282.997541070679,0.5628526258986749,10633.117614624509,26,0,26_NP_07
64,10.90909090909091,5554.877198354827,0.5628526258986749,10633.117614624509,26,0,26_NP_07
64,11.09090909090909,5825.513593387801,0.5628526258986749,10633.117614624509,26,0,26_NP_07
64,11.272727272727273,6093.513853080473,0.5628526258986749,10633.117614624509,26,0,26_NP_07
64,11.454545454545455,6357.539259770811,0.5628526258986749,10633.117614624509,26,0,26_NP_07
64,11.636363636363637,6616.331251131471,0.5628526258986749,10633.117614624509,26,0,26_NP_07
64,11.818181818181818,6868.734044649474,0.5628526258986749,10633.117614624509,26,0,26_NP_07
64,12.0,7113.713089333067,0.5628526258986749,10633.117614624509,26,0,26_NP_07
64,12.181818181818182,7350.368829130934,0.5628526258986749,10633.117614624509,26,0,26_NP_07
64,12.363636363636363,7577.945558972914,0.5628526258986749,10633.117614624509,26,0,26_NP_07
64,12.545454545454547,7795.835438337649,0.5628526258986749,10633.117614624509,26,0,26_NP_07
64,12.727272727272727,8003.577976102436,0.5628526258986749,10633.117614624509,26,0,26_NP_07
64,12.909090909090908,8200.855497924864,0.5628526258986749,10633.117614624509,26,0,26_NP_07
64,13.090909090909092,8387.485244806709,0.5628526258986749,10633.117614624509,26,0,26_NP_07
64,13.272727272727272,8563.408827303736,0.5628526258986749,10633.117614624509,26,0,26_NP_07
64,13.454545454545455,8728.67977866207,0.5628526258986749,10633.117614624509,26,0,26_NP_07
64,13.636363636363637,8883.449920945814,0.5628526258986749,10633.117614624509,26,0,26_NP_07
64,13.818181818181817,9027.955192412614,0.5628526258986749,10633.117614624509,26,0,26_NP_07
64,14.0,9162.501494154818,0.5628526258986749,10633.117614624509,26,0,26_NP_07
64,14.181818181818182,9287.451010829596,0.5628526258986749,10633.117614624509,26,0,26_NP_07
64,14.363636363636363,9403.209353978336,0.5628526258986749,10633.117614624509,26,0,26_NP_07
64,14.545454545454545,9510.2137746487,0.5628526258986749,10633.117614624509,26,0,26_NP_07
64,14.727272727272728,9608.92260015192,0.5628526258986749,10633.117614624509,26,0,26_NP_07
64,14.90909090909091,9699.805971039263,0.5628526258986749,10633.117614624509,26,0,26_NP_07
64,15.09090909090909,9783.33789017362,0.5628526258986749,10633.117614624509,26,0,26_NP_07
64,15.272727272727273,9859.989546104496,0.5628526258986749,10633.117614624509,26,0,26_NP_07
64,15.454545454545453,9930.22383683424,0.5628526258986749,10633.117614624509,26,0,26_NP_07
64,15.636363636363637,9994.4909958832,0.5628526258986749,10633.117614624509,26,0,26_NP_07
64,15.818181818181818,10053.225208409907,0.5628526258986749,10633.117614624509,26,0,26_NP_07
64,16.0,10106.842099040914,0.5628526258986749,10633.117614624509,26,0,26_NP_07
64,16.181818181818183,10155.736973130046,0.5628526258986749,10633.117614624509,26,0,26_NP_07
64,16.363636363636363,10200.283697712093,0.5628526258986749,10633.117614624509,26,0,26_NP_07
64,16.545454545454547,10240.834116003198,0.5628526258986749,10633.117614624509,26,0,26_NP_07
64,16.727272727272727,10277.71789875311,0.5628526258986749,10633.117614624509,26,0,26_NP_07
64,16.90909090909091,10311.242746150941,0.5628526258986749,10633.117614624509,26,0,26_NP_07
64,17.09090909090909,10341.694864630967,0.5628526258986749,10633.117614624509,26,0,26_NP_07
64,17.272727272727273,10369.339653319945,0.5628526258986749,10633.117614624509,26,0,26_NP_07
64,17.454545454545453,10394.422544674982,0.5628526258986749,10633.117614624509,26,0,26_NP_07
64,17.636363636363637,10417.169952872111,0.5628526258986749,10633.117614624509,26,0,26_NP_07
64,17.81818181818182,10437.790291609856,0.5628526258986749,10633.117614624509,26,0,26_NP_07
64,18.0,10456.475030150374,0.5628526258986749,10633.117614624509,26,0,26_NP_07
65,0.0,25.0,1.383950017539663,4361.705923839362,26,0,26_NP_07
65,0.22222222222222224,33.931999984290876,1.383950017539663,4361.705923839362,26,0,26_NP_07
65,0.4444444444444445,46.02135946438876,1.383950017539663,4361.705923839362,26,0,26_NP_07
65,0.6666666666666667,62.35587989918397,1.383950017539663,4361.705923839362,26,0,26_NP_07
65,0.888888888888889,84.37471966646743,1.383950017539663,4361.705923839362,26,0,26_NP_07
65,1.1111111111111112,113.96266051749465,1.383950017539663,4361.705923839362,26,0,26_NP_07
65,1.3333333333333335,153.55381339053662,1.383950017539663,4361.705923839362,26,0,26_NP_07
65,1.5555555555555556,206.23134007686238,1.383950017539663,4361.705923839362,26,0,26_NP_07
65,1.777777777777778,275.7958306460477,1.383950017539663,4361.705923839362,26,0,26_NP_07
65,2.0,366.75434439258186,1.383950017539663,4361.705923839362,26,0,26_NP_07
65,2.2222222222222223,484.15667768995604,1.383950017539663,4361.705923839362,26,0,26_NP_07
65,2.444444444444444,633.1842864789791,1.383950017539663,4361.705923839362,26,0,26_NP_07
65,2.666666666666667,818.4020625266396,1.383950017539663,4361.705923839362,26,0,26_NP_07
65,2.8888888888888893,1042.648533070494,1.383950017539663,4361.705923839362,26,0,26_NP_07
65,3.111111111111111,1305.6975123692357,1.383950017539663,4361.705923839362,26,0,26_NP_07
65,3.3333333333333335,1603.0578344505711,1.383950017539663,4361.705923839362,26,0,26_NP_07
65,3.555555555555556,1925.4708210197812,1.383950017539663,4361.705923839362,26,0,26_NP_07
65,3.7777777777777777,2259.6141223743193,1.383950017539663,4361.705923839362,26,0,26_NP_07
65,4.0,2590.0952781611127,1.383950017539663,4361.705923839362,26,0,26_NP_07
65,4.222222222222222,2902.1795171044855,1.383950017539663,4361.705923839362,26,0,26_NP_07
65,4.444444444444445,3184.279044102778,1.383950017539663,4361.705923839362,26,0,26_NP_07
65,4.666666666666667,3429.3701745380777,1.383950017539663,4361.705923839362,26,0,26_NP_07
65,4.888888888888888,3635.0853003877387,1.383950017539663,4361.705923839362,26,0,26_NP_07
65,5.111111111111111,3802.8078211199077,1.383950017539663,4361.705923839362,26,0,26_NP_07
65,5.333333333333334,3936.345915251842,1.383950017539663,4361.705923839362,26,0,26_NP_07
65,5.555555555555556,4040.671168387185,1.383950017539663,4361.705923839362,26,0,26_NP_07
65,5.777777777777779,4120.974065861037,1.383950017539663,4361.705923839362,26,0,26_NP_07
65,6.0,4182.083112669443,1.383950017539663,4361.705923839362,26,0,26_NP_07
65,6.222222222222222,4228.182429394145,1.383950017539663,4361.705923839362,26,0,26_NP_07
65,6.444444444444445,4262.730584203259,1.383950017539663,4361.705923839362,26,0,26_NP_07
65,6.666666666666667,4288.494456392296,1.383950017539663,4361.705923839362,26,0,26_NP_07
65,6.888888888888889,4307.6369047100425,1.383950017539663,4361.705923839362,26,0,26_NP_07
65,7.111111111111112,4321.820767632106,1.383950017539663,4361.705923839362,26,0,26_NP_07
65,7.333333333333333,4332.309186501364,1.383950017539663,4361.705923839362,26,0,26_NP_07
65,7.555555555555555,4340.053331580916,1.383950017539663,4361.705923839362,26,0,26_NP_07
65,7.777777777777778,4345.7649003200995,1.383950017539663,4361.705923839362,26,0,26_NP_07
65,8.0,4349.973931463064,1.383950017539663,4361.705923839362,26,0,26_NP_07
65,8.222222222222223,4353.073827202023,1.383950017539663,4361.705923839362,26,0,26_NP_07
65,8.444444444444445,4355.355846012539,1.383950017539663,4361.705923839362,26,0,26_NP_07
65,8.666666666666666,4357.035227655446,1.383950017539663,4361.705923839362,26,0,26_NP_07
65,8.88888888888889,4358.270819731006,1.383950017539663,4361.705923839362,26,0,26_NP_07
65,9.11111111111111,4359.179736178133,1.383950017539663,4361.705923839362,26,0,26_NP_07
65,9.333333333333334,4359.848259043755,1.383950017539663,4361.705923839362,26,0,26_NP_07
65,9.555555555555555,4360.33992142511,1.383950017539663,4361.705923839362,26,0,26_NP_07
65,9.777777777777777,4360.701487027549,1.383950017539663,4361.705923839362,26,0,26_NP_07
65,10.0,4360.96736645812,1.383950017539663,4361.705923839362,26,0,26_NP_07
65,10.222222222222221,4361.162875042722,1.383950017539663,4361.705923839362,26,0,26_NP_07
65,10.444444444444445,4361.306633949001,1.383950017539663,4361.705923839362,26,0,26_NP_07
65,10.666666666666668,4361.412338757701,1.383950017539663,4361.705923839362,26,0,26_NP_07
65,10.88888888888889,4361.490061506698,1.383950017539663,4361.705923839362,26,0,26_NP_07
65,11.111111111111112,4361.5472089395125,1.383950017539663,4361.705923839362,26,0,26_NP_07
65,11.333333333333332,4361.589227555473,1.383950017539663,4361.705923839362,26,0,26_NP_07
65,11.555555555555557,4361.620122267148,1.383950017539663,4361.705923839362,26,0,26_NP_07
65,11.777777777777779,4361.642837888863,1.383950017539663,4361.705923839362,26,0,26_NP_07
65,12.0,4361.659539704898,1.383950017539663,4361.705923839362,26,0,26_NP_07
65,12.222222222222223,4361.671819799843,1.383950017539663,4361.705923839362,26,0,26_NP_07
65,12.444444444444445,4361.68084878605,1.383950017539663,4361.705923839362,26,0,26_NP_07
65,12.666666666666668,4361.687487373686,1.383950017539663,4361.705923839362,26,0,26_NP_07
65,12.88888888888889,4361.692368409372,1.383950017539663,4361.705923839362,26,0,26_NP_07
65,13.11111111111111,4361.695957198737,1.383950017539663,4361.705923839362,26,0,26_NP_07
65,13.333333333333334,4361.698595860554,1.383950017539663,4361.705923839362,26,0,26_NP_07
65,13.555555555555555,4361.700535939183,1.383950017539663,4361.705923839362,26,0,26_NP_07
65,13.777777777777779,4361.701962383457,1.383950017539663,4361.705923839362,26,0,26_NP_07
65,14.0,4361.70301117747,1.383950017539663,4361.705923839362,26,0,26_NP_07
65,14.222222222222223,4361.703782303785,1.383950017539663,4361.705923839362,26,0,26_NP_07
65,14.444444444444445,4361.704349274725,1.383950017539663,4361.705923839362,26,0,26_NP_07
65,14.666666666666666,4361.704766140309,1.383950017539663,4361.705923839362,26,0,26_NP_07
65,14.88888888888889,4361.705072640858,1.383950017539663,4361.705923839362,26,0,26_NP_07
65,15.11111111111111,4361.7052979954715,1.383950017539663,4361.705923839362,26,0,26_NP_07
65,15.333333333333334,4361.705463687508,1.383950017539663,4361.705923839362,26,0,26_NP_07
65,15.555555555555555,4361.705585512616,1.383950017539663,4361.705923839362,26,0,26_NP_07
65,15.777777777777777,4361.705675084554,1.383950017539663,4361.705923839362,26,0,26_NP_07
65,16.0,4361.70574094234,1.383950017539663,4361.705923839362,26,0,26_NP_07
65,16.22222222222222,4361.705789364291,1.383950017539663,4361.705923839362,26,0,26_NP_07
65,16.444444444444446,4361.705824966541,1.383950017539663,4361.705923839362,26,0,26_NP_07
65,16.666666666666668,4361.705851143101,1.383950017539663,4361.705923839362,26,0,26_NP_07
65,16.88888888888889,4361.705870389422,1.383950017539663,4361.705923839362,26,0,26_NP_07
65,17.11111111111111,4361.705884540284,1.383950017539663,4361.705923839362,26,0,26_NP_07
65,17.333333333333332,4361.705894944707,1.383950017539663,4361.705923839362,26,0,26_NP_07
65,17.555555555555557,4361.705902594562,1.383950017539663,4361.705923839362,26,0,26_NP_07
65,17.77777777777778,4361.705908219119,1.383950017539663,4361.705923839362,26,0,26_NP_07
65,18.0,4361.705912354575,1.383950017539663,4361.705923839362,26,0,26_NP_07
65,18.22222222222222,4361.70591539517,1.383950017539663,4361.705923839362,26,0,26_NP_07
65,18.444444444444443,4361.705917630768,1.383950017539663,4361.705923839362,26,0,26_NP_07
65,18.666666666666668,4361.705919274493,1.383950017539663,4361.705923839362,26,0,26_NP_07
65,18.88888888888889,4361.705920483041,1.383950017539663,4361.705923839362,26,0,26_NP_07
65,19.11111111111111,4361.705921371627,1.383950017539663,4361.705923839362,26,0,26_NP_07
65,19.333333333333332,4361.705922024958,1.383950017539663,4361.705923839362,26,0,26_NP_07
65,19.555555555555554,4361.705922505322,1.383950017539663,4361.705923839362,26,0,26_NP_07
65,19.77777777777778,4361.705922858509,1.383950017539663,4361.705923839362,26,0,26_NP_07
65,20.0,4361.705923118189,1.383950017539663,4361.705923839362,26,0,26_NP_07
65,20.22222222222222,4361.7059233091195,1.383950017539663,4361.705923839362,26,0,26_NP_07
65,20.444444444444443,4361.705923449501,1.383950017539663,4361.705923839362,26,0,26_NP_07
65,20.666666666666668,4361.705923552718,1.383950017539663,4361.705923839362,26,0,26_NP_07
65,20.88888888888889,4361.705923628607,1.383950017539663,4361.705923839362,26,0,26_NP_07
65,21.11111111111111,4361.705923684404,1.383950017539663,4361.705923839362,26,0,26_NP_07
65,21.333333333333336,4361.705923725429,1.383950017539663,4361.705923839362,26,0,26_NP_07
65,21.555555555555554,4361.705923755592,1.383950017539663,4361.705923839362,26,0,26_NP_07
65,21.77777777777778,4361.705923777771,1.383950017539663,4361.705923839362,26,0,26_NP_07
65,22.0,4361.7059237940775,1.383950017539663,4361.705923839362,26,0,26_NP_07
66,0.0,25.000000000000004,0.6579307961481564,7083.760632482377,26,0,26_NP_07
66,0.22222222222222224,28.919820812993926,0.6579307961481564,7083.760632482377,26,0,26_NP_07
66,0.4444444444444445,33.451328857732165,0.6579307961481564,7083.760632482377,26,0,26_NP_07
66,0.6666666666666667,38.68899455869207,0.6579307961481564,7083.760632482377,26,0,26_NP_07
66,0.888888888888889,44.74154717447339,0.6579307961481564,7083.760632482377,26,0,26_NP_07
66,1.1111111111111112,51.734015233755706,0.6579307961481564,7083.760632482377,26,0,26_NP_07
66,1.3333333333333335,59.810021050778914,0.6579307961481564,7083.760632482377,26,0,26_NP_07
66,1.5555555555555556,69.13434773230337,0.6579307961481564,7083.760632482377,26,0,26_NP_07
66,1.777777777777778,79.89579330319131,0.6579307961481564,7083.760632482377,26,0,26_NP_07
66,2.0,92.31032026672845,0.6579307961481564,7083.760632482377,26,0,26_NP_07
66,2.2222222222222223,106.62449919869124,0.6579307961481564,7083.760632482377,26,0,26_NP_07
66,2.444444444444444,123.11923075406757,0.6579307961481564,7083.760632482377,26,0,26_NP_07
66,2.666666666666667,142.11371040698853,0.6579307961481564,7083.760632482377,26,0,26_NP_07
66,2.8888888888888893,163.9695727700643,0.6579307961481564,7083.760632482377,26,0,26_NP_07
66,3.111111111111111,189.09511565697383,0.6579307961481564,7083.760632482377,26,0,26_NP_07
66,3.3333333333333335,217.94945623836762,0.6579307961481564,7083.760632482377,26,0,26_NP_07
66,3.555555555555556,251.04641080916255,0.6579307961481564,7083.760632482377,26,0,26_NP_07
66,3.7777777777777777,288.9578142794666,0.6579307961481564,7083.760632482377,26,0,26_NP_07
66,4.0,332.3159047672094,0.6579307961481564,7083.760632482377,26,0,26_NP_07
66,4.222222222222222,381.81429335433796,0.6579307961481564,7083.760632482377,26,0,26_NP_07
66,4.444444444444445,438.20692239195597,0.6579307961481564,7083.760632482377,26,0,26_NP_07
66,4.666666666666667,502.30429466621206,0.6579307961481564,7083.760632482377,26,0,26_NP_07
66,4.888888888888888,574.9661424760701,0.6579307961481564,7083.760632482377,26,0,26_NP_07
66,5.111111111111111,657.0896192542064,0.6579307961481564,7083.760632482377,26,0,26_NP_07
66,5.333333333333334,749.5920639011623,0.6579307961481564,7083.760632482377,26,0,26_NP_07
66,5.555555555555556,853.3874450569392,0.6579307961481564,7083.760632482377,26,0,26_NP_07
66,5.777777777777779,969.3557816035939,0.6579307961481564,7083.760632482377,26,0,26_NP_07
66,6.0,1098.3052017299135,0.6579307961481564,7083.760632482377,26,0,26_NP_07
66,6.222222222222222,1240.9268846647976,0.6579307961481564,7083.760632482377,26,0,26_NP_07
66,6.444444444444445,1397.7439458665522,0.6579307961481564,7083.760632482377,26,0,26_NP_07
66,6.666666666666667,1569.0563600600744,0.6579307961481564,7083.760632482377,26,0,26_NP_07
66,6.888888888888889,1754.8851931452975,0.6579307961481564,7083.760632482377,26,0,26_NP_07
66,7.111111111111112,1954.920589691312,0.6579307961481564,7083.760632482377,26,0,26_NP_07
66,7.333333333333333,2168.478922433673,0.6579307961481564,7083.760632482377,26,0,26_NP_07
66,7.555555555555555,2394.474989130059,0.6579307961481564,7083.760632482377,26,0,26_NP_07
66,7.777777777777778,2631.414875298386,0.6579307961481564,7083.760632482377,26,0,26_NP_07
66,8.0,2877.413898107008,0.6579307961481564,7083.760632482377,26,0,26_NP_07
66,8.222222222222223,3130.2418741108754,0.6579307961481564,7083.760632482377,26,0,26_NP_07
66,8.444444444444445,3387.3949999451706,0.6579307961481564,7083.760632482377,26,0,26_NP_07
66,8.666666666666666,3646.190320544602,0.6579307961481564,7083.760632482377,26,0,26_NP_07
66,8.88888888888889,3903.875671288413,0.6579307961481564,7083.760632482377,26,0,26_NP_07
66,9.11111111111111,4157.745738356151,0.6579307961481564,7083.760632482377,26,0,26_NP_07
66,9.333333333333334,4405.253968966469,0.6579307961481564,7083.760632482377,26,0,26_NP_07
66,9.555555555555555,4644.110683782028,0.6579307961481564,7083.760632482377,26,0,26_NP_07
66,9.777777777777777,4872.359758646251,0.6579307961481564,7083.760632482377,26,0,26_NP_07
66,10.0,5088.429213426261,0.6579307961481564,7083.760632482377,26,0,26_NP_07
66,10.222222222222221,5291.154365537056,0.6579307961481564,7083.760632482377,26,0,26_NP_07
66,10.444444444444445,5479.775268796556,0.6579307961481564,7083.760632482377,26,0,26_NP_07
66,10.666666666666668,5653.912504603505,0.6579307961481564,7083.760632482377,26,0,26_NP_07
66,10.88888888888889,5813.52678743378,0.6579307961481564,7083.760632482377,26,0,26_NP_07
66,11.111111111111112,5958.86828404754,0.6579307961481564,7083.760632482377,26,0,26_NP_07
66,11.333333333333332,6090.42119199949,0.6579307961481564,7083.760632482377,26,0,26_NP_07
66,11.555555555555557,6208.848235045996,0.6579307961481564,7083.760632482377,26,0,26_NP_07
66,11.777777777777779,6314.938580434836,0.6579307961481564,7083.760632482377,26,0,26_NP_07
66,12.0,6409.561493045985,0.6579307961481564,7083.760632482377,26,0,26_NP_07
66,12.222222222222223,6493.626972179219,0.6579307961481564,7083.760632482377,26,0,26_NP_07
66,12.444444444444445,6568.053755120179,0.6579307961481564,7083.760632482377,26,0,26_NP_07
66,12.666666666666668,6633.744444867188,0.6579307961481564,7083.760632482377,26,0,26_NP_07
66,12.88888888888889,6691.56711414016,0.6579307961481564,7083.760632482377,26,0,26_NP_07
66,13.11111111111111,6742.342517856381,0.6579307961481564,7083.760632482377,26,0,26_NP_07
66,13.333333333333334,6786.83596707209,0.6579307961481564,7083.760632482377,26,0,26_NP_07
66,13.555555555555555,6825.752935512188,0.6579307961481564,7083.760632482377,26,0,26_NP_07
66,13.777777777777779,6859.737548146436,0.6579307961481564,7083.760632482377,26,0,26_NP_07
66,14.0,6889.373211048076,0.6579307961481564,7083.760632482377,26,0,26_NP_07
66,14.222222222222223,6915.184762473748,0.6579307961481564,7083.760632482377,26,0,26_NP_07
66,14.444444444444445,6937.641643318814,0.6579307961481564,7083.760632482377,26,0,26_NP_07
66,14.666666666666666,6957.161692971651,0.6579307961481564,7083.760632482377,26,0,26_NP_07
66,14.88888888888889,6974.115270274181,0.6579307961481564,7083.760632482377,26,0,26_NP_07
66,15.11111111111111,6988.829477652399,0.6579307961481564,7083.760632482377,26,0,26_NP_07
66,15.333333333333334,7001.59233003609,0.6579307961481564,7083.760632482377,26,0,26_NP_07
66,15.555555555555555,7012.656760384553,0.6579307961481564,7083.760632482377,26,0,26_NP_07
66,15.777777777777777,7022.244392325246,0.6579307961481564,7083.760632482377,26,0,26_NP_07
66,16.0,7030.549039527572,0.6579307961481564,7083.760632482377,26,0,26_NP_07
66,16.22222222222222,7037.739912800744,0.6579307961481564,7083.760632482377,26,0,26_NP_07
66,16.444444444444446,7043.9645311456325,0.6579307961481564,7083.760632482377,26,0,26_NP_07
66,16.666666666666668,7049.3513434883835,0.6579307961481564,7083.760632482377,26,0,26_NP_07
66,16.88888888888889,7054.012074720417,0.6579307961481564,7083.760632482377,26,0,26_NP_07
66,17.11111111111111,7058.043813884924,0.6579307961481564,7083.760632482377,26,0,26_NP_07
66,17.333333333333332,7061.530864610094,0.6579307961481564,7083.760632482377,26,0,26_NP_07
66,17.555555555555557,7064.54637875689,0.6579307961481564,7083.760632482377,26,0,26_NP_07
66,17.77777777777778,7067.153794153229,0.6579307961481564,7083.760632482377,26,0,26_NP_07
66,18.0,7069.408096548989,0.6579307961481564,7083.760632482377,26,0,26_NP_07
66,18.22222222222222,7071.356924785274,0.6579307961481564,7083.760632482377,26,0,26_NP_07
66,18.444444444444443,7073.041536799299,0.6579307961481564,7083.760632482377,26,0,26_NP_07
66,18.666666666666668,7074.49765260601,0.6579307961481564,7083.760632482377,26,0,26_NP_07
66,18.88888888888889,7075.756188894153,0.6579307961481564,7083.760632482377,26,0,26_NP_07
66,19.11111111111111,7076.843898405396,0.6579307961481564,7083.760632482377,26,0,26_NP_07
66,19.333333333333332,7077.783925866786,0.6579307961481564,7083.760632482377,26,0,26_NP_07
66,19.555555555555554,7078.5962909413165,0.6579307961481564,7083.760632482377,26,0,26_NP_07
66,19.77777777777778,7079.298307459901,0.6579307961481564,7083.760632482377,26,0,26_NP_07
66,20.0,7079.904947104728,0.6579307961481564,7083.760632482377,26,0,26_NP_07
66,20.22222222222222,7080.429154727546,0.6579307961481564,7083.760632482377,26,0,26_NP_07
66,20.444444444444443,7080.882121603063,0.6579307961481564,7083.760632482377,26,0,26_NP_07
66,20.666666666666668,7081.273522130817,0.6579307961481564,7083.760632482377,26,0,26_NP_07
66,20.88888888888889,7081.611718801453,0.6579307961481564,7083.760632482377,26,0,26_NP_07
66,21.11111111111111,7081.903939627638,0.6579307961481564,7083.760632482377,26,0,26_NP_07
66,21.333333333333336,7082.156431697895,0.6579307961481564,7083.760632482377,26,0,26_NP_07
66,21.555555555555554,7082.374594036083,0.6579307961481564,7083.760632482377,26,0,26_NP_07
66,21.77777777777778,7082.563092532725,0.6579307961481564,7083.760632482377,26,0,26_NP_07
66,22.0,7082.7259593504905,0.6579307961481564,7083.760632482377,26,0,26_NP_07
67,0.0,25.0,1.0650649917807011,2376.634252144024,20,0,26_NP_08
67,0.18181818181818182,30.273687146756643,1.0650649917807011,2376.634252144024,20,0,26_NP_08
67,0.36363636363636365,36.64251112385198,1.0650649917807011,2376.634252144024,20,0,26_NP_08
67,0.5454545454545454,44.32586445410065,1.0650649917807011,2376.634252144024,20,0,26_NP_08
67,0.7272727272727273,53.583403085552376,1.0650649917807011,2376.634252144024,20,0,26_NP_08
67,0.9090909090909091,64.72074307853205,1.0650649917807011,2376.634252144024,20,0,26_NP_08
67,1.0909090909090908,78.09516412455417,1.0650649917807011,2376.634252144024,20,0,26_NP_08
67,1.2727272727272727,94.12086668241096,1.0650649917807011,2376.634252144024,20,0,26_NP_08
67,1.4545454545454546,113.27309799228368,1.0650649917807011,2376.634252144024,20,0,26_NP_08
67,1.6363636363636365,136.09016798844988,1.0650649917807011,2376.634252144024,20,0,26_NP_08
67,1.8181818181818181,163.17202668487715,1.0650649917807011,2376.634252144024,20,0,26_NP_08
67,2.0,195.17369905854673,1.0650649917807011,2376.634252144024,20,0,26_NP_08
67,2.1818181818181817,232.79153569594797,1.0650649917807011,2376.634252144024,20,0,26_NP_08
67,2.3636363636363638,276.7400504367895,1.0650649917807011,2376.634252144024,20,0,26_NP_08
67,2.5454545454545454,327.71725126764386,1.0650649917807011,2376.634252144024,20,0,26_NP_08
67,2.7272727272727275,386.35705048548164,1.0650649917807011,2376.634252144024,20,0,26_NP_08
67,2.909090909090909,453.16879862604134,1.0650649917807011,2376.634252144024,20,0,26_NP_08
67,3.090909090909091,528.4663788420891,1.0650649917807011,2376.634252144024,20,0,26_NP_08
67,3.272727272727273,612.2925564295076,1.0650649917807011,2376.634252144024,20,0,26_NP_08
67,3.454545454545454,704.3479451641596,1.0650649917807011,2376.634252144024,20,0,26_NP_08
67,3.6363636363636362,803.9370802409774,1.0650649917807011,2376.634252144024,20,0,26_NP_08
67,3.8181818181818183,909.9453324207371,1.0650649917807011,2376.634252144024,20,0,26_NP_08
67,4.0,1020.8584193214791,1.0650649917807011,2376.634252144024,20,0,26_NP_08
67,4.181818181818182,1134.8304059192376,1.0650649917807011,2376.634252144024,20,0,26_NP_08
67,4.363636363636363,1249.797023241357,1.0650649917807011,2376.634252144024,20,0,26_NP_08
67,4.545454545454546,1363.6211085507289,1.0650649917807011,2376.634252144024,20,0,26_NP_08
67,4.7272727272727275,1474.2491525429966,1.0650649917807011,2376.634252144024,20,0,26_NP_08
67,4.909090909090908,1579.8551160060329,1.0650649917807011,2376.634252144024,20,0,26_NP_08
67,5.090909090909091,1678.9509091693867,1.0650649917807011,2376.634252144024,20,0,26_NP_08
67,5.2727272727272725,1770.4510016413083,1.0650649917807011,2376.634252144024,20,0,26_NP_08
67,5.454545454545455,1853.6886876582555,1.0650649917807011,2376.634252144024,20,0,26_NP_08
67,5.636363636363637,1928.3904275950663,1.0650649917807011,2376.634252144024,20,0,26_NP_08
67,5.818181818181818,1994.6202839133118,1.0650649917807011,2376.634252144024,20,0,26_NP_08
67,6.0,2052.708190440787,1.0650649917807011,2376.634252144024,20,0,26_NP_08
67,6.181818181818182,2103.174371147501,1.0650649917807011,2376.634252144024,20,0,26_NP_08
67,6.363636363636363,2146.6590185036807,1.0650649917807011,2376.634252144024,20,0,26_NP_08
67,6.545454545454546,2183.862678074043,1.0650649917807011,2376.634252144024,20,0,26_NP_08
67,6.7272727272727275,2215.4995788247634,1.0650649917807011,2376.634252144024,20,0,26_NP_08
67,6.909090909090908,2242.2638227651823,1.0650649917807011,2376.634252144024,20,0,26_NP_08
67,7.090909090909091,2264.8069499194794,1.0650649917807011,2376.634252144024,20,0,26_NP_08
67,7.2727272727272725,2283.724760609892,1.0650649917807011,2376.634252144024,20,0,26_NP_08
67,7.454545454545455,2299.5511711864624,1.0650649917807011,2376.634252144024,20,0,26_NP_08
67,7.636363636363637,2312.7570817254255,1.0650649917807011,2376.634252144024,20,0,26_NP_08
67,7.818181818181818,2323.752577627859,1.0650649917807011,2376.634252144024,20,0,26_NP_08
67,8.0,2332.891162368467,1.0650649917807011,2376.634252144024,20,0,26_NP_08
67,8.181818181818182,2340.475064872602,1.0650649917807011,2376.634252144024,20,0,26_NP_08
67,8.363636363636363,2346.7609549343797,1.0650649917807011,2376.634252144024,20,0,26_NP_08
67,8.545454545454545,2351.965627311834,1.0650649917807011,2376.634252144024,20,0,26_NP_08
67,8.727272727272727,2356.271384306971,1.0650649917807011,2376.634252144024,20,0,26_NP_08
67,8.90909090909091,2359.8309671522484,1.0650649917807011,2376.634252144024,20,0,26_NP_08
67,9.090909090909092,2362.771968813629,1.0650649917807011,2376.634252144024,20,0,26_NP_08
67,9.272727272727273,2365.2007144834233,1.0650649917807011,2376.634252144024,20,0,26_NP_08
67,9.454545454545455,2367.2056290821606,1.0650649917807011,2376.634252144024,20,0,26_NP_08
67,9.636363636363637,2368.8601297961004,1.0650649917807011,2376.634252144024,20,0,26_NP_08
67,9.818181818181817,2370.2250907529087,1.0650649917807011,2376.634252144024,20,0,26_NP_08
67,10.0,2371.3509297901933,1.0650649917807011,2376.634252144024,20,0,26_NP_08
67,10.181818181818182,2372.279366293835,1.0650649917807011,2376.634252144024,20,0,26_NP_08
67,10.363636363636365,2373.0448959104597,1.0650649917807011,2376.634252144024,20,0,26_NP_08
67,10.545454545454545,2373.6760236555688,1.0650649917807011,2376.634252144024,20,0,26_NP_08
67,10.727272727272727,2374.196292241999,1.0650649917807011,2376.634252144024,20,0,26_NP_08
67,10.90909090909091,2374.6251377703234,1.0650649917807011,2376.634252144024,20,0,26_NP_08
67,11.09090909090909,2374.978600500935,1.0650649917807011,2376.634252144024,20,0,26_NP_08
67,11.272727272727273,2375.269914395319,1.0650649917807011,2376.634252144024,20,0,26_NP_08
67,11.454545454545455,2375.5099955240544,1.0650649917807011,2376.634252144024,20,0,26_NP_08
67,11.636363636363637,2375.7078462974305,1.0650649917807011,2376.634252144024,20,0,26_NP_08
67,11.818181818181818,2375.8708897601487,1.0650649917807011,2376.634252144024,20,0,26_NP_08
67,12.0,2376.0052458689197,1.0650649917807011,2376.634252144024,20,0,26_NP_08
67,12.181818181818182,2376.115959699233,1.0650649917807011,2376.634252144024,20,0,26_NP_08
67,12.363636363636363,2376.2071898621484,1.0650649917807011,2376.634252144024,20,0,26_NP_08
67,12.545454545454547,2376.2823640124157,1.0650649917807011,2376.634252144024,20,0,26_NP_08
67,12.727272727272727,2376.344307157385,1.0650649917807011,2376.634252144024,20,0,26_NP_08
67,12.909090909090908,2376.3953474980026,1.0650649917807011,2376.634252144024,20,0,26_NP_08
67,13.090909090909092,2376.437403718559,1.0650649917807011,2376.634252144024,20,0,26_NP_08
67,13.272727272727272,2376.4720569647625,1.0650649917807011,2376.634252144024,20,0,26_NP_08
67,13.454545454545455,2376.500610187872,1.0650649917807011,2376.634252144024,20,0,26_NP_08
67,13.636363636363637,2376.524137066938,1.0650649917807011,2376.634252144024,20,0,26_NP_08
67,13.818181818181817,2376.54352233567,1.0650649917807011,2376.634252144024,20,0,26_NP_08
67,14.0,2376.5594950215595,1.0650649917807011,2376.634252144024,20,0,26_NP_08
67,14.181818181818182,2376.5726558412425,1.0650649917807011,2376.634252144024,20,0,26_NP_08
67,14.363636363636363,2376.583499778331,1.0650649917807011,2376.634252144024,20,0,26_NP_08
67,14.545454545454545,2376.5924346900856,1.0650649917807011,2376.634252144024,20,0,26_NP_08
67,14.727272727272728,2376.599796640865,1.0650649917807011,2376.634252144024,20,0,26_NP_08
67,14.90909090909091,2376.605862537802,1.0650649917807011,2376.634252144024,20,0,26_NP_08
67,15.09090909090909,2376.610860543107,1.0650649917807011,2376.634252144024,20,0,26_NP_08
67,15.272727272727273,2376.6149786540504,1.0650649917807011,2376.634252144024,20,0,26_NP_08
67,15.454545454545453,2376.618371772955,1.0650649917807011,2376.634252144024,20,0,26_NP_08
67,15.636363636363637,2376.6211675328695,1.0650649917807011,2376.634252144024,20,0,26_NP_08
67,15.818181818181818,2376.6234710978592,1.0650649917807011,2376.634252144024,20,0,26_NP_08
67,16.0,2376.625369118369,1.0650649917807011,2376.634252144024,20,0,26_NP_08
67,16.181818181818183,2376.6269329903457,1.0650649917807011,2376.634252144024,20,0,26_NP_08
67,16.363636363636363,2376.628221540664,1.0650649917807011,2376.634252144024,20,0,26_NP_08
67,16.545454545454547,2376.6292832398294,1.0650649917807011,2376.634252144024,20,0,26_NP_08
67,16.727272727272727,2376.630158025164,1.0650649917807011,2376.634252144024,20,0,26_NP_08
67,16.90909090909091,2376.6308788030424,1.0650649917807011,2376.634252144024,20,0,26_NP_08
67,17.09090909090909,2376.6314726866703,1.0650649917807011,2376.634252144024,20,0,26_NP_08
67,17.272727272727273,2376.631962015963,1.0650649917807011,2376.634252144024,20,0,26_NP_08
67,17.454545454545453,2376.632365197877,1.0650649917807011,2376.634252144024,20,0,26_NP_08
67,17.636363636363637,2376.6326973988043,1.0650649917807011,2376.634252144024,20,0,26_NP_08
67,17.81818181818182,2376.632971115075,1.0650649917807011,2376.634252144024,20,0,26_NP_08
67,18.0,2376.6331966430234,1.0650649917807011,2376.634252144024,20,0,26_NP_08
68,0.0,25.0,0.8265682017990562,1396.8348265748214,20,0,26_NP_08
68,0.18181818181818182,28.970057043622653,0.8265682017990562,1396.8348265748214,20,0,26_NP_08
68,0.36363636363636365,33.55514726574512,0.8265682017990562,1396.8348265748214,20,0,26_NP_08
68,0.5454545454545454,38.84531131999489,0.8265682017990562,1396.8348265748214,20,0,26_NP_08
68,0.7272727272727273,44.94200594369251,0.8265682017990562,1396.8348265748214,20,0,26_NP_08
68,0.9090909090909091,51.958953480802656,0.8265682017990562,1396.8348265748214,20,0,26_NP_08
68,1.0909090909090908,60.02283802553723,0.8265682017990562,1396.8348265748214,20,0,26_NP_08
68,1.2727272727272727,69.27375131943185,0.8265682017990562,1396.8348265748214,20,0,26_NP_08
68,1.4545454545454546,79.8652646703798,0.8265682017990562,1396.8348265748214,20,0,26_NP_08
68,1.6363636363636365,91.96397390851142,0.8265682017990562,1396.8348265748214,20,0,26_NP_08
68,1.8181818181818181,105.74833499027055,0.8265682017990562,1396.8348265748214,20,0,26_NP_08
68,2.0,121.40658209966317,0.8265682017990562,1396.8348265748214,20,0,26_NP_08
68,2.1818181818181817,139.13350372950686,0.8265682017990562,1396.8348265748214,20,0,26_NP_08
68,2.3636363636363638,159.12585324167912,0.8265682017990562,1396.8348265748214,20,0,26_NP_08
68,2.5454545454545454,181.5761989278,0.8265682017990562,1396.8348265748214,20,0,26_NP_08
68,2.7272727272727275,206.66508613001932,0.8265682017990562,1396.8348265748214,20,0,26_NP_08
68,2.909090909090909,234.55150167634798,0.8265682017990562,1396.8348265748214,20,0,26_NP_08
68,3.090909090909091,265.36180647276234,0.8265682017990562,1396.8348265748214,20,0,26_NP_08
68,3.272727272727273,299.1775355734269,0.8265682017990562,1396.8348265748214,20,0,26_NP_08
68,3.454545454545454,336.02274356560156,0.8265682017990562,1396.8348265748214,20,0,26_NP_08
68,3.6363636363636362,375.8518663655721,0.8265682017990562,1396.8348265748214,20,0,26_NP_08
68,3.8181818181818183,418.53932892922774,0.8265682017990562,1396.8348265748214,20,0,26_NP_08
68,4.0,463.87228654964946,0.8265682017990562,1396.8348265748214,20,0,26_NP_08
68,4.181818181818182,511.5478752160248,0.8265682017990562,1396.8348265748214,20,0,26_NP_08
68,4.363636363636363,561.1761077048556,0.8265682017990562,1396.8348265748214,20,0,26_NP_08
68,4.545454545454546,612.2890669992039,0.8265682017990562,1396.8348265748214,20,0,26_NP_08
68,4.7272727272727275,664.3563534686501,0.8265682017990562,1396.8348265748214,20,0,26_NP_08
68,4.909090909090908,716.8059354240535,0.8265682017990562,1396.8348265748214,20,0,26_NP_08
68,5.090909090909091,769.0487810879323,0.8265682017990562,1396.8348265748214,20,0,26_NP_08
68,5.2727272727272725,820.5050748362378,0.8265682017990562,1396.8348265748214,20,0,26_NP_08
68,5.454545454545455,870.6295717191365,0.8265682017990562,1396.8348265748214,20,0,26_NP_08
68,5.636363636363637,918.9337801788655,0.8265682017990562,1396.8348265748214,20,0,26_NP_08
68,5.818181818181818,965.0031514895901,0.8265682017990562,1396.8348265748214,20,0,26_NP_08
68,6.0,1008.5081836625562,0.8265682017990562,1396.8348265748214,20,0,26_NP_08
68,6.181818181818182,1049.2091606959352,0.8265682017990562,1396.8348265748214,20,0,26_NP_08
68,6.363636363636363,1086.9549895849498,0.8265682017990562,1396.8348265748214,20,0,26_NP_08
68,6.545454545454546,1121.677152067143,0.8265682017990562,1396.8348265748214,20,0,26_NP_08
68,6.7272727272727275,1153.3801007105083,0.8265682017990562,1396.8348265748214,20,0,26_NP_08
68,6.909090909090908,1182.1295042420286,0.8265682017990562,1396.8348265748214,20,0,26_NP_08
68,7.090909090909091,1208.0396326591283,0.8265682017990562,1396.8348265748214,20,0,26_NP_08
68,7.2727272727272725,1231.2609368828396,0.8265682017990562,1396.8348265748214,20,0,26_NP_08
68,7.454545454545455,1251.9685888313882,0.8265682017990562,1396.8348265748214,20,0,26_NP_08
68,7.636363636363637,1270.352460816029,0.8265682017990562,1396.8348265748214,20,0,26_NP_08
68,7.818181818181818,1286.608774148829,0.8265682017990562,1396.8348265748214,20,0,26_NP_08
68,8.0,1300.9334534682655,0.8265682017990562,1396.8348265748214,20,0,26_NP_08
68,8.181818181818182,1313.5170888334628,0.8265682017990562,1396.8348265748214,20,0,26_NP_08
68,8.363636363636363,1324.5413261834096,0.8265682017990562,1396.8348265748214,20,0,26_NP_08
68,8.545454545454545,1334.1764678007303,0.8265682017990562,1396.8348265748214,20,0,26_NP_08
68,8.727272727272727,1342.580056323201,0.8265682017990562,1396.8348265748214,20,0,26_NP_08
68,8.90909090909091,1349.896227954271,0.8265682017990562,1396.8348265748214,20,0,26_NP_08
68,9.090909090909092,1356.255644177576,0.8265682017990562,1396.8348265748214,20,0,26_NP_08
68,9.272727272727273,1361.7758400741882,0.8265682017990562,1396.8348265748214,20,0,26_NP_08
68,9.454545454545455,1366.5618569364506,0.8265682017990562,1396.8348265748214,20,0,26_NP_08
68,9.636363636363637,1370.707054611094,0.8265682017990562,1396.8348265748214,20,0,26_NP_08
68,9.818181818181817,1374.2940234794485,0.8265682017990562,1396.8348265748214,20,0,26_NP_08
68,10.0,1377.3955366459693,0.8265682017990562,1396.8348265748214,20,0,26_NP_08
68,10.181818181818182,1380.0754997542933,0.8265682017990562,1396.8348265748214,20,0,26_NP_08
68,10.363636363636365,1382.3898691894015,0.8265682017990562,1396.8348265748214,20,0,26_NP_08
68,10.545454545454545,1384.3875197108703,0.8265682017990562,1396.8348265748214,20,0,26_NP_08
68,10.727272727272727,1386.1110502963397,0.8265682017990562,1396.8348265748214,20,0,26_NP_08
68,10.90909090909091,1387.5975226400592,0.8265682017990562,1396.8348265748214,20,0,26_NP_08
68,11.09090909090909,1388.879130783462,0.8265682017990562,1396.8348265748214,20,0,26_NP_08
68,11.272727272727273,1389.9838031252107,0.8265682017990562,1396.8348265748214,20,0,26_NP_08
68,11.454545454545455,1390.9357398745058,0.8265682017990562,1396.8348265748214,20,0,26_NP_08
68,11.636363636363637,1391.755890120882,0.8265682017990562,1396.8348265748214,20,0,26_NP_08
68,11.818181818181818,1392.4623732906366,0.8265682017990562,1396.8348265748214,20,0,26_NP_08
68,12.0,1393.0708499943673,0.8265682017990562,1396.8348265748214,20,0,26_NP_08
68,12.181818181818182,1393.5948472555433,0.8265682017990562,1396.8348265748214,20,0,26_NP_08
68,12.363636363636363,1394.0460429312473,0.8265682017990562,1396.8348265748214,20,0,26_NP_08
68,12.545454545454547,1394.434513855342,0.8265682017990562,1396.8348265748214,20,0,26_NP_08
68,12.727272727272727,1394.7689518959276,0.8265682017990562,1396.8348265748214,20,0,26_NP_08
68,12.909090909090908,1395.0568517545582,0.8265682017990562,1396.8348265748214,20,0,26_NP_08
68,13.090909090909092,1395.304673965822,0.8265682017990562,1396.8348265748214,20,0,26_NP_08
68,13.272727272727272,1395.5179861968306,0.8265682017990562,1396.8348265748214,20,0,26_NP_08
68,13.454545454545455,1395.7015856059616,0.8265682017990562,1396.8348265748214,20,0,26_NP_08
68,13.636363636363637,1395.859604703987,0.8265682017990562,1396.8348265748214,20,0,26_NP_08
68,13.818181818181817,1395.9956028711138,0.8265682017990562,1396.8348265748214,20,0,26_NP_08
68,14.0,1396.1126454211371,0.8265682017990562,1396.8348265748214,20,0,26_NP_08
68,14.181818181818182,1396.2133718684377,0.8265682017990562,1396.8348265748214,20,0,26_NP_08
68,14.363636363636363,1396.300054843618,0.8265682017990562,1396.8348265748214,20,0,26_NP_08
68,14.545454545454545,1396.374650917529,0.8265682017990562,1396.8348265748214,20,0,26_NP_08
68,14.727272727272728,1396.4388444293008,0.8265682017990562,1396.8348265748214,20,0,26_NP_08
68,14.90909090909091,1396.4940852697723,0.8265682017990562,1396.8348265748214,20,0,26_NP_08
68,15.09090909090909,1396.5416214453553,0.8265682017990562,1396.8348265748214,20,0,26_NP_08
68,15.272727272727273,1396.582527137031,0.8265682017990562,1396.8348265748214,20,0,26_NP_08
68,15.454545454545453,1396.617726872965,0.8265682017990562,1396.8348265748214,20,0,26_NP_08
68,15.636363636363637,1396.6480163495414,0.8265682017990562,1396.8348265748214,20,0,26_NP_08
68,15.818181818181818,1396.674080362943,0.8265682017990562,1396.8348265748214,20,0,26_NP_08
68,16.0,1396.6965082503496,0.8265682017990562,1396.8348265748214,20,0,26_NP_08
68,16.181818181818183,1396.7158071852105,0.8265682017990562,1396.8348265748214,20,0,26_NP_08
68,16.363636363636363,1396.7324136237712,0.8265682017990562,1396.8348265748214,20,0,26_NP_08
68,16.545454545454547,1396.7467031591525,0.8265682017990562,1396.8348265748214,20,0,26_NP_08
68,16.727272727272727,1396.7589990039512,0.8265682017990562,1396.8348265748214,20,0,26_NP_08
68,16.90909090909091,1396.7695792918164,0.8265682017990562,1396.8348265748214,20,0,26_NP_08
68,17.09090909090909,1396.7786833621203,0.8265682017990562,1396.8348265748214,20,0,26_NP_08
68,17.272727272727273,1396.786517169118,0.8265682017990562,1396.8348265748214,20,0,26_NP_08
68,17.454545454545453,1396.793257937389,0.8265682017990562,1396.8348265748214,20,0,26_NP_08
68,17.636363636363637,1396.7990581684571,0.8265682017990562,1396.8348265748214,20,0,26_NP_08
68,17.81818181818182,1396.8040490889189,0.8265682017990562,1396.8348265748214,20,0,26_NP_08
68,18.0,1396.8083436178638,0.8265682017990562,1396.8348265748214,20,0,26_NP_08
69,0.0,25.0,0.9647264286359644,1991.7928283861254,20,0,26_NP_08
69,0.18181818181818182,29.72168871606871,0.9647264286359644,1991.7928283861254,20,0,26_NP_08
69,0.36363636363636365,35.31913697166891,0.9647264286359644,1991.7928283861254,20,0,26_NP_08
69,0.5454545454545454,41.94820813726373,0.9647264286359644,1991.7928283861254,20,0,26_NP_08
69,0.7272727272727273,49.789830146097806,0.9647264286359644,1991.7928283861254,20,0,26_NP_08
69,0.9090909090909091,59.0529364730636,0.9647264286359644,1991.7928283861254,20,0,26_NP_08
69,1.0909090909090908,69.97729116218368,0.9647264286359644,1991.7928283861254,20,0,26_NP_08
69,1.2727272727272727,82.83595485039137,0.9647264286359644,1991.7928283861254,20,0,26_NP_08
69,1.4545454545454546,97.93704778912631,0.9647264286359644,1991.7928283861254,20,0,26_NP_08
69,1.6363636363636365,115.62434358644579,0.9647264286359644,1991.7928283861254,20,0,26_NP_08
69,1.8181818181818181,136.27608843912478,0.9647264286359644,1991.7928283861254,20,0,26_NP_08
69,2.0,160.3012970919022,0.9647264286359644,1991.7928283861254,20,0,26_NP_08
69,2.1818181818181817,188.13265182613398,0.9647264286359644,1991.7928283861254,20,0,26_NP_08
69,2.3636363636363638,220.215062373486,0.9647264286359644,1991.7928283861254,20,0,26_NP_08
69,2.5454545454545454,256.9889876708623,0.9647264286359644,1991.7928283861254,20,0,26_NP_08
69,2.7272727272727275,298.8678448304583,0.9647264286359644,1991.7928283861254,20,0,26_NP_08
69,2.909090909090909,346.2093121025757,0.9647264286359644,1991.7928283861254,20,0,26_NP_08
69,3.090909090909091,399.28113072707396,0.9647264286359644,1991.7928283861254,20,0,26_NP_08
69,3.272727272727273,458.2231347827446,0.9647264286359644,1991.7928283861254,20,0,26_NP_08
69,3.454545454545454,523.0086035200954,0.9647264286359644,1991.7928283861254,20,0,26_NP_08
69,3.6363636363636362,593.4094189879785,0.9647264286359644,1991.7928283861254,20,0,26_NP_08
69,3.8181818181818183,668.9705631437747,0.9647264286359644,1991.7928283861254,20,0,26_NP_08
69,4.0,748.9997540242746,0.9647264286359644,1991.7928283861254,20,0,26_NP_08
69,4.181818181818182,832.5770924748765,0.9647264286359644,1991.7928283861254,20,0,26_NP_08
69,4.363636363636363,918.587292114927,0.9647264286359644,1991.7928283861254,20,0,26_NP_08
69,4.545454545454546,1005.7736229155811,0.9647264286359644,1991.7928283861254,20,0,26_NP_08
69,4.7272727272727275,1092.8087989576231,0.9647264286359644,1991.7928283861254,20,0,26_NP_08
69,4.909090909090908,1178.3746814815897,0.9647264286359644,1991.7928283861254,20,0,26_NP_08
69,5.090909090909091,1261.2408258127514,0.9647264286359644,1991.7928283861254,20,0,26_NP_08
69,5.2727272727272725,1340.33214585015,0.9647264286359644,1991.7928283861254,20,0,26_NP_08
69,5.454545454545455,1414.778225358073,0.9647264286359644,1991.7928283861254,20,0,26_NP_08
69,5.636363636363637,1483.9403795508547,0.9647264286359644,1991.7928283861254,20,0,26_NP_08
69,5.818181818181818,1547.416447201632,0.9647264286359644,1991.7928283861254,20,0,26_NP_08
69,6.0,1605.0265215688546,0.9647264286359644,1991.7928283861254,20,0,26_NP_08
69,6.181818181818182,1656.7848205757498,0.9647264286359644,1991.7928283861254,20,0,26_NP_08
69,6.363636363636363,1702.8635278821275,0.9647264286359644,1991.7928283861254,20,0,26_NP_08
69,6.545454545454546,1743.553953440524,0.9647264286359644,1991.7928283861254,20,0,26_NP_08
69,6.7272727272727275,1779.2291969177697,0.9647264286359644,1991.7928283861254,20,0,26_NP_08
69,6.909090909090908,1810.3110874915787,0.9647264286359644,1991.7928283861254,20,0,26_NP_08
69,7.090909090909091,1837.2428488225403,0.9647264286359644,1991.7928283861254,20,0,26_NP_08
69,7.2727272727272725,1860.4678842061478,0.9647264286359644,1991.7928283861254,20,0,26_NP_08
69,7.454545454545455,1880.4143537085963,0.9647264286359644,1991.7928283861254,20,0,26_NP_08
69,7.636363636363637,1897.4847980518612,0.9647264286359644,1991.7928283861254,20,0,26_NP_08
69,7.818181818181818,1912.049887247953,0.9647264286359644,1991.7928283861254,20,0,26_NP_08
69,8.0,1924.4453598346201,0.9647264286359644,1991.7928283861254,20,0,26_NP_08
69,8.181818181818182,1934.9713039443109,0.9647264286359644,1991.7928283861254,20,0,26_NP_08
69,8.363636363636363,1943.8930633189677,0.9647264286359644,1991.7928283861254,20,0,26_NP_08
69,8.545454545454545,1951.4431954502975,0.9647264286359644,1991.7928283861254,20,0,26_NP_08
69,8.727272727272727,1957.824044945298,0.9647264286359644,1991.7928283861254,20,0,26_NP_08
69,8.90909090909091,1963.210612877144,0.9647264286359644,1991.7928283861254,20,0,26_NP_08
69,9.090909090909092,1967.7534988653936,0.9647264286359644,1991.7928283861254,20,0,26_NP_08
69,9.272727272727273,1971.5817674429804,0.9647264286359644,1991.7928283861254,20,0,26_NP_08
69,9.454545454545455,1974.805646394018,0.9647264286359644,1991.7928283861254,20,0,26_NP_08
69,9.636363636363637,1977.5190054075706,0.9647264286359644,1991.7928283861254,20,0,26_NP_08
69,9.818181818181817,1979.8015918337444,0.9647264286359644,1991.7928283861254,20,0,26_NP_08
69,10.0,1981.7210194589802,0.9647264286359644,1991.7928283861254,20,0,26_NP_08
69,10.181818181818182,1983.3345184697741,0.9647264286359644,1991.7928283861254,20,0,26_NP_08
69,10.363636363636365,1984.6904620874793,0.9647264286359644,1991.7928283861254,20,0,26_NP_08
69,10.545454545454545,1985.8296892232493,0.9647264286359644,1991.7928283861254,20,0,26_NP_08
69,10.727272727272727,1986.7866440368164,0.9647264286359644,1991.7928283861254,20,0,26_NP_08
69,10.90909090909091,1987.590353298857,0.9647264286359644,1991.7928283861254,20,0,26_NP_08
69,11.09090909090909,1988.2652615335346,0.9647264286359644,1991.7928283861254,20,0,26_NP_08
69,11.272727272727273,1988.8319424588176,0.9647264286359644,1991.7928283861254,20,0,26_NP_08
69,11.454545454545455,1989.3077035209828,0.9647264286359644,1991.7928283861254,20,0,26_NP_08
69,11.636363636363637,1989.7070985166054,0.9647264286359644,1991.7928283861254,20,0,26_NP_08
69,11.818181818181818,1990.0423615242132,0.9647264286359644,1991.7928283861254,20,0,26_NP_08
69,12.0,1990.3237736966792,0.9647264286359644,1991.7928283861254,20,0,26_NP_08
69,12.181818181818182,1990.5599729310286,0.9647264286359644,1991.7928283861254,20,0,26_NP_08
69,12.363636363636363,1990.7582150506303,0.9647264286359644,1991.7928283861254,20,0,26_NP_08
69,12.545454545454547,1990.9245939082962,0.9647264286359644,1991.7928283861254,20,0,26_NP_08
69,12.727272727272727,1991.0642267421433,0.9647264286359644,1991.7928283861254,20,0,26_NP_08
69,12.909090909090908,1991.1814101788461,0.9647264286359644,1991.7928283861254,20,0,26_NP_08
69,13.090909090909092,1991.2797514685874,0.9647264286359644,1991.7928283861254,20,0,26_NP_08
69,13.272727272727272,1991.362278839136,0.9647264286359644,1991.7928283861254,20,0,26_NP_08
69,13.454545454545455,1991.4315342597602,0.9647264286359644,1991.7928283861254,20,0,26_NP_08
69,13.636363636363637,1991.4896513965336,0.9647264286359644,1991.7928283861254,20,0,26_NP_08
69,13.818181818181817,1991.5384211073501,0.9647264286359644,1991.7928283861254,20,0,26_NP_08
69,14.0,1991.5793464572548,0.9647264286359644,1991.7928283861254,20,0,26_NP_08
69,14.181818181818182,1991.613688923146,0.9647264286359644,1991.7928283861254,20,0,26_NP_08
69,14.363636363636363,1991.6425071933818,0.9647264286359644,1991.7928283861254,20,0,26_NP_08
69,14.545454545454545,1991.6666897452428,0.9647264286359644,1991.7928283861254,20,0,26_NP_08
69,14.727272727272728,1991.6869821953503,0.9647264286359644,1991.7928283861254,20,0,26_NP_08
69,14.90909090909091,1991.7040102598182,0.9647264286359644,1991.7928283861254,20,0,26_NP_08
69,15.09090909090909,1991.7182990275078,0.9647264286359644,1991.7928283861254,20,0,26_NP_08
69,15.272727272727273,1991.7302891374834,0.9647264286359644,1991.7928283861254,20,0,26_NP_08
69,15.454545454545453,1991.7403503572602,0.9647264286359644,1991.7928283861254,20,0,26_NP_08
69,15.636363636363637,1991.748792978996,0.9647264286359644,1991.7928283861254,20,0,26_NP_08
69,15.818181818181818,1991.7558773839514,0.9647264286359644,1991.7928283861254,20,0,26_NP_08
69,16.0,1991.761822069405,0.9647264286359644,1991.7928283861254,20,0,26_NP_08
69,16.181818181818183,1991.7668103850333,0.9647264286359644,1991.7928283861254,20,0,26_NP_08
69,16.363636363636363,1991.7709961861192,0.9647264286359644,1991.7928283861254,20,0,26_NP_08
69,16.545454545454547,1991.7745085776876,0.9647264286359644,1991.7928283861254,20,0,26_NP_08
69,16.727272727272727,1991.7774558956803,0.9647264286359644,1991.7928283861254,20,0,26_NP_08
69,16.90909090909091,1991.7799290478476,0.9647264286359644,1991.7928283861254,20,0,26_NP_08
69,17.09090909090909,1991.7820043172887,0.9647264286359644,1991.7928283861254,20,0,26_NP_08
69,17.272727272727273,1991.7837457150601,0.9647264286359644,1991.7928283861254,20,0,26_NP_08
69,17.454545454545453,1991.7852069543585,0.9647264286359644,1991.7928283861254,20,0,26_NP_08
69,17.636363636363637,1991.7864331071482,0.9647264286359644,1991.7928283861254,20,0,26_NP_08
69,17.81818181818182,1991.787461994298,0.9647264286359644,1991.7928283861254,20,0,26_NP_08
69,18.0,1991.7883253520977,0.9647264286359644,1991.7928283861254,20,0,26_NP_08
70,0.0,25.0,1.2716464881454665,2891.3052692124984,26,0,26_NP_08
70,0.18181818181818182,31.432350377855478,1.2716464881454665,2891.3052692124984,26,0,26_NP_08
70,0.36363636363636365,39.496900492536525,1.2716464881454665,2891.3052692124984,26,0,26_NP_08
70,0.5454545454545454,49.59467831133269,1.2716464881454665,2891.3052692124984,26,0,26_NP_08
70,0.7272727272727273,62.21773150154683,1.2716464881454665,2891.3052692124984,26,0,26_NP_08
70,0.9090909090909091,77.9655102775959,1.2716464881454665,2891.3052692124984,26,0,26_NP_08
70,1.0909090909090908,97.56171702539756,1.2716464881454665,2891.3052692124984,26,0,26_NP_08
70,1.2727272727272727,121.86996223478393,1.2716464881454665,2891.3052692124984,26,0,26_NP_08
70,1.4545454545454546,151.90547457105086,1.2716464881454665,2891.3052692124984,26,0,26_NP_08
70,1.6363636363636365,188.8386553848354,1.2716464881454665,2891.3052692124984,26,0,26_NP_08
70,1.8181818181818181,233.98450488902495,1.2716464881454665,2891.3052692124984,26,0,26_NP_08
70,2.0,288.7701334356075,1.2716464881454665,2891.3052692124984,26,0,26_NP_08
70,2.1818181818181817,354.67128877309307,1.2716464881454665,2891.3052692124984,26,0,26_NP_08
70,2.3636363636363638,433.1091093116674,1.2716464881454665,2891.3052692124984,26,0,26_NP_08
70,2.5454545454545454,525.3016271218881,1.2716464881454665,2891.3052692124984,26,0,26_NP_08
70,2.7272727272727275,632.0724719443216,1.2716464881454665,2891.3052692124984,26,0,26_NP_08
70,2.909090909090909,753.6325685070003,1.2716464881454665,2891.3052692124984,26,0,26_NP_08
70,3.090909090909091,889.3679544063357,1.2716464881454665,2891.3052692124984,26,0,26_NP_08
70,3.272727272727273,1037.683143782526,1.2716464881454665,2891.3052692124984,26,0,26_NP_08
70,3.454545454545454,1195.9561515544865,1.2716464881454665,2891.3052692124984,26,0,26_NP_08
70,3.6363636363636362,1360.6493901894078,1.2716464881454665,2891.3052692124984,26,0,26_NP_08
70,3.8181818181818183,1527.5868794240073,1.2716464881454665,2891.3052692124984,26,0,26_NP_08
70,4.0,1692.3606204873504,1.2716464881454665,2891.3052692124984,26,0,26_NP_08
70,4.181818181818182,1850.7863897996274,1.2716464881454665,2891.3052692124984,26,0,26_NP_08
70,4.363636363636363,1999.3118470005304,1.2716464881454665,2891.3052692124984,26,0,26_NP_08
70,4.545454545454546,2135.296612545197,1.2716464881454665,2891.3052692124984,26,0,26_NP_08
70,4.7272727272727275,2257.126268414031,1.2716464881454665,2891.3052692124984,26,0,26_NP_08
70,4.909090909090908,2364.16992591793,1.2716464881454665,2891.3052692124984,26,0,26_NP_08
70,5.090909090909091,2456.6251428764904,1.2716464881454665,2891.3052692124984,26,0,26_NP_08
70,5.2727272727272725,2535.306276800692,1.2716464881454665,2891.3052692124984,26,0,26_NP_08
70,5.454545454545455,2601.4259394551,1.2716464881454665,2891.3052692124984,26,0,26_NP_08
70,5.636363636363637,2656.4030114712596,1.2716464881454665,2891.3052692124984,26,0,26_NP_08
70,5.818181818181818,2701.7133019046637,1.2716464881454665,2891.3052692124984,26,0,26_NP_08
70,6.0,2738.785500849045,1.2716464881454665,2891.3052692124984,26,0,26_NP_08
70,6.181818181818182,2768.9370487950714,1.2716464881454665,2891.3052692124984,26,0,26_NP_08
70,6.363636363636363,2793.341161337003,1.2716464881454665,2891.3052692124984,26,0,26_NP_08
70,6.545454545454546,2813.0159272066685,1.2716464881454665,2891.3052692124984,26,0,26_NP_08
70,6.7272727272727275,2828.827662207673,1.2716464881454665,2891.3052692124984,26,0,26_NP_08
70,6.909090909090908,2841.5025121164176,1.2716464881454665,2891.3052692124984,26,0,26_NP_08
70,7.090909090909091,2851.6420647146415,1.2716464881454665,2891.3052692124984,26,0,26_NP_08
70,7.2727272727272725,2859.740195245517,1.2716464881454665,2891.3052692124984,26,0,26_NP_08
70,7.454545454545455,2866.19946788898,1.2716464881454665,2891.3052692124984,26,0,26_NP_08
70,7.636363636363637,2871.346181915987,1.2716464881454665,2891.3052692124984,26,0,26_NP_08
70,7.818181818181818,2875.4436533383027,1.2716464881454665,2891.3052692124984,26,0,26_NP_08
70,8.0,2878.703632154162,1.2716464881454665,2891.3052692124984,26,0,26_NP_08
70,8.181818181818182,2881.2959319597294,1.2716464881454665,2891.3052692124984,26,0,26_NP_08
70,8.363636363636363,2883.356438746902,1.2716464881454665,2891.3052692124984,26,0,26_NP_08
70,8.545454545454545,2884.993701936372,1.2716464881454665,2891.3052692124984,26,0,26_NP_08
70,8.727272727272727,2886.2943153351503,1.2716464881454665,2891.3052692124984,26,0,26_NP_08
70,8.90909090909091,2887.3272832069424,1.2716464881454665,2891.3052692124984,26,0,26_NP_08
70,9.090909090909092,2888.1475460161537,1.2716464881454665,2891.3052692124984,26,0,26_NP_08
70,9.272727272727273,2888.798817029236,1.2716464881454665,2891.3052692124984,26,0,26_NP_08
70,9.454545454545455,2889.3158578578555,1.2716464881454665,2891.3052692124984,26,0,26_NP_08
70,9.636363636363637,2889.7262997649236,1.2716464881454665,2891.3052692124984,26,0,26_NP_08
70,9.818181818181817,2890.052098799038,1.2716464881454665,2891.3052692124984,26,0,26_NP_08
70,10.0,2890.3106967367034,1.2716464881454665,2891.3052692124984,26,0,26_NP_08
70,10.181818181818182,2890.51594628016,1.2716464881454665,2891.3052692124984,26,0,26_NP_08
70,10.363636363636365,2890.6788477335745,1.2716464881454665,2891.3052692124984,26,0,26_NP_08
70,10.545454545454545,2890.808135163613,1.2716464881454665,2891.3052692124984,26,0,26_NP_08
70,10.727272727272727,2890.9107425406946,1.2716464881454665,2891.3052692124984,26,0,26_NP_08
70,10.90909090909091,2890.9921742739666,1.2716464881454665,2891.3052692124984,26,0,26_NP_08
70,11.09090909090909,2891.0567996473096,1.2716464881454665,2891.3052692124984,26,0,26_NP_08
70,11.272727272727273,2891.108086721279,1.2716464881454665,2891.3052692124984,26,0,26_NP_08
70,11.454545454545455,2891.1487881060784,1.2716464881454665,2891.3052692124984,26,0,26_NP_08
70,11.636363636363637,2891.1810884834713,1.2716464881454665,2891.3052692124984,26,0,26_NP_08
70,11.818181818181818,2891.2067217376484,1.2716464881454665,2891.3052692124984,26,0,26_NP_08
70,12.0,2891.2270639458516,1.2716464881454665,2891.3052692124984,26,0,26_NP_08
70,12.181818181818182,2891.2432071976373,1.2716464881454665,2891.3052692124984,26,0,26_NP_08
70,12.363636363636363,2891.256018191251,1.2716464881454665,2891.3052692124984,26,0,26_NP_08
70,12.545454545454547,2891.2661847438303,1.2716464881454665,2891.3052692124984,26,0,26_NP_08
70,12.727272727272727,2891.274252706778,1.2716464881454665,2891.3052692124984,26,0,26_NP_08
70,12.909090909090908,2891.280655264663,1.2716464881454665,2891.3052692124984,26,0,26_NP_08
70,13.090909090909092,2891.285736188484,1.2716464881454665,2891.3052692124984,26,0,26_NP_08
70,13.272727272727272,2891.2897682903663,1.2716464881454665,2891.3052692124984,26,0,26_NP_08
70,13.454545454545455,2891.2929680696957,1.2716464881454665,2891.3052692124984,26,0,26_NP_08
70,13.636363636363637,2891.295507336502,1.2716464881454665,2891.3052692124984,26,0,26_NP_08
70,13.818181818181817,2891.2975224358597,1.2716464881454665,2891.3052692124984,26,0,26_NP_08
70,14.0,2891.299121568369,1.2716464881454665,2891.3052692124984,26,0,26_NP_08
70,14.181818181818182,2891.300390599653,1.2716464881454665,2891.3052692124984,26,0,26_NP_08
70,14.363636363636363,2891.301397670711,1.2716464881454665,2891.3052692124984,26,0,26_NP_08
70,14.545454545454545,2891.3021968566445,1.2716464881454665,2891.3052692124984,26,0,26_NP_08
70,14.727272727272728,2891.3028310701584,1.2716464881454665,2891.3052692124984,26,0,26_NP_08
70,14.90909090909091,2891.3033343657276,1.2716464881454665,2891.3052692124984,26,0,26_NP_08
70,15.09090909090909,2891.303733768144,1.2716464881454665,2891.3052692124984,26,0,26_NP_08
70,15.272727272727273,2891.304050723606,1.2716464881454665,2891.3052692124984,26,0,26_NP_08
70,15.454545454545453,2891.304302251278,1.2716464881454665,2891.3052692124984,26,0,26_NP_08
70,15.636363636363637,2891.3045018571365,1.2716464881454665,2891.3052692124984,26,0,26_NP_08
70,15.818181818181818,2891.3046602591808,1.2716464881454665,2891.3052692124984,26,0,26_NP_08
70,16.0,2891.304785962941,1.2716464881454665,2891.3052692124984,26,0,26_NP_08
70,16.181818181818183,2891.3048857181884,1.2716464881454665,2891.3052692124984,26,0,26_NP_08
70,16.363636363636363,2891.3049648813667,1.2716464881454665,2891.3052692124984,26,0,26_NP_08
70,16.545454545454547,2891.305027703211,1.2716464881454665,2891.3052692124984,26,0,26_NP_08
70,16.727272727272727,2891.3050775569977,1.2716464881454665,2891.3052692124984,26,0,26_NP_08
70,16.90909090909091,2891.3051171196685,1.2716464881454665,2891.3052692124984,26,0,26_NP_08
70,17.09090909090909,2891.3051485155784,1.2716464881454665,2891.3052692124984,26,0,26_NP_08
70,17.272727272727273,2891.3051734305564,1.2716464881454665,2891.3052692124984,26,0,26_NP_08
70,17.454545454545453,2891.305193202437,1.2716464881454665,2891.3052692124984,26,0,26_NP_08
70,17.636363636363637,2891.3052088928875,1.2716464881454665,2891.3052692124984,26,0,26_NP_08
70,17.81818181818182,2891.3052213444216,1.2716464881454665,2891.3052692124984,26,0,26_NP_08
70,18.0,2891.305231225636,1.2716464881454665,2891.3052692124984,26,0,26_NP_08
71,0.0,25.0,0.6449684597846065,3374.717447298797,26,0,26_NP_08
71,0.18181818181818182,28.084604348002536,0.6449684597846065,3374.717447298797,26,0,26_NP_08
71,0.36363636363636365,31.546215807623742,0.6449684597846065,3374.717447298797,26,0,26_NP_08
71,0.5454545454545454,35.4299765448423,0.6449684597846065,3374.717447298797,26,0,26_NP_08
71,0.7272727272727273,39.78618987926526,0.6449684597846065,3374.717447298797,26,0,26_NP_08
71,0.9090909090909091,44.67084663154786,0.6449684597846065,3374.717447298797,26,0,26_NP_08
71,1.0909090909090908,50.14618822102727,0.6449684597846065,3374.717447298797,26,0,26_NP_08
71,1.2727272727272727,56.281304245219594,0.6449684597846065,3374.717447298797,26,0,26_NP_08
71,1.4545454545454546,63.15276048144661,0.6449684597846065,3374.717447298797,26,0,26_NP_08
71,1.6363636363636365,70.84525095273013,0.6449684597846065,3374.717447298797,26,0,26_NP_08
71,1.8181818181818181,79.45226479947597,0.6449684597846065,3374.717447298797,26,0,26_NP_08
71,2.0,89.07675509355856,0.6449684597846065,3374.717447298797,26,0,26_NP_08
71,2.1818181818181817,99.83179231946984,0.6449684597846065,3374.717447298797,26,0,26_NP_08
71,2.3636363636363638,111.84117993280209,0.6449684597846065,3374.717447298797,26,0,26_NP_08
71,2.5454545454545454,125.24000311385852,0.6449684597846065,3374.717447298797,26,0,26_NP_08
71,2.7272727272727275,140.17507452557606,0.6449684597846065,3374.717447298797,26,0,26_NP_08
71,2.909090909090909,156.8052325840803,0.6449684597846065,3374.717447298797,26,0,26_NP_08
71,3.090909090909091,175.30143857489134,0.6449684597846065,3374.717447298797,26,0,26_NP_08
71,3.272727272727273,195.84660914996974,0.6449684597846065,3374.717447298797,26,0,26_NP_08
71,3.454545454545454,218.6351107544596,0.6449684597846065,3374.717447298797,26,0,26_NP_08
71,3.6363636363636362,243.87183302702863,0.6449684597846065,3374.717447298797,26,0,26_NP_08
71,3.8181818181818183,271.77075015474145,0.6449684597846065,3374.717447298797,26,0,26_NP_08
71,4.0,302.55287384164416,0.6449684597846065,3374.717447298797,26,0,26_NP_08
71,4.181818181818182,336.44350063518715,0.6449684597846065,3374.717447298797,26,0,26_NP_08
71,4.363636363636363,373.6686618676214,0.6449684597846065,3374.717447298797,26,0,26_NP_08
71,4.545454545454546,414.45069871515926,0.6449684597846065,3374.717447298797,26,0,26_NP_08
71,4.7272727272727275,459.00291028219965,0.6449684597846065,3374.717447298797,26,0,26_NP_08
71,4.909090909090908,507.52326145159157,0.6449684597846065,3374.717447298797,26,0,26_NP_08
71,5.090909090909091,560.187191207307,0.6449684597846065,3374.717447298797,26,0,26_NP_08
71,5.2727272727272725,617.1396318222826,0.6449684597846065,3374.717447298797,26,0,26_NP_08
71,5.454545454545455,678.4864335423158,0.6449684597846065,3374.717447298797,26,0,26_NP_08
71,5.636363636363637,744.285484595199,0.6449684597846065,3374.717447298797,26,0,26_NP_08
71,5.818181818181818,814.5379159548138,0.6449684597846065,3374.717447298797,26,0,26_NP_08
71,6.0,889.1798745348168,0.6449684597846065,3374.717447298797,26,0,26_NP_08
71,6.181818181818182,968.0754247146459,0.6449684597846065,3374.717447298797,26,0,26_NP_08
71,6.363636363636363,1051.0111817715333,0.6449684597846065,3374.717447298797,26,0,26_NP_08
71,6.545454545454546,1137.6932773356036,0.6449684597846065,3374.717447298797,26,0,26_NP_08
71,6.7272727272727275,1227.7471943876715,0.6449684597846065,3374.717447298797,26,0,26_NP_08
71,6.909090909090908,1320.7208811104176,0.6449684597846065,3374.717447298797,26,0,26_NP_08
71,7.090909090909091,1416.091360940425,0.6449684597846065,3374.717447298797,26,0,26_NP_08
71,7.2727272727272725,1513.2748124492755,0.6449684597846065,3374.717447298797,26,0,26_NP_08
71,7.454545454545455,1611.6398194335184,0.6449684597846065,3374.717447298797,26,0,26_NP_08
71,7.636363636363637,1710.5232191556634,0.6449684597846065,3374.717447298797,26,0,26_NP_08
71,7.818181818181818,1809.2477392267256,0.6449684597846065,3374.717447298797,26,0,26_NP_08
71,8.0,1907.1404434028586,0.6449684597846065,3374.717447298797,26,0,26_NP_08
71,8.181818181818182,2003.5509278833908,0.6449684597846065,3374.717447298797,26,0,26_NP_08
71,8.363636363636363,2097.8682340773603,0.6449684597846065,3374.717447298797,26,0,26_NP_08
71,8.545454545454545,2189.535567657887,0.6449684597846065,3374.717447298797,26,0,26_NP_08
71,8.727272727272727,2278.062119070341,0.6449684597846065,3374.717447298797,26,0,26_NP_08
71,8.90909090909091,2363.0315387726464,0.6449684597846065,3374.717447298797,26,0,26_NP_08
71,9.090909090909092,2444.1068974466234,0.6449684597846065,3374.717447298797,26,0,26_NP_08
71,9.272727272727273,2521.032224198644,0.6449684597846065,3374.717447298797,26,0,26_NP_08
71,9.454545454545455,2593.630937416277,0.6449684597846065,3374.717447298797,26,0,26_NP_08
71,9.636363636363637,2661.801645905088,0.6449684597846065,3374.717447298797,26,0,26_NP_08
71,9.818181818181817,2725.511895079005,0.6449684597846065,3374.717447298797,26,0,26_NP_08
71,10.0,2784.7904666651307,0.6449684597846065,3374.717447298797,26,0,26_NP_08
71,10.181818181818182,2839.7188200517417,0.6449684597846065,3374.717447298797,26,0,26_NP_08
71,10.363636363636365,2890.422202625613,0.6449684597846065,3374.717447298797,26,0,26_NP_08
71,10.545454545454545,2937.060870050099,0.6449684597846065,3374.717447298797,26,0,26_NP_08
71,10.727272727272727,2979.8217592683986,0.6449684597846065,3374.717447298797,26,0,26_NP_08
71,10.90909090909091,3018.910858457834,0.6449684597846065,3374.717447298797,26,0,26_NP_08
71,11.09090909090909,3054.5464274697797,0.6449684597846065,3374.717447298797,26,0,26_NP_08
71,11.272727272727273,3086.9531445816788,0.6449684597846065,3374.717447298797,26,0,26_NP_08
71,11.454545454545455,3116.3571930407875,0.6449684597846065,3374.717447298797,26,0,26_NP_08
71,11.636363636363637,3142.982254155505,0.6449684597846065,3374.717447298797,26,0,26_NP_08
71,11.818181818181818,3167.0463414031756,0.6449684597846065,3374.717447298797,26,0,26_NP_08
71,12.0,3188.759390144654,0.6449684597846065,3374.717447298797,26,0,26_NP_08
71,12.181818181818182,3208.3215076794368,0.6449684597846065,3374.717447298797,26,0,26_NP_08
71,12.363636363636363,3225.9217861447137,0.6449684597846065,3374.717447298797,26,0,26_NP_08
71,12.545454545454547,3241.737583971232,0.6449684597846065,3374.717447298797,26,0,26_NP_08
71,12.727272727272727,3255.934188399073,0.6449684597846065,3374.717447298797,26,0,26_NP_08
71,12.909090909090908,3268.664780434863,0.6449684597846065,3374.717447298797,26,0,26_NP_08
71,13.090909090909092,3280.0706334629544,0.6449684597846065,3374.717447298797,26,0,26_NP_08
71,13.272727272727272,3290.2814866888925,0.6449684597846065,3374.717447298797,26,0,26_NP_08
71,13.454545454545455,3299.4160441415306,0.6449684597846065,3374.717447298797,26,0,26_NP_08
71,13.636363636363637,3307.5825587480936,0.6449684597846065,3374.717447298797,26,0,26_NP_08
71,13.818181818181817,3314.8794688407975,0.6449684597846065,3374.717447298797,26,0,26_NP_08
71,14.0,3321.396061284922,0.6449684597846065,3374.717447298797,26,0,26_NP_08
71,14.181818181818182,3327.213141245139,0.6449684597846065,3374.717447298797,26,0,26_NP_08
71,14.363636363636363,3332.403693487754,0.6449684597846065,3374.717447298797,26,0,26_NP_08
71,14.545454545454545,3337.0335241378993,0.6449684597846065,3374.717447298797,26,0,26_NP_08
71,14.727272727272728,3341.1618750729817,0.6449684597846065,3374.717447298797,26,0,26_NP_08
71,14.90909090909091,3344.842005739711,0.6449684597846065,3374.717447298797,26,0,26_NP_08
71,15.09090909090909,3348.1217392314766,0.6449684597846065,3374.717447298797,26,0,26_NP_08
71,15.272727272727273,3351.043971047325,0.6449684597846065,3374.717447298797,26,0,26_NP_08
71,15.454545454545453,3353.6471401556096,0.6449684597846065,3374.717447298797,26,0,26_NP_08
71,15.636363636363637,3355.965662876101,0.6449684597846065,3374.717447298797,26,0,26_NP_08
71,15.818181818181818,3358.030330735503,0.6449684597846065,3374.717447298797,26,0,26_NP_08
71,16.0,3359.868673894602,0.6449684597846065,3374.717447298797,26,0,26_NP_08
71,16.181818181818183,3361.5052920337826,0.6449684597846065,3374.717447298797,26,0,26_NP_08
71,16.363636363636363,3362.962154752703,0.6449684597846065,3374.717447298797,26,0,26_NP_08
71,16.545454545454547,3364.2588736182624,0.6449684597846065,3374.717447298797,26,0,26_NP_08
71,16.727272727272727,3365.4129480057222,0.6449684597846065,3374.717447298797,26,0,26_NP_08
71,16.90909090909091,3366.4399868393025,0.6449684597846065,3374.717447298797,26,0,26_NP_08
71,17.09090909090909,3367.3539082652615,0.6449684597846065,3374.717447298797,26,0,26_NP_08
71,17.272727272727273,3368.1671191936753,0.6449684597846065,3374.717447298797,26,0,26_NP_08
71,17.454545454545453,3368.890676533493,0.6449684597846065,3374.717447298797,26,0,26_NP_08
71,17.636363636363637,3369.5344318256602,0.6449684597846065,3374.717447298797,26,0,26_NP_08
71,17.81818181818182,3370.1071608559623,0.6449684597846065,3374.717447298797,26,0,26_NP_08
71,18.0,3370.6166797065953,0.6449684597846065,3374.717447298797,26,0,26_NP_08
72,0.0,25.000000000000004,0.9120254543280998,3538.1889269828075,26,0,26_NP_08
72,0.18181818181818182,29.47153957589744,0.9120254543280998,3538.1889269828075,26,0,26_NP_08
72,0.36363636363636365,34.73495829485058,0.9120254543280998,3538.1889269828075,26,0,26_NP_08
72,0.5454545454545454,40.92742343346193,0.9120254543280998,3538.1889269828075,26,0,26_NP_08
72,0.7272727272727273,48.20867532246363,0.9120254543280998,3538.1889269828075,26,0,26_NP_08
72,0.9090909090909091,56.764283334430154,0.9120254543280998,3538.1889269828075,26,0,26_NP_08
72,1.0909090909090908,66.80919135275494,0.9120254543280998,3538.1889269828075,26,0,26_NP_08
72,1.2727272727272727,78.59150179920286,0.9120254543280998,3538.1889269828075,26,0,26_NP_08
72,1.4545454545454546,92.39640586686743,0.9120254543280998,3538.1889269828075,26,0,26_NP_08
72,1.6363636363636365,108.55011077079506,0.9120254543280998,3538.1889269828075,26,0,26_NP_08
72,1.8181818181818181,127.42353923263718,0.9120254543280998,3538.1889269828075,26,0,26_NP_08
72,2.0,149.43547907610224,0.9120254543280998,3538.1889269828075,26,0,26_NP_08
72,2.1818181818181817,175.05474001749408,0.9120254543280998,3538.1889269828075,26,0,26_NP_08
72,2.3636363636363638,204.80073149141796,0.9120254543280998,3538.1889269828075,26,0,26_NP_08
72,2.5454545454545454,239.24171547974788,0.9120254543280998,3538.1889269828075,26,0,26_NP_08
72,2.7272727272727275,278.98982529483146,0.9120254543280998,3538.1889269828075,26,0,26_NP_08
72,2.909090909090909,324.6917996353555,0.9120254543280998,3538.1889269828075,26,0,26_NP_08
72,3.090909090909091,377.01429991018597,0.9120254543280998,3538.1889269828075,26,0,26_NP_08
72,3.272727272727273,436.6227131757001,0.9120254543280998,3538.1889269828075,26,0,26_NP_08
72,3.454545454545454,504.1525634493221,0.9120254543280998,3538.1889269828075,26,0,26_NP_08
72,3.6363636363636362,580.1731381993077,0.9120254543280998,3538.1889269828075,26,0,26_NP_08
72,3.8181818181818183,665.1437515748096,0.9120254543280998,3538.1889269828075,26,0,26_NP_08
72,4.0,759.364238757981,0.9120254543280998,3538.1889269828075,26,0,26_NP_08
72,4.181818181818182,862.9227551514613,0.9120254543280998,3538.1889269828075,26,0,26_NP_08
72,4.363636363636363,975.6455699040852,0.9120254543280998,3538.1889269828075,26,0,26_NP_08
72,4.545454545454546,1097.0549851368255,0.9120254543280998,3538.1889269828075,26,0,26_NP_08
72,4.7272727272727275,1226.342350552115,0.9120254543280998,3538.1889269828075,26,0,26_NP_08
72,4.909090909090908,1362.3629148182636,0.9120254543280998,3538.1889269828075,26,0,26_NP_08
72,5.090909090909091,1503.6576150672631,0.9120254543280998,3538.1889269828075,26,0,26_NP_08
72,5.2727272727272725,1648.5038072012744,0.9120254543280998,3538.1889269828075,26,0,26_NP_08
72,5.454545454545455,1794.9927673383231,0.9120254543280998,3538.1889269828075,26,0,26_NP_08
72,5.636363636363637,1941.1273629067405,0.9120254543280998,3538.1889269828075,26,0,26_NP_08
72,5.818181818181818,2084.9296570811566,0.9120254543280998,3538.1889269828075,26,0,26_NP_08
72,6.0,2224.546337671699,0.9120254543280998,3538.1889269828075,26,0,26_NP_08
72,6.181818181818182,2358.3402761081184,0.9120254543280998,3538.1889269828075,26,0,26_NP_08
72,6.363636363636363,2484.9591061438973,0.9120254543280998,3538.1889269828075,26,0,26_NP_08
72,6.545454545454546,2603.3757511199065,0.9120254543280998,3538.1889269828075,26,0,26_NP_08
72,6.7272727272727275,2712.900283031461,0.9120254543280998,3538.1889269828075,26,0,26_NP_08
72,6.909090909090908,2813.166362774876,0.9120254543280998,3538.1889269828075,26,0,26_NP_08
72,7.090909090909091,2904.0981145383203,0.9120254543280998,3538.1889269828075,26,0,26_NP_08
72,7.2727272727272725,2985.864404360882,0.9120254543280998,3538.1889269828075,26,0,26_NP_08
72,7.454545454545455,3058.8272951972726,0.9120254543280998,3538.1889269828075,26,0,26_NP_08
72,7.636363636363637,3123.490345568265,0.9120254543280998,3538.1889269828075,26,0,26_NP_08
72,7.818181818181818,3180.4508715596317,0.9120254543280998,3538.1889269828075,26,0,26_NP_08
72,8.0,3230.3586962089407,0.9120254543280998,3538.1889269828075,26,0,26_NP_08
72,8.181818181818182,3273.8825266603794,0.9120254543280998,3538.1889269828075,26,0,26_NP_08
72,8.363636363636363,3311.6840521717468,0.9120254543280998,3538.1889269828075,26,0,26_NP_08
72,8.545454545454545,3344.3991640165586,0.9120254543280998,3538.1889269828075,26,0,26_NP_08
72,8.727272727272727,3372.6253160913016,0.9120254543280998,3538.1889269828075,26,0,26_NP_08
72,8.90909090909091,3396.913899083296,0.9120254543280998,3538.1889269828075,26,0,26_NP_08
72,9.090909090909092,3417.766514908777,0.9120254543280998,3538.1889269828075,26,0,26_NP_08
72,9.272727272727273,3435.6341462129653,0.9120254543280998,3538.1889269828075,26,0,26_NP_08
72,9.454545454545455,3450.9183685490816,0.9120254543280998,3538.1889269828075,26,0,26_NP_08
72,9.636363636363637,3463.9739169169484,0.9120254543280998,3538.1889269828075,26,0,26_NP_08
72,9.818181818181817,3475.1120734191354,0.9120254543280998,3538.1889269828075,26,0,26_NP_08
72,10.0,3484.60447847155,0.9120254543280998,3538.1889269828075,26,0,26_NP_08
72,10.181818181818182,3492.687080452458,0.9120254543280998,3538.1889269828075,26,0,26_NP_08
72,10.363636363636365,3499.564028049341,0.9120254543280998,3538.1889269828075,26,0,26_NP_08
72,10.545454545454545,3505.4113781587207,0.9120254543280998,3538.1889269828075,26,0,26_NP_08
72,10.727272727272727,3510.3805432043773,0.9120254543280998,3538.1889269828075,26,0,26_NP_08
72,10.90909090909091,3514.601438516369,0.9120254543280998,3538.1889269828075,26,0,26_NP_08
72,11.09090909090909,3518.1853160631913,0.9120254543280998,3538.1889269828075,26,0,26_NP_08
72,11.272727272727273,3521.227288029248,0.9120254543280998,3538.1889269828075,26,0,26_NP_08
72,11.454545454545455,3523.808554677203,0.9120254543280998,3538.1889269828075,26,0,26_NP_08
72,11.636363636363637,3525.9983573703144,0.9120254543280998,3538.1889269828075,26,0,26_NP_08
72,11.818181818181818,3527.8556808936987,0.9120254543280998,3538.1889269828075,26,0,26_NP_08
72,12.0,3529.430730313198,0.9120254543280998,3538.1889269828075,26,0,26_NP_08
72,12.181818181818182,3530.7662072874396,0.9120254543280998,3538.1889269828075,26,0,26_NP_08
72,12.363636363636363,3531.898409537502,0.9120254543280998,3538.1889269828075,26,0,26_NP_08
72,12.545454545454547,3532.858175456682,0.9120254543280998,3538.1889269828075,26,0,26_NP_08
72,12.727272727272727,3533.6716938703235,0.9120254543280998,3538.1889269828075,26,0,26_NP_08
72,12.909090909090908,3534.361196907264,0.9120254543280998,3538.1889269828075,26,0,26_NP_08
72,13.090909090909092,3534.9455519326402,0.9120254543280998,3538.1889269828075,26,0,26_NP_08
72,13.272727272727272,3535.440766585888,0.9120254543280998,3538.1889269828075,26,0,26_NP_08
72,13.454545454545455,3535.8604192062817,0.9120254543280998,3538.1889269828075,26,0,26_NP_08
72,13.636363636363637,3536.2160253294996,0.9120254543280998,3538.1889269828075,26,0,26_NP_08
72,13.818181818181817,3536.5173495069052,0.9120254543280998,3538.1889269828075,26,0,26_NP_08
72,14.0,3536.77267043028,0.9120254543280998,3538.1889269828075,26,0,26_NP_08
72,14.181818181818182,3536.9890062293257,0.9120254543280998,3538.1889269828075,26,0,26_NP_08
72,14.363636363636363,3537.1723058350453,0.9120254543280998,3538.1889269828075,26,0,26_NP_08
72,14.545454545454545,3537.327611455739,0.9120254543280998,3538.1889269828075,26,0,26_NP_08
72,14.727272727272728,3537.459196480152,0.9120254543280998,3538.1889269828075,26,0,26_NP_08
72,14.90909090909091,3537.5706824910176,0.9120254543280998,3538.1889269828075,26,0,26_NP_08
72,15.09090909090909,3537.6651385295804,0.9120254543280998,3538.1889269828075,26,0,26_NP_08
72,15.272727272727273,3537.745165286284,0.9120254543280998,3538.1889269828075,26,0,26_NP_08
72,15.454545454545453,3537.8129664944036,0.9120254543280998,3538.1889269828075,26,0,26_NP_08
72,15.636363636363637,3537.870409463019,0.9120254543280998,3538.1889269828075,26,0,26_NP_08
72,15.818181818181818,3537.9190763951697,0.9120254543280998,3538.1889269828075,26,0,26_NP_08
72,16.0,3537.960307889437,0.9120254543280998,3538.1889269828075,26,0,26_NP_08
72,16.181818181818183,3537.9952398122855,0.9120254543280998,3538.1889269828075,26,0,26_NP_08
72,16.363636363636363,3538.0248345490727,0.9120254543280998,3538.1889269828075,26,0,26_NP_08
72,16.545454545454547,3538.049907489046,0.9120254543280998,3538.1889269828075,26,0,26_NP_08
72,16.727272727272727,3538.071149469984,0.9120254543280998,3538.1889269828075,26,0,26_NP_08
72,16.90909090909091,3538.0891457979815,0.9120254543280998,3538.1889269828075,26,0,26_NP_08
72,17.09090909090909,3538.1043923643697,0.9120254543280998,3538.1889269828075,26,0,26_NP_08
72,17.272727272727273,3538.1173093023644,0.9120254543280998,3538.1889269828075,26,0,26_NP_08
72,17.454545454545453,3538.1282525587003,0.9120254543280998,3538.1889269828075,26,0,26_NP_08
72,17.636363636363637,3538.1375236983386,0.9120254543280998,3538.1889269828075,26,0,26_NP_08
72,17.81818181818182,3538.145378211886,0.9120254543280998,3538.1889269828075,26,0,26_NP_08
72,18.0,3538.1520325542683,0.9120254543280998,3538.1889269828075,26,0,26_NP_08
73,0.0,24.999999999999996,0.7473341999362857,2046.4292664284399,20,1,26_COP_01
73,0.18181818181818182,28.58775087231483,0.7473341999362857,2046.4292664284399,20,1,26_COP_01
73,0.36363636363636365,32.682055551060635,0.7473341999362857,2046.4292664284399,20,1,26_COP_01
73,0.5454545454545454,37.35188741941688,0.7473341999362857,2046.4292664284399,20,1,26_COP_01
73,0.7272727272727273,42.674835921608285,0.7473341999362857,2046.4292664284399,20,1,26_COP_01
73,0.9090909090909091,48.73794609099391,0.7473341999362857,2046.4292664284399,20,1,26_COP_01
73,1.0909090909090908,55.63856499844455,0.7473341999362857,2046.4292664284399,20,1,26_COP_01
73,1.2727272727272727,63.485166710772134,0.7473341999362857,2046.4292664284399,20,1,26_COP_01
73,1.4545454545454546,72.39811696750898,0.7473341999362857,2046.4292664284399,20,1,26_COP_01
73,1.6363636363636365,82.51032617787467,0.7473341999362857,2046.4292664284399,20,1,26_COP_01
73,1.8181818181818181,93.96772443034995,0.7473341999362857,2046.4292664284399,20,1,26_COP_01
73,2.0,106.92947512640316,0.7473341999362857,2046.4292664284399,20,1,26_COP_01
73,2.1818181818181817,121.56782505985898,0.7473341999362857,2046.4292664284399,20,1,26_COP_01
73,2.3636363636363638,138.06746921138634,0.7473341999362857,2046.4292664284399,20,1,26_COP_01
73,2.5454545454545454,156.6242898273965,0.7473341999362857,2046.4292664284399,20,1,26_COP_01
73,2.7272727272727275,177.44331397644225,0.7473341999362857,2046.4292664284399,20,1,26_COP_01
73,2.909090909090909,200.73572522132744,0.7473341999362857,2046.4292664284399,20,1,26_COP_01
73,3.090909090909091,226.7147679160488,0.7473341999362857,2046.4292664284399,20,1,26_COP_01
73,3.272727272727273,255.5904025535489,0.7473341999362857,2046.4292664284399,20,1,26_COP_01
73,3.454545454545454,287.56261380875617,0.7473341999362857,2046.4292664284399,20,1,26_COP_01
73,3.6363636363636362,322.8133455371641,0.7473341999362857,2046.4292664284399,20,1,26_COP_01
73,3.8181818181818183,361.49714362357946,0.7473341999362857,2046.4292664284399,20,1,26_COP_01
73,4.0,403.73072952338845,0.7473341999362857,2046.4292664284399,20,1,26_COP_01
73,4.181818181818182,449.5819003240916,0.7473341999362857,2046.4292664284399,20,1,26_COP_01
73,4.363636363636363,499.05834309476415,0.7473341999362857,2046.4292664284399,20,1,26_COP_01
73,4.545454545454546,552.0971407607514,0.7473341999362857,2046.4292664284399,20,1,26_COP_01
73,4.7272727272727275,608.5559030857471,0.7473341999362857,2046.4292664284399,20,1,26_COP_01
73,4.909090909090908,668.2065424096768,0.7473341999362857,2046.4292664284399,20,1,26_COP_01
73,5.090909090909091,730.732691877804,0.7473341999362857,2046.4292664284399,20,1,26_COP_01
73,5.2727272727272725,795.7316046530229,0.7473341999362857,2046.4292664284399,20,1,26_COP_01
73,5.454545454545455,862.7210652932099,0.7473341999362857,2046.4292664284399,20,1,26_COP_01
73,5.636363636363637,931.1514057244988,0.7473341999362857,2046.4292664284399,20,1,26_COP_01
73,5.818181818181818,1000.4221957044939,0.7473341999362857,2046.4292664284399,20,1,26_COP_01
73,6.0,1069.9026456898303,0.7473341999362857,2046.4292664284399,20,1,26_COP_01
73,6.181818181818182,1138.9543065279104,0.7473341999362857,2046.4292664284399,20,1,26_COP_01
73,6.363636363636363,1206.9543574724562,0.7473341999362857,2046.4292664284399,20,1,26_COP_01
73,6.545454545454546,1273.3176975608835,0.7473341999362857,2046.4292664284399,20,1,26_COP_01
73,6.7272727272727275,1337.5162103079306,0.7473341999362857,2046.4292664284399,20,1,26_COP_01
73,6.909090909090908,1399.0939278757016,0.7473341999362857,2046.4292664284399,20,1,26_COP_01
73,7.090909090909091,1457.677311390436,0.7473341999362857,2046.4292664284399,20,1,26_COP_01
73,7.2727272727272725,1512.9804024052512,0.7473341999362857,2046.4292664284399,20,1,26_COP_01
73,7.454545454545455,1564.8051014423172,0.7473341999362857,2046.4292664284399,20,1,26_COP_01
73,7.636363636363637,1613.0372268756066,0.7473341999362857,2046.4292664284399,20,1,26_COP_01
73,7.818181818181818,1657.6392641187479,0.7473341999362857,2046.4292664284399,20,1,26_COP_01
73,8.0,1698.6408246975777,0.7473341999362857,2046.4292664284399,20,1,26_COP_01
73,8.181818181818182,1736.1278155926175,0.7473341999362857,2046.4292664284399,20,1,26_COP_01
73,8.363636363636363,1770.2312045956864,0.7473341999362857,2046.4292664284399,20,1,26_COP_01
73,8.545454545454545,1801.1160957238365,0.7473341999362857,2046.4292664284399,20,1,26_COP_01
73,8.727272727272727,1828.9716353935737,0.7473341999362857,2046.4292664284399,20,1,26_COP_01
73,8.90909090909091,1854.0020827143517,0.7473341999362857,2046.4292664284399,20,1,26_COP_01
73,9.090909090909092,1876.4192140304415,0.7473341999362857,2046.4292664284399,20,1,26_COP_01
73,9.272727272727273,1896.4361018940972,0.7473341999362857,2046.4292664284399,20,1,26_COP_01
73,9.454545454545455,1914.2622140847134,0.7473341999362857,2046.4292664284399,20,1,26_COP_01
73,9.636363636363637,1930.099716419767,0.7473341999362857,2046.4292664284399,20,1,26_COP_01
73,9.818181818181817,1944.1408286222613,0.7473341999362857,2046.4292664284399,20,1,26_COP_01
73,10.0,1956.566069144794,0.7473341999362857,2046.4292664284399,20,1,26_COP_01
73,10.181818181818182,1967.5432264991384,0.7473341999362857,2046.4292664284399,20,1,26_COP_01
73,10.363636363636365,1977.2269060061049,0.7473341999362857,2046.4292664284399,20,1,26_COP_01
73,10.545454545454545,1985.7585177405742,0.7473341999362857,2046.4292664284399,20,1,26_COP_01
73,10.727272727272727,1993.2665906716015,0.7473341999362857,2046.4292664284399,20,1,26_COP_01
73,10.90909090909091,1999.8673174316593,0.7473341999362857,2046.4292664284399,20,1,26_COP_01
73,11.09090909090909,2005.6652524297415,0.7473341999362857,2046.4292664284399,20,1,26_COP_01
73,11.272727272727273,2010.7541023891345,0.7473341999362857,2046.4292664284399,20,1,26_COP_01
73,11.454545454545455,2015.2175625095613,0.7473341999362857,2046.4292664284399,20,1,26_COP_01
73,11.636363636363637,2019.1301632776767,0.7473341999362857,2046.4292664284399,20,1,26_COP_01
73,11.818181818181818,2022.5581026074003,0.7473341999362857,2046.4292664284399,20,1,26_COP_01
73,12.0,2025.5600457054652,0.7473341999362857,2046.4292664284399,20,1,26_COP_01
73,12.181818181818182,2028.187881091689,0.7473341999362857,2046.4292664284399,20,1,26_COP_01
73,12.363636363636363,2030.4874258269904,0.7473341999362857,2046.4292664284399,20,1,26_COP_01
73,12.545454545454547,2032.49907646864,0.7473341999362857,2046.4292664284399,20,1,26_COP_01
73,12.727272727272727,2034.2584048084875,0.7473341999362857,2046.4292664284399,20,1,26_COP_01
73,12.909090909090908,2035.7966992517406,0.7473341999362857,2046.4292664284399,20,1,26_COP_01
73,13.090909090909092,2037.141453925525,0.7473341999362857,2046.4292664284399,20,1,26_COP_01
73,13.272727272727272,2038.316808402906,0.7473341999362857,2046.4292664284399,20,1,26_COP_01
73,13.454545454545455,2039.343941398005,0.7473341999362857,2046.4292664284399,20,1,26_COP_01
73,13.636363636363637,2040.241422017596,0.7473341999362857,2046.4292664284399,20,1,26_COP_01
73,13.818181818181817,2041.0255222115886,0.7473341999362857,2046.4292664284399,20,1,26_COP_01
73,14.0,2041.7104940010895,0.7473341999362857,2046.4292664284399,20,1,26_COP_01
73,14.181818181818182,2042.3088149178793,0.7473341999362857,2046.4292664284399,20,1,26_COP_01
73,14.363636363636363,2042.8314048928207,0.7473341999362857,2046.4292664284399,20,1,26_COP_01
73,14.545454545454545,2043.287817604798,0.7473341999362857,2046.4292664284399,20,1,26_COP_01
73,14.727272727272728,2043.6864090622173,0.7473341999362857,2046.4292664284399,20,1,26_COP_01
73,14.90909090909091,2044.034485947064,0.7473341999362857,2046.4292664284399,20,1,26_COP_01
73,15.09090909090909,2044.3384360147963,0.7473341999362857,2046.4292664284399,20,1,26_COP_01
73,15.272727272727273,2044.6038426170844,0.7473341999362857,2046.4292664284399,20,1,26_COP_01
73,15.454545454545453,2044.8355852017337,0.7473341999362857,2046.4292664284399,20,1,26_COP_01
73,15.636363636363637,2045.037927446816,0.7473341999362857,2046.4292664284399,20,1,26_COP_01
73,15.818181818181818,2045.214594504859,0.7473341999362857,2046.4292664284399,20,1,26_COP_01
73,16.0,2045.3688406678837,0.7473341999362857,2046.4292664284399,20,1,26_COP_01
73,16.181818181818183,2045.5035086147234,0.7473341999362857,2046.4292664284399,20,1,26_COP_01
73,16.363636363636363,2045.6210812676445,0.7473341999362857,2046.4292664284399,20,1,26_COP_01
73,16.545454545454547,2045.7237271648423,0.7473341999362857,2046.4292664284399,20,1,26_COP_01
73,16.727272727272727,2045.8133401478872,0.7473341999362857,2046.4292664284399,20,1,26_COP_01
73,16.90909090909091,2045.8915740675213,0.7473341999362857,2046.4292664284399,20,1,26_COP_01
73,17.09090909090909,2045.9598731263277,0.7473341999362857,2046.4292664284399,20,1,26_COP_01
73,17.272727272727273,2046.0194984016175,0.7473341999362857,2046.4292664284399,20,1,26_COP_01
73,17.454545454545453,2046.071551025463,0.7473341999362857,2046.4292664284399,20,1,26_COP_01
73,17.636363636363637,2046.1169924401904,0.7473341999362857,2046.4292664284399,20,1,26_COP_01
73,17.81818181818182,2046.15666209603,0.7473341999362857,2046.4292664284399,20,1,26_COP_01
73,18.0,2046.191292912175,0.7473341999362857,2046.4292664284399,20,1,26_COP_01
74,0.0,25.0,0.8155005014820386,2377.9001709980103,20,1,26_COP_01
74,0.18181818181818182,28.94709032461862,0.8155005014820386,2377.9001709980103,20,1,26_COP_01
74,0.36363636363636365,33.50848659031285,0.8155005014820386,2377.9001709980103,20,1,26_COP_01
74,0.5454545454545454,38.77678853354395,0.8155005014820386,2377.9001709980103,20,1,26_COP_01
74,0.7272727272727273,44.85753963412789,0.8155005014820386,2377.9001709980103,20,1,26_COP_01
74,0.9090909090909091,51.87069367081088,0.8155005014820386,2377.9001709980103,20,1,26_COP_01
74,1.0909090909090908,59.95212835002406,0.8155005014820386,2377.9001709980103,20,1,26_COP_01
74,1.2727272727272727,69.25515957141056,0.8155005014820386,2377.9001709980103,20,1,26_COP_01
74,1.4545454545454546,79.95198922231869,0.8155005014820386,2377.9001709980103,20,1,26_COP_01
74,1.6363636363636365,92.23499339869743,0.8155005014820386,2377.9001709980103,20,1,26_COP_01
74,1.8181818181818181,106.31772618727145,0.8155005014820386,2377.9001709980103,20,1,26_COP_01
74,2.0,122.4354766342602,0.8155005014820386,2377.9001709980103,20,1,26_COP_01
74,2.1818181818181817,140.8451740970624,0.8155005014820386,2377.9001709980103,20,1,26_COP_01
74,2.3636363636363638,161.8243919207435,0.8155005014820386,2377.9001709980103,20,1,26_COP_01
74,2.5454545454545454,185.66915522679517,0.8155005014820386,2377.9001709980103,20,1,26_COP_01
74,2.7272727272727275,212.69022193117883,0.8155005014820386,2377.9001709980103,20,1,26_COP_01
74,2.909090909090909,243.20748632913222,0.8155005014820386,2377.9001709980103,20,1,26_COP_01
74,3.090909090909091,277.5421644156323,0.8155005014820386,2377.9001709980103,20,1,26_COP_01
74,3.272727272727273,316.00647526347086,0.8155005014820386,2377.9001709980103,20,1,26_COP_01
74,3.454545454545454,358.8906505767668,0.8155005014820386,2377.9001709980103,20,1,26_COP_01
74,3.6363636363636362,406.4473009863928,0.8155005014820386,2377.9001709980103,20,1,26_COP_01
74,3.8181818181818183,458.87345264683137,0.8155005014820386,2377.9001709980103,20,1,26_COP_01
74,4.0,516.2909384043487,0.8155005014820386,2377.9001709980103,20,1,26_COP_01
74,4.181818181818182,578.7262612130038,0.8155005014820386,2377.9001709980103,20,1,26_COP_01
74,4.363636363636363,646.0914940930858,0.8155005014820386,2377.9001709980103,20,1,26_COP_01
74,4.545454545454546,718.1681630044618,0.8155005014820386,2377.9001709980103,20,1,26_COP_01
74,4.7272727272727275,794.5962769838069,0.8155005014820386,2377.9001709980103,20,1,26_COP_01
74,4.909090909090908,874.8706199033735,0.8155005014820386,2377.9001709980103,20,1,26_COP_01
74,5.090909090909091,958.3460201880637,0.8155005014820386,2377.9001709980103,20,1,26_COP_01
74,5.2727272727272725,1044.252545596177,0.8155005014820386,2377.9001709980103,20,1,26_COP_01
74,5.454545454545455,1131.7204904392268,0.8155005014820386,2377.9001709980103,20,1,26_COP_01
74,5.636363636363637,1219.8137844785504,0.8155005014820386,2377.9001709980103,20,1,26_COP_01
74,5.818181818181818,1307.5692777453892,0.8155005014820386,2377.9001709980103,20,1,26_COP_01
74,6.0,1394.0384837409151,0.8155005014820386,2377.9001709980103,20,1,26_COP_01
74,6.181818181818182,1478.3279871321733,0.8155005014820386,2377.9001709980103,20,1,26_COP_01
74,6.363636363636363,1559.6349273256103,0.8155005014820386,2377.9001709980103,20,1,26_COP_01
74,6.545454545454546,1637.274708957257,0.8155005014820386,2377.9001709980103,20,1,26_COP_01
74,6.7272727272727275,1710.6991988318416,0.8155005014820386,2377.9001709980103,20,1,26_COP_01
74,6.909090909090908,1779.504913349584,0.8155005014820386,2377.9001709980103,20,1,26_COP_01
74,7.090909090909091,1843.4318474597887,0.8155005014820386,2377.9001709980103,20,1,26_COP_01
74,7.2727272727272725,1902.3544690330705,0.8155005014820386,2377.9001709980103,20,1,26_COP_01
74,7.454545454545455,1956.26691273805,0.8155005014820386,2377.9001709980103,20,1,26_COP_01
74,7.636363636363637,2005.2645552979413,0.8155005014820386,2377.9001709980103,20,1,26_COP_01
74,7.818181818181818,2049.524005858769,0.8155005014820386,2377.9001709980103,20,1,26_COP_01
74,8.0,2089.283201195633,0.8155005014820386,2377.9001709980103,20,1,26_COP_01
74,8.181818181818182,2124.8228588343136,0.8155005014820386,2377.9001709980103,20,1,26_COP_01
74,8.363636363636363,2156.450097301933,0.8155005014820386,2377.9001709980103,20,1,26_COP_01
74,8.545454545454545,2184.4846397083434,0.8155005014820386,2377.9001709980103,20,1,26_COP_01
74,8.727272727272727,2209.2477051208334,0.8155005014820386,2377.9001709980103,20,1,26_COP_01
74,8.90909090909091,2231.0534698237398,0.8155005014820386,2377.9001709980103,20,1,26_COP_01
74,9.090909090909092,2250.2028407105568,0.8155005014820386,2377.9001709980103,20,1,26_COP_01
74,9.272727272727273,2266.979210968646,0.8155005014820386,2377.9001709980103,20,1,26_COP_01
74,9.454545454545455,2281.6458465692276,0.8155005014820386,2377.9001709980103,20,1,26_COP_01
74,9.636363636363637,2294.444564469094,0.8155005014820386,2377.9001709980103,20,1,26_COP_01
74,9.818181818181817,2305.59539617705,0.8155005014820386,2377.9001709980103,20,1,26_COP_01
74,10.0,2315.296973048246,0.8155005014820386,2377.9001709980103,20,1,26_COP_01
74,10.181818181818182,2323.727415105939,0.8155005014820386,2377.9001709980103,20,1,26_COP_01
74,10.363636363636365,2331.0455487566683,0.8155005014820386,2377.9001709980103,20,1,26_COP_01
74,10.545454545454545,2337.3923178823725,0.8155005014820386,2377.9001709980103,20,1,26_COP_01
74,10.727272727272727,2342.8922863083276,0.8155005014820386,2377.9001709980103,20,1,26_COP_01
74,10.90909090909091,2347.655157337281,0.8155005014820386,2377.9001709980103,20,1,26_COP_01
74,11.09090909090909,2351.777258242389,0.8155005014820386,2377.9001709980103,20,1,26_COP_01
74,11.272727272727273,2355.342954947693,0.8155005014820386,2377.9001709980103,20,1,26_COP_01
74,11.454545454545455,2358.4259753299875,0.8155005014820386,2377.9001709980103,20,1,26_COP_01
74,11.636363636363637,2361.0906293877188,0.8155005014820386,2377.9001709980103,20,1,26_COP_01
74,11.818181818181818,2363.3929216204515,0.8155005014820386,2377.9001709980103,20,1,26_COP_01
74,12.0,2365.381555939072,0.8155005014820386,2377.9001709980103,20,1,26_COP_01
74,12.181818181818182,2367.0988367796294,0.8155005014820386,2377.9001709980103,20,1,26_COP_01
74,12.363636363636363,2368.5814722278215,0.8155005014820386,2377.9001709980103,20,1,26_COP_01
74,12.545454545454547,2369.8612861993,0.8155005014820386,2377.9001709980103,20,1,26_COP_01
74,12.727272727272727,2370.9658473150425,0.8155005014820386,2377.9001709980103,20,1,26_COP_01
74,12.909090909090908,2371.919022254017,0.8155005014820386,2377.9001709980103,20,1,26_COP_01
74,13.090909090909092,2372.741461202938,0.8155005014820386,2377.9001709980103,20,1,26_COP_01
74,13.272727272727272,2373.4510226630487,0.8155005014820386,2377.9001709980103,20,1,26_COP_01
74,13.454545454545455,2374.06314439537,0.8155005014820386,2377.9001709980103,20,1,26_COP_01
74,13.636363636363637,2374.5911667451433,0.8155005014820386,2377.9001709980103,20,1,26_COP_01
74,13.818181818181817,2375.0466140226486,0.8155005014820386,2377.9001709980103,20,1,26_COP_01
74,14.0,2375.4394390580196,0.8155005014820386,2377.9001709980103,20,1,26_COP_01
74,14.181818181818182,2375.7782355096374,0.8155005014820386,2377.9001709980103,20,1,26_COP_01
74,14.363636363636363,2376.0704219998424,0.8155005014820386,2377.9001709980103,20,1,26_COP_01
74,14.545454545454545,2376.322401684132,0.8155005014820386,2377.9001709980103,20,1,26_COP_01
74,14.727272727272728,2376.5397004331508,0.8155005014820386,2377.9001709980103,20,1,26_COP_01
74,14.90909090909091,2376.7270864210846,0.8155005014820386,2377.9001709980103,20,1,26_COP_01
74,15.09090909090909,2376.8886735682,0.8155005014820386,2377.9001709980103,20,1,26_COP_01
74,15.272727272727273,2377.0280109771525,0.8155005014820386,2377.9001709980103,20,1,26_COP_01
74,15.454545454545453,2377.1481602296312,0.8155005014820386,2377.9001709980103,20,1,26_COP_01
74,15.636363636363637,2377.25176216889,0.8155005014820386,2377.9001709980103,20,1,26_COP_01
74,15.818181818181818,2377.3410945818164,0.8155005014820386,2377.9001709980103,20,1,26_COP_01
74,16.0,2377.418122008392,0.8155005014820386,2377.9001709980103,20,1,26_COP_01
74,16.181818181818183,2377.4845387439013,0.8155005014820386,2377.9001709980103,20,1,26_COP_01
74,16.363636363636363,2377.5418059574276,0.8155005014820386,2377.9001709980103,20,1,26_COP_01
74,16.545454545454547,2377.591183726641,0.8155005014820386,2377.9001709980103,20,1,26_COP_01
74,16.727272727272727,2377.633758681374,0.8155005014820386,2377.9001709980103,20,1,26_COP_01
74,16.90909090909091,2377.6704678551587,0.8155005014820386,2377.9001709980103,20,1,26_COP_01
74,17.09090909090909,2377.7021192628167,0.8155005014820386,2377.9001709980103,20,1,26_COP_01
74,17.272727272727273,2377.729409651964,0.8155005014820386,2377.9001709980103,20,1,26_COP_01
74,17.454545454545453,2377.7529398154215,0.8155005014820386,2377.9001709980103,20,1,26_COP_01
74,17.636363636363637,2377.773227798809,0.8155005014820386,2377.9001709980103,20,1,26_COP_01
74,17.81818181818182,2377.790720292028,0.8155005014820386,2377.9001709980103,20,1,26_COP_01
74,18.0,2377.8058024538777,0.8155005014820386,2377.9001709980103,20,1,26_COP_01
75,0.0,25.0,0.8232521615823674,3943.108698083908,20,1,26_COP_01
75,0.18181818181818182,29.00693219962508,0.8232521615823674,3943.108698083908,20,1,26_COP_01
75,0.36363636363636365,33.65056893457393,0.8232521615823674,3943.108698083908,20,1,26_COP_01
75,0.5454545454545454,39.030179366514766,0.8232521615823674,3943.108698083908,20,1,26_COP_01
75,0.7272727272727273,45.259854688401724,0.8232521615823674,3943.108698083908,20,1,26_COP_01
75,0.9090909090909091,52.47049569910828,0.8232521615823674,3943.108698083908,20,1,26_COP_01
75,1.0909090909090908,60.81198818942072,0.8232521615823674,3943.108698083908,20,1,26_COP_01
75,1.2727272727272727,70.45555459882951,0.8232521615823674,3943.108698083908,20,1,26_COP_01
75,1.4545454545454546,81.59625636681432,0.8232521615823674,3943.108698083908,20,1,26_COP_01
75,1.6363636363636365,94.45560210757317,0.8232521615823674,3943.108698083908,20,1,26_COP_01
75,1.8181818181818181,109.28419090484763,0.8232521615823674,3943.108698083908,20,1,26_COP_01
75,2.0,126.36428629603905,0.8232521615823674,3943.108698083908,20,1,26_COP_01
75,2.1818181818181817,146.01217359383077,0.8232521615823674,3943.108698083908,20,1,26_COP_01
75,2.3636363636363638,168.58010007998448,0.8232521615823674,3943.108698083908,20,1,26_COP_01
75,2.5454545454545454,194.45753398133513,0.8232521615823674,3943.108698083908,20,1,26_COP_01
75,2.7272727272727275,224.0714049273644,0.8232521615823674,3943.108698083908,20,1,26_COP_01
75,2.909090909090909,257.8849087372463,0.8232521615823674,3943.108698083908,20,1,26_COP_01
75,3.090909090909091,296.3943788477706,0.8232521615823674,3943.108698083908,20,1,26_COP_01
75,3.272727272727273,340.1236555799068,0.8232521615823674,3943.108698083908,20,1,26_COP_01
75,3.454545454545454,389.615338127035,0.8232521615823674,3943.108698083908,20,1,26_COP_01
75,3.6363636363636362,445.41830402166204,0.8232521615823674,3943.108698083908,20,1,26_COP_01
75,3.8181818181818183,508.0709541126829,0.8232521615823674,3943.108698083908,20,1,26_COP_01
75,4.0,578.0798188829616,0.8232521615823674,3943.108698083908,20,1,26_COP_01
75,4.181818181818182,655.8934747302244,0.8232521615823674,3943.108698083908,20,1,26_COP_01
75,4.363636363636363,741.8721884849717,0.8232521615823674,3943.108698083908,20,1,26_COP_01
75,4.545454545454546,836.254336721908,0.8232521615823674,3943.108698083908,20,1,26_COP_01
75,4.7272727272727275,939.1214013034198,0.8232521615823674,3943.108698083908,20,1,26_COP_01
75,4.909090909090908,1050.3641456272333,0.8232521615823674,3943.108698083908,20,1,26_COP_01
75,5.090909090909091,1169.653296560437,0.8232521615823674,3943.108698083908,20,1,26_COP_01
75,5.2727272727272725,1296.4185202252143,0.8232521615823674,3943.108698083908,20,1,26_COP_01
75,5.454545454545455,1429.8394947201366,0.8232521615823674,3943.108698083908,20,1,26_COP_01
75,5.636363636363637,1568.8522911038253,0.8232521615823674,3943.108698083908,20,1,26_COP_01
75,5.818181818181818,1712.1730104542564,0.8232521615823674,3943.108698083908,20,1,26_COP_01
75,6.0,1858.3387716409204,0.8232521615823674,3943.108698083908,20,1,26_COP_01
75,6.181818181818182,2005.7639525263369,0.8232521615823674,3943.108698083908,20,1,26_COP_01
75,6.363636363636363,2152.807445167667,0.8232521615823674,3943.108698083908,20,1,26_COP_01
75,6.545454545454546,2297.8450321544333,0.8232521615823674,3943.108698083908,20,1,26_COP_01
75,6.7272727272727275,2439.340194794357,0.8232521615823674,3943.108698083908,20,1,26_COP_01
75,6.909090909090908,2575.9069095215223,0.8232521615823674,3943.108698083908,20,1,26_COP_01
75,7.090909090909091,2706.359219067431,0.8232521615823674,3943.108698083908,20,1,26_COP_01
75,7.2727272727272725,2829.744298041029,0.8232521615823674,3943.108698083908,20,1,26_COP_01
75,7.454545454545455,2945.357951913588,0.8232521615823674,3943.108698083908,20,1,26_COP_01
75,7.636363636363637,3052.743564630882,0.8232521615823674,3943.108698083908,20,1,26_COP_01
75,7.818181818181818,3151.6771108099597,0.8232521615823674,3943.108698083908,20,1,26_COP_01
75,8.0,3242.1418007516745,0.8232521615823674,3943.108698083908,20,1,26_COP_01
75,8.181818181818182,3324.296221713591,0.8232521615823674,3943.108698083908,20,1,26_COP_01
75,8.363636363636363,3398.4395930756236,0.8232521615823674,3943.108698083908,20,1,26_COP_01
75,8.545454545454545,3464.9771468405893,0.8232521615823674,3943.108698083908,20,1,26_COP_01
75,8.727272727272727,3524.3878666714377,0.8232521615823674,3943.108698083908,20,1,26_COP_01
75,8.90909090909091,3577.196024889621,0.8232521615823674,3943.108698083908,20,1,26_COP_01
75,9.090909090909092,3623.947253993705,0.8232521615823674,3943.108698083908,20,1,26_COP_01
75,9.272727272727273,3665.189332934992,0.8232521615823674,3943.108698083908,20,1,26_COP_01
75,9.454545454545455,3701.4574732208434,0.8232521615823674,3943.108698083908,20,1,26_COP_01
75,9.636363636363637,3733.263643195621,0.8232521615823674,3943.108698083908,20,1,26_COP_01
75,9.818181818181817,3761.0893434945374,0.8232521615823674,3943.108698083908,20,1,26_COP_01
75,10.0,3785.3812111334287,0.8232521615823674,3943.108698083908,20,1,26_COP_01
75,10.181818181818182,3806.5488542939875,0.8232521615823674,3943.108698083908,20,1,26_COP_01
75,10.363636363636365,3824.9643799640785,0.8232521615823674,3943.108698083908,20,1,26_COP_01
75,10.545454545454545,3840.9631536446486,0.8232521615823674,3943.108698083908,20,1,26_COP_01
75,10.727272727272727,3854.8454115309796,0.8232521615823674,3943.108698083908,20,1,26_COP_01
75,10.90909090909091,3866.878422880438,0.8232521615823674,3943.108698083908,20,1,26_COP_01
75,11.09090909090909,3877.29896926706,0.8232521615823674,3943.108698083908,20,1,26_COP_01
75,11.272727272727273,3886.3159661975897,0.8232521615823674,3943.108698083908,20,1,26_COP_01
75,11.454545454545455,3894.1131008587336,0.8232521615823674,3943.108698083908,20,1,26_COP_01
75,11.636363636363637,3900.8513982735235,0.8232521615823674,3943.108698083908,20,1,26_COP_01
75,11.818181818181818,3906.6716580415996,0.8232521615823674,3943.108698083908,20,1,26_COP_01
75,12.0,3911.696726472493,0.8232521615823674,3943.108698083908,20,1,26_COP_01
75,12.181818181818182,3916.0335856259335,0.8232521615823674,3943.108698083908,20,1,26_COP_01
75,12.363636363636363,3919.775252764113,0.8232521615823674,3943.108698083908,20,1,26_COP_01
75,12.545454545454547,3923.0024920486867,0.8232521615823674,3943.108698083908,20,1,26_COP_01
75,12.727272727272727,3925.7853458560203,0.8232521615823674,3943.108698083908,20,1,26_COP_01
75,12.909090909090908,3928.184496546784,0.8232521615823674,3943.108698083908,20,1,26_COP_01
75,13.090909090909092,3930.2524714716487,0.8232521615823674,3943.108698083908,20,1,26_COP_01
75,13.272727272727272,3932.034704858628,0.8232521615823674,3943.108698083908,20,1,26_COP_01
75,13.454545454545455,3933.5704703413276,0.8232521615823674,3943.108698083908,20,1,26_COP_01
75,13.636363636363637,3934.8936974995386,0.8232521615823674,3943.108698083908,20,1,26_COP_01
75,13.818181818181817,3936.0336850775016,0.8232521615823674,3943.108698083908,20,1,26_COP_01
75,14.0,3937.015722653349,0.8232521615823674,3943.108698083908,20,1,26_COP_01
75,14.181818181818182,3937.861631549928,0.8232521615823674,3943.108698083908,20,1,26_COP_01
75,14.363636363636363,3938.5902347675124,0.8232521615823674,3943.108698083908,20,1,26_COP_01
75,14.545454545454545,3939.217764726546,0.8232521615823674,3943.108698083908,20,1,26_COP_01
75,14.727272727272728,3939.7582166616517,0.8232521615823674,3943.108698083908,20,1,26_COP_01
75,14.90909090909091,3940.2236546232893,0.8232521615823674,3943.108698083908,20,1,26_COP_01
75,15.09090909090909,3940.624476229597,0.8232521615823674,3943.108698083908,20,1,26_COP_01
75,15.272727272727273,3940.96964157118,0.8232521615823674,3943.108698083908,20,1,26_COP_01
75,15.454545454545453,3941.2668710056582,0.8232521615823674,3943.108698083908,20,1,26_COP_01
75,15.636363636363637,3941.5228159835424,0.8232521615823674,3943.108698083908,20,1,26_COP_01
75,15.818181818181818,3941.7432065184335,0.8232521615823674,3943.108698083908,20,1,26_COP_01
75,16.0,3941.9329784472593,0.8232521615823674,3943.108698083908,20,1,26_COP_01
75,16.181818181818183,3942.096383215016,0.8232521615823674,3943.108698083908,20,1,26_COP_01
75,16.363636363636363,3942.237082557678,0.8232521615823674,3943.108698083908,20,1,26_COP_01
75,16.545454545454547,3942.358230141342,0.8232521615823674,3943.108698083908,20,1,26_COP_01
75,16.727272727272727,3942.4625419402105,0.8232521615823674,3943.108698083908,20,1,26_COP_01
75,16.90909090909091,3942.5523568961657,0.8232521615823674,3943.108698083908,20,1,26_COP_01
75,17.09090909090909,3942.6296891940433,0.8232521615823674,3943.108698083908,20,1,26_COP_01
75,17.272727272727273,3942.6962733056675,0.8232521615823674,3943.108698083908,20,1,26_COP_01
75,17.454545454545453,3942.753602798612,0.8232521615823674,3943.108698083908,20,1,26_COP_01
75,17.636363636363637,3942.8029637696063,0.8232521615823674,3943.108698083908,20,1,26_COP_01
75,17.81818181818182,3942.845463644757,0.8232521615823674,3943.108698083908,20,1,26_COP_01
75,18.0,3942.882055986875,0.8232521615823674,3943.108698083908,20,1,26_COP_01
76,0.0,24.999999999999996,0.9932547316105614,1775.021574841689,26,1,26_COP_01
76,0.18181818181818182,29.864898143342078,0.9932547316105614,1775.021574841689,26,1,26_COP_01
76,0.36363636363636365,35.657196574563535,0.9932547316105614,1775.021574841689,26,1,26_COP_01
76,0.5454545454545454,42.545523568166374,0.9932547316105614,1775.021574841689,26,1,26_COP_01
76,0.7272727272727273,50.72574332349443,0.9932547316105614,1775.021574841689,26,1,26_COP_01
76,0.9090909090909091,60.4239171935261,0.9932547316105614,1775.021574841689,26,1,26_COP_01
76,1.0909090909090908,71.89895469841203,0.9932547316105614,1775.021574841689,26,1,26_COP_01
76,1.2727272727272727,85.44460555962071,0.9932547316105614,1775.021574841689,26,1,26_COP_01
76,1.4545454545454546,101.39031143803543,0.9932547316105614,1775.021574841689,26,1,26_COP_01
76,1.6363636363636365,120.10028271190565,0.9932547316105614,1775.021574841689,26,1,26_COP_01
76,1.8181818181818181,141.97000405670173,0.9932547316105614,1775.021574841689,26,1,26_COP_01
76,2.0,167.4192281696524,0.9932547316105614,1775.021574841689,26,1,26_COP_01
76,2.1818181818181817,196.8804325914643,0.9932547316105614,1775.021574841689,26,1,26_COP_01
76,2.3636363636363638,230.7817536761713,0.9932547316105614,1775.021574841689,26,1,26_COP_01
76,2.5454545454545454,269.5236565958015,0.9932547316105614,1775.021574841689,26,1,26_COP_01
76,2.7272727272727275,313.44914040092203,0.9932547316105614,1775.021574841689,26,1,26_COP_01
76,2.909090909090909,362.8081831654864,0.9932547316105614,1775.021574841689,26,1,26_COP_01
76,3.090909090909091,417.718412191969,0.9932547316105614,1775.021574841689,26,1,26_COP_01
76,3.272727272727273,478.12552860658724,0.9932547316105614,1775.021574841689,26,1,26_COP_01
76,3.454545454545454,543.7685501058673,0.9932547316105614,1775.021574841689,26,1,26_COP_01
76,3.6363636363636362,614.1560163610749,0.9932547316105614,1775.021574841689,26,1,26_COP_01
76,3.8181818181818183,688.5593928226606,0.9932547316105614,1775.021574841689,26,1,26_COP_01
76,4.0,766.0285599234003,0.9932547316105614,1775.021574841689,26,1,26_COP_01
76,4.181818181818182,845.4313612839406,0.9932547316105614,1775.021574841689,26,1,26_COP_01
76,4.363636363636363,925.5151046052881,0.9932547316105614,1775.021574841689,26,1,26_COP_01
76,4.545454545454546,1004.9835972947037,0.9932547316105614,1775.021574841689,26,1,26_COP_01
76,4.7272727272727275,1082.5799744148105,0.9932547316105614,1775.021574841689,26,1,26_COP_01
76,4.909090909090908,1157.1642857154823,0.9932547316105614,1775.021574841689,26,1,26_COP_01
76,5.090909090909091,1227.77597760726,0.9932547316105614,1775.021574841689,26,1,26_COP_01
76,5.2727272727272725,1293.6746484192677,0.9932547316105614,1775.021574841689,26,1,26_COP_01
76,5.454545454545455,1354.3567467208545,0.9932547316105614,1775.021574841689,26,1,26_COP_01
76,5.636363636363637,1409.55000072525,0.9932547316105614,1775.021574841689,26,1,26_COP_01
76,5.818181818181818,1459.1903541653305,0.9932547316105614,1775.021574841689,26,1,26_COP_01
76,6.0,1503.387613296967,0.9932547316105614,1775.021574841689,26,1,26_COP_01
76,6.181818181818182,1542.3859826599487,0.9932547316105614,1775.021574841689,26,1,26_COP_01
76,6.363636363636363,1576.524623773193,0.9932547316105614,1775.021574841689,26,1,26_COP_01
76,6.545454545454546,1606.2018476294631,0.9932547316105614,1775.021574841689,26,1,26_COP_01
76,6.7272727272727275,1631.8449998496997,0.9932547316105614,1775.021574841689,26,1,26_COP_01
76,6.909090909090908,1653.8868000489326,0.9932547316105614,1775.021574841689,26,1,26_COP_01
76,7.090909090909091,1672.74797133944,0.9932547316105614,1775.021574841689,26,1,26_COP_01
76,7.2727272727272725,1688.825438504507,0.9932547316105614,1775.021574841689,26,1,26_COP_01
76,7.454545454545455,1702.4851156357665,0.9932547316105614,1775.021574841689,26,1,26_COP_01
76,7.636363636363637,1714.0582565644813,0.9932547316105614,1775.021574841689,26,1,26_COP_01
76,7.818181818181818,1723.8404212279806,0.9932547316105614,1775.021574841689,26,1,26_COP_01
76,8.0,1732.092253676199,0.9932547316105614,1775.021574841689,26,1,26_COP_01
76,8.181818181818182,1739.0414288662487,0.9932547316105614,1775.021574841689,26,1,26_COP_01
76,8.363636363636363,1744.885279552311,0.9932547316105614,1775.021574841689,26,1,26_COP_01
76,8.545454545454545,1749.793748346629,0.9932547316105614,1775.021574841689,26,1,26_COP_01
76,8.727272727272727,1753.9124188528335,0.9932547316105614,1775.021574841689,26,1,26_COP_01
76,8.90909090909091,1757.3654640877778,0.9932547316105614,1775.021574841689,26,1,26_COP_01
76,9.090909090909092,1760.2584131326093,0.9932547316105614,1775.021574841689,26,1,26_COP_01
76,9.272727272727273,1762.6806819190367,0.9932547316105614,1775.021574841689,26,1,26_COP_01
76,9.454545454545455,1764.707845109429,0.9932547316105614,1775.021574841689,26,1,26_COP_01
76,9.636363636363637,1766.4036465912127,0.9932547316105614,1775.021574841689,26,1,26_COP_01
76,9.818181818181817,1767.8217590096735,0.9932547316105614,1775.021574841689,26,1,26_COP_01
76,10.0,1769.007310241829,0.9932547316105614,1775.021574841689,26,1,26_COP_01
76,10.181818181818182,1769.998198464507,0.9932547316105614,1775.021574841689,26,1,26_COP_01
76,10.363636363636365,1770.8262187442022,0.9932547316105614,1775.021574841689,26,1,26_COP_01
76,10.545454545454545,1771.5180237745672,0.9932547316105614,1775.021574841689,26,1,26_COP_01
76,10.727272727272727,1772.0959401410823,0.9932547316105614,1775.021574841689,26,1,26_COP_01
76,10.90909090909091,1772.5786597334309,0.9932547316105614,1775.021574841689,26,1,26_COP_01
76,11.09090909090909,1772.9818239418382,0.9932547316105614,1775.021574841689,26,1,26_COP_01
76,11.272727272727273,1773.318516248769,0.9932547316105614,1775.021574841689,26,1,26_COP_01
76,11.454545454545455,1773.5996768750404,0.9932547316105614,1775.021574841689,26,1,26_COP_01
76,11.636363636363637,1773.8344513239383,0.9932547316105614,1775.021574841689,26,1,26_COP_01
76,11.818181818181818,1774.0304830201965,0.9932547316105614,1775.021574841689,26,1,26_COP_01
76,12.0,1774.194158773551,0.9932547316105614,1775.021574841689,26,1,26_COP_01
76,12.181818181818182,1774.3308145067235,0.9932547316105614,1775.021574841689,26,1,26_COP_01
76,12.363636363636363,1774.4449075652628,0.9932547316105614,1775.021574841689,26,1,26_COP_01
76,12.545454545454547,1774.5401609575724,0.9932547316105614,1775.021574841689,26,1,26_COP_01
76,12.727272727272727,1774.6196840420553,0.9932547316105614,1775.021574841689,26,1,26_COP_01
76,12.909090909090908,1774.6860734684747,0.9932547316105614,1775.021574841689,26,1,26_COP_01
76,13.090909090909092,1774.741497577134,0.9932547316105614,1775.021574841689,26,1,26_COP_01
76,13.272727272727272,1774.7877669479462,0.9932547316105614,1775.021574841689,26,1,26_COP_01
76,13.454545454545455,1774.8263933591165,0.9932547316105614,1775.021574841689,26,1,26_COP_01
76,13.636363636363637,1774.8586390504497,0.9932547316105614,1775.021574841689,26,1,26_COP_01
76,13.818181818181817,1774.8855578792643,0.9932547316105614,1775.021574841689,26,1,26_COP_01
76,14.0,1774.908029698726,0.9932547316105614,1775.021574841689,26,1,26_COP_01
76,14.181818181818182,1774.9267890716453,0.9932547316105614,1775.021574841689,26,1,26_COP_01
76,14.363636363636363,1774.942449250933,0.9932547316105614,1775.021574841689,26,1,26_COP_01
76,14.545454545454545,1774.955522205485,0.9932547316105614,1775.021574841689,26,1,26_COP_01
76,14.727272727272728,1774.9664353425885,0.9932547316105614,1775.021574841689,26,1,26_COP_01
76,14.90909090909091,1774.9755454710644,0.9932547316105614,1775.021574841689,26,1,26_COP_01
76,15.09090909090909,1774.98315045993,0.9932547316105614,1775.021574841689,26,1,26_COP_01
76,15.272727272727273,1774.9894989725562,0.9932547316105614,1775.021574841689,26,1,26_COP_01
76,15.454545454545453,1774.994798593757,0.9932547316105614,1775.021574841689,26,1,26_COP_01
76,15.636363636363637,1774.999222614952,0.9932547316105614,1775.021574841689,26,1,26_COP_01
76,15.818181818181818,1775.002915698869,0.9932547316105614,1775.021574841689,26,1,26_COP_01
76,16.0,1775.0059986087172,0.9932547316105614,1775.021574841689,26,1,26_COP_01
76,16.181818181818183,1775.0085721562864,0.9932547316105614,1775.021574841689,26,1,26_COP_01
76,16.363636363636363,1775.010720497928,0.9932547316105614,1775.021574841689,26,1,26_COP_01
76,16.545454545454547,1775.012513886104,0.9932547316105614,1775.021574841689,26,1,26_COP_01
76,16.727272727272727,1775.014010966413,0.9932547316105614,1775.021574841689,26,1,26_COP_01
76,16.90909090909091,1775.0152606951644,0.9932547316105614,1775.021574841689,26,1,26_COP_01
76,17.09090909090909,1775.016303940168,0.9932547316105614,1775.021574841689,26,1,26_COP_01
76,17.272727272727273,1775.0171748170717,0.9932547316105614,1775.021574841689,26,1,26_COP_01
76,17.454545454545453,1775.0179018049253,0.9932547316105614,1775.021574841689,26,1,26_COP_01
76,17.636363636363637,1775.018508677445,0.9932547316105614,1775.021574841689,26,1,26_COP_01
76,17.81818181818182,1775.01901528042,0.9932547316105614,1775.021574841689,26,1,26_COP_01
76,18.0,1775.0194381806823,0.9932547316105614,1775.021574841689,26,1,26_COP_01
77,0.0,25.0,0.484487685045254,12853.012288076594,26,1,26_COP_01
77,0.22222222222222224,27.83568071376081,0.484487685045254,12853.012288076594,26,1,26_COP_01
77,0.4444444444444445,30.99222774773923,0.484487685045254,12853.012288076594,26,1,26_COP_01
77,0.6666666666666667,34.505761988065416,0.484487685045254,12853.012288076594,26,1,26_COP_01
77,0.888888888888889,38.41642598546804,0.484487685045254,12853.012288076594,26,1,26_COP_01
77,1.1111111111111112,42.768821047508155,0.484487685045254,12853.012288076594,26,1,26_COP_01
77,1.3333333333333335,47.61248926969416,0.484487685045254,12853.012288076594,26,1,26_COP_01
77,1.5555555555555556,53.00244450117571,0.484487685045254,12853.012288076594,26,1,26_COP_01
77,1.777777777777778,58.99975643804758,0.484487685045254,12853.012288076594,26,1,26_COP_01
77,2.0,65.67219219924503,0.484487685045254,12853.012288076594,26,1,26_COP_01
77,2.2222222222222223,73.09491985011117,0.484487685045254,12853.012288076594,26,1,26_COP_01
77,2.444444444444444,81.35127837615883,0.484487685045254,12853.012288076594,26,1,26_COP_01
77,2.666666666666667,90.5336185482962,0.484487685045254,12853.012288076594,26,1,26_COP_01
77,2.8888888888888893,100.74421892853388,0.484487685045254,12853.012288076594,26,1,26_COP_01
77,3.111111111111111,112.09628090221392,0.484487685045254,12853.012288076594,26,1,26_COP_01
77,3.3333333333333335,124.71500604064774,0.484487685045254,12853.012288076594,26,1,26_COP_01
77,3.555555555555556,138.73875823816,0.484487685045254,12853.012288076594,26,1,26_COP_01
77,3.7777777777777777,154.32031185978613,0.484487685045254,12853.012288076594,26,1,26_COP_01
77,4.0,171.62818549715092,0.484487685045254,12853.012288076594,26,1,26_COP_01
77,4.222222222222222,190.8480587629697,0.484487685045254,12853.012288076594,26,1,26_COP_01
77,4.444444444444445,212.18426674653762,0.484487685045254,12853.012288076594,26,1,26_COP_01
77,4.666666666666667,235.86136317524137,0.484487685045254,12853.012288076594,26,1,26_COP_01
77,4.888888888888888,262.1257388372232,0.484487685045254,12853.012288076594,26,1,26_COP_01
77,5.111111111111111,291.2472762614143,0.484487685045254,12853.012288076594,26,1,26_COP_01
77,5.333333333333334,323.5210148577497,0.484487685045254,12853.012288076594,26,1,26_COP_01
77,5.555555555555556,359.26879252481166,0.484487685045254,12853.012288076594,26,1,26_COP_01
77,5.777777777777779,398.8408199753275,0.484487685045254,12853.012288076594,26,1,26_COP_01
77,6.0,442.6171325771622,0.484487685045254,12853.012288076594,26,1,26_COP_01
77,6.222222222222222,491.0088512705232,0.484487685045254,12853.012288076594,26,1,26_COP_01
77,6.444444444444445,544.4591690894284,0.484487685045254,12853.012288076594,26,1,26_COP_01
77,6.666666666666667,603.4439630911259,0.484487685045254,12853.012288076594,26,1,26_COP_01
77,6.888888888888889,668.4719133500711,0.484487685045254,12853.012288076594,26,1,26_COP_01
77,7.111111111111112,740.083991596845,0.484487685045254,12853.012288076594,26,1,26_COP_01
77,7.333333333333333,818.8521628641163,0.484487685045254,12853.012288076594,26,1,26_COP_01
77,7.555555555555555,905.3771252973202,0.484487685045254,12853.012288076594,26,1,26_COP_01
77,7.777777777777778,1000.2848976968912,0.484487685045254,12853.012288076594,26,1,26_COP_01
77,8.0,1104.2220534905628,0.484487685045254,12853.012288076594,26,1,26_COP_01
77,8.222222222222223,1217.8493963456897,0.484487685045254,12853.012288076594,26,1,26_COP_01
77,8.444444444444445,1341.8338797214897,0.484487685045254,12853.012288076594,26,1,26_COP_01
77,8.666666666666666,1476.838593988623,0.484487685045254,12853.012288076594,26,1,26_COP_01
77,8.88888888888889,1623.510684242359,0.484487685045254,12853.012288076594,26,1,26_COP_01
77,9.11111111111111,1782.4671234911946,0.484487685045254,12853.012288076594,26,1,26_COP_01
77,9.333333333333334,1954.2783528654056,0.484487685045254,12853.012288076594,26,1,26_COP_01
77,9.555555555555555,2139.4499150137426,0.484487685045254,12853.012288076594,26,1,26_COP_01
77,9.777777777777777,2338.4023490787613,0.484487685045254,12853.012288076594,26,1,26_COP_01
77,10.0,2551.4497827662112,0.484487685045254,12853.012288076594,26,1,26_COP_01
77,10.222222222222221,2778.7778424205035,0.484487685045254,12853.012288076594,26,1,26_COP_01
77,10.444444444444445,3020.421694515587,0.484487685045254,12853.012288076594,26,1,26_COP_01
77,10.666666666666668,3276.2452155782885,0.484487685045254,12853.012288076594,26,1,26_COP_01
77,10.88888888888889,3545.9224418785416,0.484487685045254,12853.012288076594,26,1,26_COP_01
77,11.111111111111112,3828.9225517634677,0.484487685045254,12853.012288076594,26,1,26_COP_01
77,11.333333333333332,4124.49965809209,0.484487685045254,12853.012288076594,26,1,26_COP_01
77,11.555555555555557,4431.6886143231295,0.484487685045254,12853.012288076594,26,1,26_COP_01
77,11.777777777777779,4749.307850610644,0.484487685045254,12853.012288076594,26,1,26_COP_01
77,12.0,5075.969951777172,0.484487685045254,12853.012288076594,26,1,26_COP_01
77,12.222222222222223,5410.10027740174,0.484487685045254,12853.012288076594,26,1,26_COP_01
77,12.444444444444445,5749.963431347409,0.484487685045254,12853.012288076594,26,1,26_COP_01
77,12.666666666666668,6093.696854531128,0.484487685045254,12853.012288076594,26,1,26_COP_01
77,12.88888888888889,6439.350292265774,0.484487685045254,12853.012288076594,26,1,26_COP_01
77,13.11111111111111,6784.929432263549,0.484487685045254,12853.012288076594,26,1,26_COP_01
77,13.333333333333334,7128.441673922327,0.484487685045254,12853.012288076594,26,1,26_COP_01
77,13.555555555555555,7467.941814364946,0.484487685045254,12853.012288076594,26,1,26_COP_01
77,13.777777777777779,7801.575443588715,0.484487685045254,12853.012288076594,26,1,26_COP_01
77,14.0,8127.618029147767,0.484487685045254,12853.012288076594,26,1,26_COP_01
77,14.222222222222223,8444.508016739479,0.484487685045254,12853.012288076594,26,1,26_COP_01
77,14.444444444444445,8750.872735200906,0.484487685045254,12853.012288076594,26,1,26_COP_01
77,14.666666666666666,9045.546419635679,0.484487685045254,12853.012288076594,26,1,26_COP_01
77,14.88888888888889,9327.580198571088,0.484487685045254,12853.012288076594,26,1,26_COP_01
77,15.11111111111111,9596.244379153504,0.484487685045254,12853.012288076594,26,1,26_COP_01
77,15.333333333333334,9851.02376876058,0.484487685045254,12853.012288076594,26,1,26_COP_01
77,15.555555555555555,10091.607067344243,0.484487685045254,12853.012288076594,26,1,26_COP_01
77,15.777777777777777,10317.871543310928,0.484487685045254,12853.012288076594,26,1,26_COP_01
77,16.0,10529.864271719918,0.484487685045254,12853.012288076594,26,1,26_COP_01
77,16.22222222222222,10727.781182490931,0.484487685045254,12853.012288076594,26,1,26_COP_01
77,16.444444444444446,10911.94506001013,0.484487685045254,12853.012288076594,26,1,26_COP_01
77,16.666666666666668,11082.783478250902,0.484487685045254,12853.012288076594,26,1,26_COP_01
77,16.88888888888889,11240.807470605592,0.484487685045254,12853.012288076594,26,1,26_COP_01
77,17.11111111111111,11386.591541163685,0.484487685045254,12853.012288076594,26,1,26_COP_01
77,17.333333333333332,11520.755439806899,0.484487685045254,12853.012288076594,26,1,26_COP_01
77,17.555555555555557,11643.947958040246,0.484487685045254,12853.012288076594,26,1,26_COP_01
77,17.77777777777778,11756.832862257936,0.484487685045254,12853.012288076594,26,1,26_COP_01
77,18.0,11860.076968700789,0.484487685045254,12853.012288076594,26,1,26_COP_01
77,18.22222222222222,11954.340279378936,0.484487685045254,12853.012288076594,26,1,26_COP_01
77,18.444444444444443,12040.268038441107,0.484487685045254,12853.012288076594,26,1,26_COP_01
77,18.666666666666668,12118.484530458833,0.484487685045254,12853.012288076594,26,1,26_COP_01
77,18.88888888888889,12189.58842195685,0.484487685045254,12853.012288076594,26,1,26_COP_01
77,19.11111111111111,12254.149441337619,0.484487685045254,12853.012288076594,26,1,26_COP_01
77,19.333333333333332,12312.706196487725,0.484487685045254,12853.012288076594,26,1,26_COP_01
77,19.555555555555554,12365.76494065767,0.484487685045254,12853.012288076594,26,1,26_COP_01
77,19.77777777777778,12413.799113057066,0.484487685045254,12853.012288076594,26,1,26_COP_01
77,20.0,12457.249498936313,0.484487685045254,12853.012288076594,26,1,26_COP_01
77,20.22222222222222,12496.52487316814,0.484487685045254,12853.012288076594,26,1,26_COP_01
77,20.444444444444443,12532.003010372708,0.484487685045254,12853.012288076594,26,1,26_COP_01
77,20.666666666666668,12564.031962685187,0.484487685045254,12853.012288076594,26,1,26_COP_01
77,20.88888888888889,12592.931522870364,0.484487685045254,12853.012288076594,26,1,26_COP_01
77,21.11111111111111,12618.994805390055,0.484487685045254,12853.012288076594,26,1,26_COP_01
77,21.333333333333336,12642.489891131976,0.484487685045254,12853.012288076594,26,1,26_COP_01
77,21.555555555555554,12663.66149283185,0.484487685045254,12853.012288076594,26,1,26_COP_01
77,21.77777777777778,12682.732607856315,0.484487685045254,12853.012288076594,26,1,26_COP_01
77,22.0,12699.906133100072,0.484487685045254,12853.012288076594,26,1,26_COP_01
78,0.0,25.0,0.519655880033643,28008.94551197826,26,1,26_COP_01
78,0.24242424242424243,28.35300955508483,0.519655880033643,28008.94551197826,26,1,26_COP_01
78,0.48484848484848486,32.155209293364074,0.519655880033643,28008.94551197826,26,1,26_COP_01
78,0.7272727272727273,36.466627695787714,0.519655880033643,28008.94551197826,26,1,26_COP_01
78,0.9696969696969697,41.355272985969236,0.519655880033643,28008.94551197826,26,1,26_COP_01
78,1.2121212121212122,46.8981818006703,0.519655880033643,28008.94551197826,26,1,26_COP_01
78,1.4545454545454546,53.18260220716327,0.519655880033643,28008.94551197826,26,1,26_COP_01
78,1.6969696969696968,60.307327280511856,0.519655880033643,28008.94551197826,26,1,26_COP_01
78,1.9393939393939394,68.38419711815709,0.519655880033643,28008.94551197826,26,1,26_COP_01
78,2.1818181818181817,77.53978891483928,0.519655880033643,28008.94551197826,26,1,26_COP_01
78,2.4242424242424243,87.91731652011478,0.519655880033643,28008.94551197826,26,1,26_COP_01
78,2.6666666666666665,99.67876271198149,0.519655880033643,28008.94551197826,26,1,26_COP_01
78,2.909090909090909,113.00726918367275,0.519655880033643,28008.94551197826,26,1,26_COP_01
78,3.151515151515152,128.10981087314073,0.519655880033643,28008.94551197826,26,1,26_COP_01
78,3.3939393939393936,145.22018265235,0.519655880033643,28008.94551197826,26,1,26_COP_01
78,3.6363636363636367,164.60232738368822,0.519655880033643,28008.94551197826,26,1,26_COP_01
78,3.878787878787879,186.55403474211494,0.519655880033643,28008.94551197826,26,1,26_COP_01
78,4.121212121212121,211.411039731507,0.519655880033643,28008.94551197826,26,1,26_COP_01
78,4.363636363636363,239.55154815391143,0.519655880033643,28008.94551197826,26,1,26_COP_01
78,4.6060606060606055,271.40121299080437,0.519655880033643,28008.94551197826,26,1,26_COP_01
78,4.848484848484849,307.43858018485906,0.519655880033643,28008.94551197826,26,1,26_COP_01
78,5.090909090909091,348.20101399698655,0.519655880033643,28008.94551197826,26,1,26_COP_01
78,5.333333333333333,394.2911001327724,0.519655880033643,28008.94551197826,26,1,26_COP_01
78,5.575757575757576,446.38350819046764,0.519655880033643,28008.94551197826,26,1,26_COP_01
78,5.818181818181818,505.23227250011234,0.519655880033643,28008.94551197826,26,1,26_COP_01
78,6.0606060606060606,571.678420731205,0.519655880033643,28008.94551197826,26,1,26_COP_01
78,6.303030303030304,646.65784119803,0.519655880033643,28008.94551197826,26,1,26_COP_01
78,6.545454545454545,731.2092309017603,0.519655880033643,28008.94551197826,26,1,26_COP_01
78,6.787878787878787,826.4819052714014,0.519655880033643,28008.94551197826,26,1,26_COP_01
78,7.03030303030303,933.7431756332696,0.519655880033643,28008.94551197826,26,1,26_COP_01
78,7.272727272727273,1054.3849102773117,0.519655880033643,28008.94551197826,26,1,26_COP_01
78,7.515151515151516,1189.9287888416884,0.519655880033643,28008.94551197826,26,1,26_COP_01
78,7.757575757575758,1342.0296379216,0.519655880033643,28008.94551197826,26,1,26_COP_01
78,8.0,1512.4761003273507,0.519655880033643,28008.94551197826,26,1,26_COP_01
78,8.242424242424242,1703.1877457435678,0.519655880033643,28008.94551197826,26,1,26_COP_01
78,8.484848484848484,1916.2075845649128,0.519655880033643,28008.94551197826,26,1,26_COP_01
78,8.727272727272727,2153.6888117633584,0.519655880033643,28008.94551197826,26,1,26_COP_01
78,8.96969696969697,2417.8745016594844,0.519655880033643,28008.94551197826,26,1,26_COP_01
78,9.212121212121211,2711.068921665596,0.519655880033643,28008.94551197826,26,1,26_COP_01
78,9.454545454545453,3035.59916433932,0.519655880033643,28008.94551197826,26,1,26_COP_01
78,9.696969696969697,3393.765949288619,0.519655880033643,28008.94551197826,26,1,26_COP_01
78,9.93939393939394,3787.782760152345,0.519655880033643,28008.94551197826,26,1,26_COP_01
78,10.181818181818182,4219.702996838431,0.519655880033643,28008.94551197826,26,1,26_COP_01
78,10.424242424242426,4691.335571340998,0.519655880033643,28008.94551197826,26,1,26_COP_01
78,10.666666666666666,5204.150370831055,0.519655880033643,28008.94551197826,26,1,26_COP_01
78,10.909090909090908,5759.176238280174,0.519655880033643,28008.94551197826,26,1,26_COP_01
78,11.151515151515152,6356.895519595172,0.519655880033643,28008.94551197826,26,1,26_COP_01
78,11.393939393939394,6997.140684474148,0.519655880033643,28008.94551197826,26,1,26_COP_01
78,11.636363636363637,7678.9998756019095,0.519655880033643,28008.94551197826,26,1,26_COP_01
78,11.878787878787879,8400.739256630837,0.519655880033643,28008.94551197826,26,1,26_COP_01
78,12.121212121212121,9159.750465304922,0.519655880033643,28008.94551197826,26,1,26_COP_01
78,12.363636363636363,9952.531098017396,0.519655880033643,28008.94551197826,26,1,26_COP_01
78,12.606060606060607,10774.704785778948,0.519655880033643,28008.94551197826,26,1,26_COP_01
78,12.848484848484848,11621.085022152296,0.519655880033643,28008.94551197826,26,1,26_COP_01
78,13.09090909090909,12485.783594258322,0.519655880033643,28008.94551197826,26,1,26_COP_01
78,13.333333333333334,13362.360559480534,0.519655880033643,28008.94551197826,26,1,26_COP_01
78,13.575757575757574,14244.008677454765,0.519655880033643,28008.94551197826,26,1,26_COP_01
78,13.81818181818182,15123.761616561396,0.519655880033643,28008.94551197826,26,1,26_COP_01
78,14.06060606060606,15994.712660268591,0.519655880033643,28008.94551197826,26,1,26_COP_01
78,14.303030303030301,16850.229464786553,0.519655880033643,28008.94551197826,26,1,26_COP_01
78,14.545454545454547,17684.150862938346,0.519655880033643,28008.94551197826,26,1,26_COP_01
78,14.787878787878787,18490.95369498403,0.519655880033643,28008.94551197826,26,1,26_COP_01
78,15.030303030303031,19265.88084574087,0.519655880033643,28008.94551197826,26,1,26_COP_01
78,15.272727272727273,20005.025570452046,0.519655880033643,28008.94551197826,26,1,26_COP_01
78,15.515151515151516,20705.371223835045,0.519655880033643,28008.94551197826,26,1,26_COP_01
78,15.757575757575758,21364.789139406377,0.519655880033643,28008.94551197826,26,1,26_COP_01
78,16.0,21982.000247963275,0.519655880033643,28008.94551197826,26,1,26_COP_01
78,16.242424242424242,22556.507865985215,0.519655880033643,28008.94551197826,26,1,26_COP_01
78,16.484848484848484,23088.50990037192,0.519655880033643,28008.94551197826,26,1,26_COP_01
78,16.727272727272727,23578.7986261325,0.519655880033643,28008.94551197826,26,1,26_COP_01
78,16.96969696969697,24028.655411566357,0.519655880033643,28008.94551197826,26,1,26_COP_01
78,17.21212121212121,24439.74653977532,0.519655880033643,28008.94551197826,26,1,26_COP_01
78,17.454545454545453,24814.024843242758,0.519655880033643,28008.94551197826,26,1,26_COP_01
78,17.696969696969695,25153.64042484514,0.519655880033643,28008.94551197826,26,1,26_COP_01
78,17.93939393939394,25460.862423087892,0.519655880033643,28008.94551197826,26,1,26_COP_01
78,18.18181818181818,25738.01267407308,0.519655880033643,28008.94551197826,26,1,26_COP_01
78,18.424242424242422,25987.4112618499,0.519655880033643,28008.94551197826,26,1,26_COP_01
78,18.666666666666668,26211.333330455724,0.519655880033643,28008.94551197826,26,1,26_COP_01
78,18.909090909090907,26411.97612997963,0.519655880033643,28008.94551197826,26,1,26_COP_01
78,19.151515151515152,26591.435048121544,0.519655880033643,28008.94551197826,26,1,26_COP_01
78,19.393939393939394,26751.687297071097,0.519655880033643,28008.94551197826,26,1,26_COP_01
78,19.636363636363637,26894.58194414802,0.519655880033643,28008.94551197826,26,1,26_COP_01
78,19.87878787878788,27021.835059744226,0.519655880033643,28008.94551197826,26,1,26_COP_01
78,20.12121212121212,27135.028880394162,0.519655880033643,28008.94551197826,26,1,26_COP_01
78,20.363636363636363,27235.61402756837,0.519655880033643,28008.94551197826,26,1,26_COP_01
78,20.606060606060606,27324.913969276546,0.519655880033643,28008.94551197826,26,1,26_COP_01
78,20.84848484848485,27404.13105198426,0.519655880033643,28008.94551197826,26,1,26_COP_01
78,21.09090909090909,27474.353558782976,0.519655880033643,28008.94551197826,26,1,26_COP_01
78,21.333333333333332,27536.56336318329,0.519655880033643,28008.94551197826,26,1,26_COP_01
78,21.575757575757578,27591.643845323993,0.519655880033643,28008.94551197826,26,1,26_COP_01
78,21.818181818181817,27640.387819137402,0.519655880033643,28008.94551197826,26,1,26_COP_01
78,22.060606060606062,27683.505286223117,0.519655880033643,28008.94551197826,26,1,26_COP_01
78,22.303030303030305,27721.630886423918,0.519655880033643,28008.94551197826,26,1,26_COP_01
78,22.545454545454547,27755.33095810135,0.519655880033643,28008.94551197826,26,1,26_COP_01
78,22.78787878787879,27785.110154599246,0.519655880033643,28008.94551197826,26,1,26_COP_01
78,23.03030303030303,27811.417588978788,0.519655880033643,28008.94551197826,26,1,26_COP_01
78,23.272727272727273,27834.65249826128,0.519655880033643,28008.94551197826,26,1,26_COP_01
78,23.515151515151516,27855.169432390532,0.519655880033643,28008.94551197826,26,1,26_COP_01
78,23.757575757575758,27873.282983003905,0.519655880033643,28008.94551197826,26,1,26_COP_01
78,24.0,27889.272073778353,0.519655880033643,28008.94551197826,26,1,26_COP_01
79,0.0,25.0,0.8281363806005911,1557.4399599330734,20,1,26_COP_03
79,0.18181818181818182,28.98681505277858,0.8281363806005911,1557.4399599330734,20,1,26_COP_03
79,0.36363636363636365,33.595479584529414,0.8281363806005911,1557.4399599330734,20,1,26_COP_03
79,0.5454545454545454,38.918226390279706,0.8281363806005911,1557.4399599330734,20,1,26_COP_03
79,0.7272727272727273,45.05935355624181,0.8281363806005911,1557.4399599330734,20,1,26_COP_03
79,0.9090909090909091,52.13625322747442,0.8281363806005911,1557.4399599330734,20,1,26_COP_03
79,1.0909090909090908,60.28033032180482,0.8281363806005911,1557.4399599330734,20,1,26_COP_03
79,1.2727272727272727,69.63772143302997,0.8281363806005911,1557.4399599330734,20,1,26_COP_03
79,1.4545454545454546,80.36969657760748,0.8281363806005911,1557.4399599330734,20,1,26_COP_03
79,1.6363636363636365,92.65259512202161,0.8281363806005911,1557.4399599330734,20,1,26_COP_03
79,1.8181818181818181,106.6771137517839,0.8281363806005911,1557.4399599330734,20,1,26_COP_03
79,2.0,122.64673168792837,0.8281363806005911,1557.4399599330734,20,1,26_COP_03
79,2.1818181818181817,140.77503140545795,0.8281363806005911,1557.4399599330734,20,1,26_COP_03
79,2.3636363636363638,161.28165908814583,0.8281363806005911,1557.4399599330734,20,1,26_COP_03
79,2.5454545454545454,184.3866777568016,0.8281363806005911,1557.4399599330734,20,1,26_COP_03
79,2.7272727272727275,210.3031095088962,0.8281363806005911,1557.4399599330734,20,1,26_COP_03
79,2.909090909090909,239.22755482361748,0.8281363806005911,1557.4399599330734,20,1,26_COP_03
79,3.090909090909091,271.3289283848961,0.8281363806005911,1557.4399599330734,20,1,26_COP_03
79,3.272727272727273,306.7355691679272,0.8281363806005911,1557.4399599330734,20,1,26_COP_03
79,3.454545454545454,345.5212639855289,0.8281363806005911,1557.4399599330734,20,1,26_COP_03
79,3.6363636363636362,387.69104835872383,0.8281363806005911,1557.4399599330734,20,1,26_COP_03
79,3.8181818181818183,433.16797560189974,0.8281363806005911,1557.4399599330734,20,1,26_COP_03
79,4.0,481.7823119786849,0.8281363806005911,1557.4399599330734,20,1,26_COP_03
79,4.181818181818182,533.2647450821144,0.8281363806005911,1557.4399599330734,20,1,26_COP_03
79,4.363636363636363,587.2451067476438,0.8281363806005911,1557.4399599330734,20,1,26_COP_03
79,4.545454545454546,643.2577567421984,0.8281363806005911,1557.4399599330734,20,1,26_COP_03
79,4.7272727272727275,700.7541442574008,0.8281363806005911,1557.4399599330734,20,1,26_COP_03
79,4.909090909090908,759.1222237432701,0.8281363806005911,1557.4399599330734,20,1,26_COP_03
79,5.090909090909091,817.7114813999632,0.8281363806005911,1557.4399599330734,20,1,26_COP_03
79,5.2727272727272725,875.8615055979703,0.8281363806005911,1557.4399599330734,20,1,26_COP_03
79,5.454545454545455,932.9314862940975,0.8281363806005911,1557.4399599330734,20,1,26_COP_03
79,5.636363636363637,988.3278814345738,0.8281363806005911,1557.4399599330734,20,1,26_COP_03
79,5.818181818181818,1041.5277772136924,0.8281363806005911,1557.4399599330734,20,1,26_COP_03
79,6.0,1092.0961258504628,0.8281363806005911,1557.4399599330734,20,1,26_COP_03
79,6.181818181818182,1139.6959205033208,0.8281363806005911,1557.4399599330734,20,1,26_COP_03
79,6.363636363636363,1184.0912788634585,0.8281363806005911,1557.4399599330734,20,1,26_COP_03
79,6.545454545454546,1225.1441888978868,0.8281363806005911,1557.4399599330734,20,1,26_COP_03
79,6.7272727272727275,1262.8062120072952,0.8281363806005911,1557.4399599330734,20,1,26_COP_03
79,6.909090909090908,1297.1067012792503,0.8281363806005911,1557.4399599330734,20,1,26_COP_03
79,7.090909090909091,1328.1390994093417,0.8281363806005911,1557.4399599330734,20,1,26_COP_03
79,7.2727272727272725,1356.0466969544289,0.8281363806005911,1557.4399599330734,20,1,26_COP_03
79,7.454545454545455,1381.0089366439986,0.8281363806005911,1557.4399599330734,20,1,26_COP_03
79,7.636363636363637,1403.2290173251156,0.8281363806005911,1557.4399599330734,20,1,26_COP_03
79,7.818181818181818,1422.9232373325738,0.8281363806005911,1557.4399599330734,20,1,26_COP_03
79,8.0,1440.3122552577336,0.8281363806005911,1557.4399599330734,20,1,26_COP_03
79,8.181818181818182,1455.6142501559607,0.8281363806005911,1557.4399599330734,20,1,26_COP_03
79,8.363636363636363,1469.0398327106743,0.8281363806005911,1557.4399599330734,20,1,26_COP_03
79,8.545454545454545,1480.788484714964,0.8281363806005911,1557.4399599330734,20,1,26_COP_03
79,8.727272727272727,1491.0462737026937,0.8281363806005911,1557.4399599330734,20,1,26_COP_03
79,8.90909090909091,1499.9845896249046,0.8281363806005911,1557.4399599330734,20,1,26_COP_03
79,9.090909090909092,1507.759669729558,0.8281363806005911,1557.4399599330734,20,1,26_COP_03
79,9.272727272727273,1514.5127073213748,0.8281363806005911,1557.4399599330734,20,1,26_COP_03
79,9.454545454545455,1520.370373442893,0.8281363806005911,1557.4399599330734,20,1,26_COP_03
79,9.636363636363637,1525.4456135296252,0.8281363806005911,1557.4399599330734,20,1,26_COP_03
79,9.818181818181817,1529.8386112919961,0.8281363806005911,1557.4399599330734,20,1,26_COP_03
79,10.0,1533.6378382613668,0.8281363806005911,1557.4399599330734,20,1,26_COP_03
79,10.181818181818182,1536.9211292428113,0.8281363806005911,1557.4399599330734,20,1,26_COP_03
79,10.363636363636365,1539.7567414925195,0.8281363806005911,1557.4399599330734,20,1,26_COP_03
79,10.545454545454545,1542.2043692101588,0.8281363806005911,1557.4399599330734,20,1,26_COP_03
79,10.727272727272727,1544.3160954533564,0.8281363806005911,1557.4399599330734,20,1,26_COP_03
79,10.90909090909091,1546.1372714105712,0.8281363806005911,1557.4399599330734,20,1,26_COP_03
79,11.09090909090909,1547.7073186421549,0.8281363806005911,1557.4399599330734,20,1,26_COP_03
79,11.272727272727273,1549.06045388574,0.8281363806005911,1557.4399599330734,20,1,26_COP_03
79,11.454545454545455,1550.2263387164576,0.8281363806005911,1557.4399599330734,20,1,26_COP_03
79,11.636363636363637,1551.230658077681,0.8281363806005911,1557.4399599330734,20,1,26_COP_03
79,11.818181818181818,1552.0956327112524,0.8281363806005911,1557.4399599330734,20,1,26_COP_03
79,12.0,1552.8404710181208,0.8281363806005911,1557.4399599330734,20,1,26_COP_03
79,12.181818181818182,1553.4817660246208,0.8281363806005911,1557.4399599330734,20,1,26_COP_03
79,12.363636363636363,1554.0338430319152,0.8281363806005911,1557.4399599330734,20,1,26_COP_03
79,12.545454545454547,1554.5090632719996,0.8281363806005911,1557.4399599330734,20,1,26_COP_03
79,12.727272727272727,1554.9180885453798,0.8281363806005911,1557.4399599330734,20,1,26_COP_03
79,12.909090909090908,1555.2701114174688,0.8281363806005911,1557.4399599330734,20,1,26_COP_03
79,13.090909090909092,1555.573055133891,0.8281363806005911,1557.4399599330734,20,1,26_COP_03
79,13.272727272727272,1555.8337470001582,0.8281363806005911,1557.4399599330734,20,1,26_COP_03
79,13.454545454545455,1556.0580685722537,0.8281363806005911,1557.4399599330734,20,1,26_COP_03
79,13.636363636363637,1556.2510856298359,0.8281363806005911,1557.4399599330734,20,1,26_COP_03
79,13.818181818181817,1556.417160557653,0.8281363806005911,1557.4399599330734,20,1,26_COP_03
79,14.0,1556.5600494453347,0.8281363806005911,1557.4399599330734,20,1,26_COP_03
79,14.181818181818182,1556.6829859311542,0.8281363806005911,1557.4399599330734,20,1,26_COP_03
79,14.363636363636363,1556.7887535607265,0.8281363806005911,1557.4399599330734,20,1,26_COP_03
79,14.545454545454545,1556.8797482052462,0.8281363806005911,1557.4399599330734,20,1,26_COP_03
79,14.727272727272728,1556.9580318836684,0.8281363806005911,1557.4399599330734,20,1,26_COP_03
79,14.90909090909091,1557.025379156993,0.8281363806005911,1557.4399599330734,20,1,26_COP_03
79,15.09090909090909,1557.0833171081686,0.8281363806005911,1557.4399599330734,20,1,26_COP_03
79,15.272727272727273,1557.1331597858855,0.8281363806005911,1557.4399599330734,20,1,26_COP_03
79,15.454545454545453,1557.1760378725141,0.8281363806005911,1557.4399599330734,20,1,26_COP_03
79,15.636363636363637,1557.212924233697,0.8281363806005911,1557.4399599330734,20,1,26_COP_03
79,15.818181818181818,1557.2446559178184,0.8281363806005911,1557.4399599330734,20,1,26_COP_03
79,16.0,1557.2719530960617,0.8281363806005911,1557.4399599330734,20,1,26_COP_03
79,16.181818181818183,1557.2954353666362,0.8281363806005911,1557.4399599330734,20,1,26_COP_03
79,16.363636363636363,1557.315635788573,0.8281363806005911,1557.4399599330734,20,1,26_COP_03
79,16.545454545454547,1557.333012960226,0.8281363806005911,1557.4399599330734,20,1,26_COP_03
79,16.727272727272727,1557.3479614141331,0.8281363806005911,1557.4399599330734,20,1,26_COP_03
79,16.90909090909091,1557.3608205623514,0.8281363806005911,1557.4399599330734,20,1,26_COP_03
79,17.09090909090909,1557.371882393978,0.8281363806005911,1557.4399599330734,20,1,26_COP_03
79,17.272727272727273,1557.381398098607,0.8281363806005911,1557.4399599330734,20,1,26_COP_03
79,17.454545454545453,1557.3895837653586,0.8281363806005911,1557.4399599330734,20,1,26_COP_03
79,17.636363636363637,1557.3966252863306,0.8281363806005911,1557.4399599330734,20,1,26_COP_03
79,17.81818181818182,1557.402682575412,0.8281363806005911,1557.4399599330734,20,1,26_COP_03
79,18.0,1557.4078931979507,0.8281363806005911,1557.4399599330734,20,1,26_COP_03
80,0.0,25.0,1.008769851693136,1282.9511925792342,20,1,26_COP_03
80,0.18181818181818182,29.91540024318817,1.008769851693136,1282.9511925792342,20,1,26_COP_03
80,0.36363636363636365,35.76976602402647,1.008769851693136,1282.9511925792342,20,1,26_COP_03
80,0.5454545454545454,42.73074605162154,1.008769851693136,1282.9511925792342,20,1,26_COP_03
80,0.7272727272727273,50.9909839893217,1.008769851693136,1282.9511925792342,20,1,26_COP_03
80,0.9090909090909091,60.76975949357883,1.008769851693136,1282.9511925792342,20,1,26_COP_03
80,1.0909090909090908,72.31377790059412,1.008769851693136,1282.9511925792342,20,1,26_COP_03
80,1.2727272727272727,85.89661227846096,1.008769851693136,1282.9511925792342,20,1,26_COP_03
80,1.4545454545454546,101.81616951031263,1.008769851693136,1282.9511925792342,20,1,26_COP_03
80,1.6363636363636365,120.38943170077447,1.008769851693136,1282.9511925792342,20,1,26_COP_03
80,1.8181818181818181,141.94365019600974,1.008769851693136,1282.9511925792342,20,1,26_COP_03
80,2.0,166.80319404631234,1.008769851693136,1282.9511925792342,20,1,26_COP_03
80,2.1818181818181817,195.2714463055562,1.008769851693136,1282.9511925792342,20,1,26_COP_03
80,2.3636363636363638,227.6075755558395,1.008769851693136,1282.9511925792342,20,1,26_COP_03
80,2.5454545454545454,263.9987465343192,1.008769851693136,1282.9511925792342,20,1,26_COP_03
80,2.7272727272727275,304.52938007632895,1.008769851693136,1282.9511925792342,20,1,26_COP_03
80,2.909090909090909,349.1503357789731,1.008769851693136,1282.9511925792342,20,1,26_COP_03
80,3.090909090909091,397.6521368902752,1.008769851693136,1282.9511925792342,20,1,26_COP_03
80,3.272727272727273,449.6472084465862,1.008769851693136,1282.9511925792342,20,1,26_COP_03
80,3.454545454545454,504.56610586020895,1.008769851693136,1282.9511925792342,20,1,26_COP_03
80,3.6363636363636362,561.6715056593639,1.008769851693136,1282.9511925792342,20,1,26_COP_03
80,3.8181818181818183,620.0912396525518,1.008769851693136,1282.9511925792342,20,1,26_COP_03
80,4.0,678.8682596014293,1.008769851693136,1282.9511925792342,20,1,26_COP_03
80,4.181818181818182,737.021947937774,1.008769851693136,1282.9511925792342,20,1,26_COP_03
80,4.363636363636363,793.6126692406984,1.008769851693136,1282.9511925792342,20,1,26_COP_03
80,4.545454545454546,847.8007115926312,1.008769851693136,1282.9511925792342,20,1,26_COP_03
80,4.7272727272727275,898.8920506620859,1.008769851693136,1282.9511925792342,20,1,26_COP_03
80,4.909090909090908,946.3662476699748,1.008769851693136,1282.9511925792342,20,1,26_COP_03
80,5.090909090909091,989.8853429320018,1.008769851693136,1282.9511925792342,20,1,26_COP_03
80,5.2727272727272725,1029.2858200993442,1.008769851693136,1282.9511925792342,20,1,26_COP_03
80,5.454545454545455,1064.5578732534052,1.008769851693136,1282.9511925792342,20,1,26_COP_03
80,5.636363636363637,1095.817060681768,1.008769851693136,1282.9511925792342,20,1,26_COP_03
80,5.818181818181818,1123.2731489317878,1.008769851693136,1282.9511925792342,20,1,26_COP_03
80,6.0,1147.1999478272198,1.008769851693136,1282.9511925792342,20,1,26_COP_03
80,6.181818181818182,1167.9086544164657,1.008769851693136,1282.9511925792342,20,1,26_COP_03
80,6.363636363636363,1185.7260029982053,1.008769851693136,1282.9511925792342,20,1,26_COP_03
80,6.545454545454546,1200.9775524216882,1.008769851693136,1282.9511925792342,20,1,26_COP_03
80,6.7272727272727275,1213.9757916306248,1.008769851693136,1282.9511925792342,20,1,26_COP_03
80,6.909090909090908,1225.0123836954588,1.008769851693136,1282.9511925792342,20,1,26_COP_03
80,7.090909090909091,1234.35373003222,1.008769851693136,1282.9511925792342,20,1,26_COP_03
80,7.2727272727272725,1242.239045030542,1.008769851693136,1282.9511925792342,20,1,26_COP_03
80,7.454545454545455,1248.8802223737807,1.008769851693136,1282.9511925792342,20,1,26_COP_03
80,7.636363636363637,1254.4629006482812,1.008769851693136,1282.9511925792342,20,1,26_COP_03
80,7.818181818181818,1259.1482670713012,1.008769851693136,1282.9511925792342,20,1,26_COP_03
80,8.0,1263.0752575020551,1.008769851693136,1282.9511925792342,20,1,26_COP_03
80,8.181818181818182,1266.3629109308683,1.008769851693136,1282.9511925792342,20,1,26_COP_03
80,8.363636363636363,1269.1127157818528,1.008769851693136,1282.9511925792342,20,1,26_COP_03
80,8.545454545454545,1271.410845184952,1.008769851693136,1282.9511925792342,20,1,26_COP_03
80,8.727272727272727,1273.3302218347608,1.008769851693136,1282.9511925792342,20,1,26_COP_03
80,8.90909090909091,1274.9323834556171,1.008769851693136,1282.9511925792342,20,1,26_COP_03
80,9.090909090909092,1276.26914031672,1.008769851693136,1282.9511925792342,20,1,26_COP_03
80,9.272727272727273,1277.3840293097664,1.008769851693136,1282.9511925792342,20,1,26_COP_03
80,9.454545454545455,1278.3135769173512,1.008769851693136,1282.9511925792342,20,1,26_COP_03
80,9.636363636363637,1279.0883875786124,1.008769851693136,1282.9511925792342,20,1,26_COP_03
80,9.818181818181817,1279.734075699969,1.008769851693136,1282.9511925792342,20,1,26_COP_03
80,10.0,1280.2720597310074,1.008769851693136,1282.9511925792342,20,1,26_COP_03
80,10.181818181818182,1280.720235939832,1.008769851693136,1282.9511925792342,20,1,26_COP_03
80,10.363636363636365,1281.0935481983984,1.008769851693136,1282.9511925792342,20,1,26_COP_03
80,10.545454545454545,1281.4044685069866,1.008769851693136,1282.9511925792342,20,1,26_COP_03
80,10.727272727272727,1281.6634013294654,1.008769851693136,1282.9511925792342,20,1,26_COP_03
80,10.90909090909091,1281.8790231896066,1.008769851693136,1282.9511925792342,20,1,26_COP_03
80,11.09090909090909,1282.0585674585295,1.008769851693136,1282.9511925792342,20,1,26_COP_03
80,11.272727272727273,1282.2080628779822,1.008769851693136,1282.9511925792342,20,1,26_COP_03
80,11.454545454545455,1282.332533126811,1.008769851693136,1282.9511925792342,20,1,26_COP_03
80,11.636363636363637,1282.4361636490703,1.008769851693136,1282.9511925792342,20,1,26_COP_03
80,11.818181818181818,1282.5224410146116,1.008769851693136,1282.9511925792342,20,1,26_COP_03
80,12.0,1282.5942692654721,1.008769851693136,1282.9511925792342,20,1,26_COP_03
80,12.181818181818182,1282.654067000812,1.008769851693136,1282.9511925792342,20,1,26_COP_03
80,12.363636363636363,1282.7038483560548,1.008769851693136,1282.9511925792342,20,1,26_COP_03
80,12.545454545454547,1282.7452905251366,1.008769851693136,1282.9511925792342,20,1,26_COP_03
80,12.727272727272727,1282.7797900461962,1.008769851693136,1282.9511925792342,20,1,26_COP_03
80,12.909090909090908,1282.8085097096055,1.008769851693136,1282.9511925792342,20,1,26_COP_03
80,13.090909090909092,1282.8324176431047,1.008769851693136,1282.9511925792342,20,1,26_COP_03
80,13.272727272727272,1282.8523198733944,1.008769851693136,1282.9511925792342,20,1,26_COP_03
80,13.454545454545455,1282.8688874493355,1.008769851693136,1282.9511925792342,20,1,26_COP_03
80,13.636363636363637,1282.8826790325418,1.008769851693136,1282.9511925792342,20,1,26_COP_03
80,13.818181818181817,1282.8941597110515,1.008769851693136,1282.9511925792342,20,1,26_COP_03
80,14.0,1282.9037166663325,1.008769851693136,1282.9511925792342,20,1,26_COP_03
80,14.181818181818182,1282.9116722190622,1.008769851693136,1282.9511925792342,20,1,26_COP_03
80,14.363636363636363,1282.9182946916596,1.008769851693136,1282.9511925792342,20,1,26_COP_03
80,14.545454545454545,1282.9238074525306,1.008769851693136,1282.9511925792342,20,1,26_COP_03
80,14.727272727272728,1282.9283964461126,1.008769851693136,1282.9511925792342,20,1,26_COP_03
80,14.90909090909091,1282.9322164620364,1.008769851693136,1282.9511925792342,20,1,26_COP_03
80,15.09090909090909,1282.9353963543958,1.008769851693136,1282.9511925792342,20,1,26_COP_03
80,15.272727272727273,1282.9380433868623,1.008769851693136,1282.9511925792342,20,1,26_COP_03
80,15.454545454545453,1282.940246849984,1.008769851693136,1282.9511925792342,20,1,26_COP_03
80,15.636363636363637,1282.942081072539,1.008769851693136,1282.9511925792342,20,1,26_COP_03
80,15.818181818181818,1282.9436079284112,1.008769851693136,1282.9511925792342,20,1,26_COP_03
80,16.0,1282.944878923484,1.008769851693136,1282.9511925792342,20,1,26_COP_03
80,16.181818181818183,1282.945936932898,1.008769851693136,1282.9511925792342,20,1,26_COP_03
80,16.363636363636363,1282.9468176472312,1.008769851693136,1282.9511925792342,20,1,26_COP_03
80,16.545454545454547,1282.9475507763802,1.008769851693136,1282.9511925792342,20,1,26_COP_03
80,16.727272727272727,1282.948161051716,1.008769851693136,1282.9511925792342,20,1,26_COP_03
80,16.90909090909091,1282.948669060326,1.008769851693136,1282.9511925792342,20,1,26_COP_03
80,17.09090909090909,1282.9490919394677,1.008769851693136,1282.9511925792342,20,1,26_COP_03
80,17.272727272727273,1282.9494439546572,1.008769851693136,1282.9511925792342,20,1,26_COP_03
80,17.454545454545453,1282.9497369808873,1.008769851693136,1282.9511925792342,20,1,26_COP_03
80,17.636363636363637,1282.949980903215,1.008769851693136,1282.9511925792342,20,1,26_COP_03
80,17.81818181818182,1282.9501839502182,1.008769851693136,1282.9511925792342,20,1,26_COP_03
80,18.0,1282.9503529715757,1.008769851693136,1282.9511925792342,20,1,26_COP_03
81,0.0,25.0,0.8781576248446201,1474.7725702351024,20,1,26_COP_03
81,0.18181818181818182,29.24213042354748,0.8781576248446201,1474.7725702351024,20,1,26_COP_03
81,0.36363636363636365,34.18711341891154,0.8781576248446201,1474.7725702351024,20,1,26_COP_03
81,0.5454545454545454,39.945208729847,0.8781576248446201,1474.7725702351024,20,1,26_COP_03
81,0.7272727272727273,46.64173317085013,0.8781576248446201,1474.7725702351024,20,1,26_COP_03
81,0.9090909090909091,54.41830390835821,0.8781576248446201,1474.7725702351024,20,1,26_COP_03
81,1.0909090909090908,63.433870356717776,0.8781576248446201,1474.7725702351024,20,1,26_COP_03
81,1.2727272727272727,73.86538422771575,0.8781576248446201,1474.7725702351024,20,1,26_COP_03
81,1.4545454545454546,85.90791194683017,0.8781576248446201,1474.7725702351024,20,1,26_COP_03
81,1.6363636363636365,99.77394382266603,0.8781576248446201,1474.7725702351024,20,1,26_COP_03
81,1.8181818181818181,115.69160426191227,0.8781576248446201,1474.7725702351024,20,1,26_COP_03
81,2.0,133.9014243606126,0.8781576248446201,1474.7725702351024,20,1,26_COP_03
81,2.1818181818181817,154.6513138204427,0.8781576248446201,1474.7725702351024,20,1,26_COP_03
81,2.3636363636363638,178.1893793446404,0.8781576248446201,1474.7725702351024,20,1,26_COP_03
81,2.5454545454545454,204.7543016368322,0.8781576248446201,1474.7725702351024,20,1,26_COP_03
81,2.7272727272727275,234.56312514031652,0.8781576248446201,1474.7725702351024,20,1,26_COP_03
81,2.909090909090909,267.7965535686934,0.8781576248446201,1474.7725702351024,20,1,26_COP_03
81,3.090909090909091,304.5821899589301,0.8781576248446201,1474.7725702351024,20,1,26_COP_03
81,3.272727272727273,344.97660208713194,0.8781576248446201,1474.7725702351024,20,1,26_COP_03
81,3.454545454545454,388.9475911993011,0.8781576248446201,1474.7725702351024,20,1,26_COP_03
81,3.6363636363636362,436.3585142658156,0.8781576248446201,1474.7725702351024,20,1,26_COP_03
81,3.8181818181818183,486.95684134295385,0.8781576248446201,1474.7725702351024,20,1,26_COP_03
81,4.0,540.3691857970334,0.8781576248446201,1474.7725702351024,20,1,26_COP_03
81,4.181818181818182,596.104709194697,0.8781576248446201,1474.7725702351024,20,1,26_COP_03
81,4.363636363636363,653.56802269072,0.8781576248446201,1474.7725702351024,20,1,26_COP_03
81,4.545454545454546,712.0815394762575,0.8781576248446201,1474.7725702351024,20,1,26_COP_03
81,4.7272727272727275,770.9158608382235,0.8781576248446201,1474.7725702351024,20,1,26_COP_03
81,4.909090909090908,829.3254824951587,0.8781576248446201,1474.7725702351024,20,1,26_COP_03
81,5.090909090909091,886.5861937034317,0.8781576248446201,1474.7725702351024,20,1,26_COP_03
81,5.2727272727272725,942.0302422080563,0.8781576248446201,1474.7725702351024,20,1,26_COP_03
81,5.454545454545455,995.0757324439264,0.8781576248446201,1474.7725702351024,20,1,26_COP_03
81,5.636363636363637,1045.2477086976553,0.8781576248446201,1474.7725702351024,20,1,26_COP_03
81,5.818181818181818,1092.189700306419,0.8781576248446201,1474.7725702351024,20,1,26_COP_03
81,6.0,1135.6658645826403,0.8781576248446201,1474.7725702351024,20,1,26_COP_03
81,6.181818181818182,1175.554984395246,0.8781576248446201,1474.7725702351024,20,1,26_COP_03
81,6.363636363636363,1211.8382957500385,0.8781576248446201,1474.7725702351024,20,1,26_COP_03
81,6.545454545454546,1244.583396651322,0.8781576248446201,1474.7725702351024,20,1,26_COP_03
81,6.7272727272727275,1273.926385930987,0.8781576248446201,1474.7725702351024,20,1,26_COP_03
81,6.909090909090908,1300.054021674911,0.8781576248446201,1474.7725702351024,20,1,26_COP_03
81,7.090909090909091,1323.187206878003,0.8781576248446201,1474.7725702351024,20,1,26_COP_03
81,7.2727272727272725,1343.5666166515682,0.8781576248446201,1474.7725702351024,20,1,26_COP_03
81,7.454545454545455,1361.4408510159144,0.8781576248446201,1474.7725702351024,20,1,26_COP_03
81,7.636363636363637,1377.0571665315686,0.8781576248446201,1474.7725702351024,20,1,26_COP_03
81,7.818181818181818,1390.6546155905125,0.8781576248446201,1474.7725702351024,20,1,26_COP_03
81,8.0,1402.459292272928,0.8781576248446201,1474.7725702351024,20,1,26_COP_03
81,8.181818181818182,1412.6813276980242,0.8781576248446201,1474.7725702351024,20,1,26_COP_03
81,8.363636363636363,1421.5132735631992,0.8781576248446201,1474.7725702351024,20,1,26_COP_03
81,8.545454545454545,1429.1295404056211,0.8781576248446201,1474.7725702351024,20,1,26_COP_03
81,8.727272727272727,1435.6866016682202,0.8781576248446201,1474.7725702351024,20,1,26_COP_03
81,8.90909090909091,1441.3237250716766,0.8781576248446201,1474.7725702351024,20,1,26_COP_03
81,9.090909090909092,1446.1640421847071,0.8781576248446201,1474.7725702351024,20,1,26_COP_03
81,9.272727272727273,1450.3158115815313,0.8781576248446201,1474.7725702351024,20,1,26_COP_03
81,9.454545454545455,1453.8737688437488,0.8781576248446201,1474.7725702351024,20,1,26_COP_03
81,9.636363636363637,1456.920487539158,0.8781576248446201,1474.7725702351024,20,1,26_COP_03
81,9.818181818181817,1459.5276996203963,0.8781576248446201,1474.7725702351024,20,1,26_COP_03
81,10.0,1461.7575422525326,0.8781576248446201,1474.7725702351024,20,1,26_COP_03
81,10.181818181818182,1463.6637118572264,0.8781576248446201,1474.7725702351024,20,1,26_COP_03
81,10.363636363636365,1465.292516092515,0.8781576248446201,1474.7725702351024,20,1,26_COP_03
81,10.545454545454545,1466.6838214177649,0.8781576248446201,1474.7725702351024,20,1,26_COP_03
81,10.727272727272727,1467.8718985420685,0.8781576248446201,1474.7725702351024,20,1,26_COP_03
81,10.90909090909091,1468.8861710086217,0.8781576248446201,1474.7725702351024,20,1,26_COP_03
81,11.09090909090909,1469.75187389252,0.8781576248446201,1474.7725702351024,20,1,26_COP_03
81,11.272727272727273,1470.4906304442345,0.8781576248446201,1474.7725702351024,20,1,26_COP_03
81,11.454545454545455,1471.1209547675378,0.8781576248446201,1474.7725702351024,20,1,26_COP_03
81,11.636363636363637,1471.658688480326,0.8781576248446201,1474.7725702351024,20,1,26_COP_03
81,11.818181818181818,1472.117378916286,0.8781576248446201,1474.7725702351024,20,1,26_COP_03
81,12.0,1472.508605889267,0.8781576248446201,1474.7725702351024,20,1,26_COP_03
81,12.181818181818182,1472.8422634336248,0.8781576248446201,1474.7725702351024,20,1,26_COP_03
81,12.363636363636363,1473.1268023022938,0.8781576248446201,1474.7725702351024,20,1,26_COP_03
81,12.545454545454547,1473.3694383825843,0.8781576248446201,1474.7725702351024,20,1,26_COP_03
81,12.727272727272727,1473.5763315980275,0.8781576248446201,1474.7725702351024,20,1,26_COP_03
81,12.909090909090908,1473.7527393148596,0.8781576248446201,1474.7725702351024,20,1,26_COP_03
81,13.090909090909092,1473.9031477697395,0.8781576248446201,1474.7725702351024,20,1,26_COP_03
81,13.272727272727272,1474.0313845828803,0.8781576248446201,1474.7725702351024,20,1,26_COP_03
81,13.454545454545455,1474.140715017196,0.8781576248446201,1474.7725702351024,20,1,26_COP_03
81,13.636363636363637,1474.2339242869018,0.8781576248446201,1474.7725702351024,20,1,26_COP_03
81,13.818181818181817,1474.3133879049383,0.8781576248446201,1474.7725702351024,20,1,26_COP_03
81,14.0,1474.3811317838847,0.8781576248446201,1474.7725702351024,20,1,26_COP_03
81,14.181818181818182,1474.4388835657148,0.8781576248446201,1474.7725702351024,20,1,26_COP_03
81,14.363636363636363,1474.488116448041,0.8781576248446201,1474.7725702351024,20,1,26_COP_03
81,14.545454545454545,1474.5300865946992,0.8781576248446201,1474.7725702351024,20,1,26_COP_03
81,14.727272727272728,1474.5658650633038,0.8781576248446201,1474.7725702351024,20,1,26_COP_03
81,14.90909090909091,1474.596365048614,0.8781576248446201,1474.7725702351024,20,1,26_COP_03
81,15.09090909090909,1474.6223651254948,0.8781576248446201,1474.7725702351024,20,1,26_COP_03
81,15.272727272727273,1474.6445290763625,0.8781576248446201,1474.7725702351024,20,1,26_COP_03
81,15.454545454545453,1474.6634228032074,0.8781576248446201,1474.7725702351024,20,1,26_COP_03
81,15.636363636363637,1474.6795287515388,0.8781576248446201,1474.7725702351024,20,1,26_COP_03
81,15.818181818181818,1474.693258211338,0.8781576248446201,1474.7725702351024,20,1,26_COP_03
81,16.0,1474.7049618067888,0.8781576248446201,1474.7725702351024,20,1,26_COP_03
81,16.181818181818183,1474.7149384409674,0.8781576248446201,1474.7725702351024,20,1,26_COP_03
81,16.363636363636363,1474.723442922691,0.8781576248446201,1474.7725702351024,20,1,26_COP_03
81,16.545454545454547,1474.730692469415,0.8781576248446201,1474.7725702351024,20,1,26_COP_03
81,16.727272727272727,1474.7368722516248,0.8781576248446201,1474.7725702351024,20,1,26_COP_03
81,16.90909090909091,1474.7421401198508,0.8781576248446201,1474.7725702351024,20,1,26_COP_03
81,17.09090909090909,1474.746630634713,0.8781576248446201,1474.7725702351024,20,1,26_COP_03
81,17.272727272727273,1474.7504585026802,0.8781576248446201,1474.7725702351024,20,1,26_COP_03
81,17.454545454545453,1474.7537215051261,0.8781576248446201,1474.7725702351024,20,1,26_COP_03
81,17.636363636363637,1474.7565029953703,0.8781576248446201,1474.7725702351024,20,1,26_COP_03
81,17.81818181818182,1474.7588740273957,0.8781576248446201,1474.7725702351024,20,1,26_COP_03
81,18.0,1474.7608951705508,0.8781576248446201,1474.7725702351024,20,1,26_COP_03
82,0.0,25.0,0.613574971467828,5381.363366200396,26,1,26_COP_03
82,0.24242424242424243,28.987841683179905,0.613574971467828,5381.363366200396,26,1,26_COP_03
82,0.48484848484848486,33.60780739530134,0.613574971467828,5381.363366200396,26,1,26_COP_03
82,0.7272727272727273,38.958725231463724,0.613574971467828,5381.363366200396,26,1,26_COP_03
82,0.9696969696969697,45.1544039582941,0.613574971467828,5381.363366200396,26,1,26_COP_03
82,1.2121212121212122,52.32574248619924,0.613574971467828,5381.363366200396,26,1,26_COP_03
82,1.4545454545454546,60.62308053002632,0.613574971467828,5381.363366200396,26,1,26_COP_03
82,1.6969696969696968,70.21879789879995,0.613574971467828,5381.363366200396,26,1,26_COP_03
82,1.9393939393939394,81.31016151806172,0.613574971467828,5381.363366200396,26,1,26_COP_03
82,2.1818181818181817,94.12240699109736,0.613574971467828,5381.363366200396,26,1,26_COP_03
82,2.4242424242424243,108.91202404862479,0.613574971467828,5381.363366200396,26,1,26_COP_03
82,2.6666666666666665,125.9701911986908,0.613574971467828,5381.363366200396,26,1,26_COP_03
82,2.909090909090909,145.62627265208087,0.613574971467828,5381.363366200396,26,1,26_COP_03
82,3.151515151515152,168.25124842850929,0.613574971467828,5381.363366200396,26,1,26_COP_03
82,3.3939393939393936,194.2608947531186,0.613574971467828,5381.363366200396,26,1,26_COP_03
82,3.6363636363636367,224.11846506408625,0.613574971467828,5381.363366200396,26,1,26_COP_03
82,3.878787878787879,258.33654157963,0.613574971467828,5381.363366200396,26,1,26_COP_03
82,4.121212121212121,297.4776342750833,0.613574971467828,5381.363366200396,26,1,26_COP_03
82,4.363636363636363,342.15300154292834,0.613574971467828,5381.363366200396,26,1,26_COP_03
82,4.6060606060606055,393.01906159274967,0.613574971467828,5381.363366200396,26,1,26_COP_03
82,4.848484848484849,450.77066765638176,0.613574971467828,5381.363366200396,26,1,26_COP_03
82,5.090909090909091,516.1304516251918,0.613574971467828,5381.363366200396,26,1,26_COP_03
82,5.333333333333333,589.8334257392945,0.613574971467828,5381.363366200396,26,1,26_COP_03
82,5.575757575757576,672.6061038659167,0.613574971467828,5381.363366200396,26,1,26_COP_03
82,5.818181818181818,765.1396019697507,0.613574971467828,5381.363366200396,26,1,26_COP_03
82,6.0606060606060606,868.0565415745502,0.613574971467828,5381.363366200396,26,1,26_COP_03
82,6.303030303030304,981.8721419834319,0.613574971467828,5381.363366200396,26,1,26_COP_03
82,6.545454545454545,1106.9506564505343,0.613574971467828,5381.363366200396,26,1,26_COP_03
82,6.787878787878787,1243.459255098317,0.613574971467828,5381.363366200396,26,1,26_COP_03
82,7.03030303030303,1391.3224980404927,0.613574971467828,5381.363366200396,26,1,26_COP_03
82,7.272727272727273,1550.1815246983365,0.613574971467828,5381.363366200396,26,1,26_COP_03
82,7.515151515151516,1719.362797438544,0.613574971467828,5381.363366200396,26,1,26_COP_03
82,7.757575757575758,1897.861434739205,0.613574971467828,5381.363366200396,26,1,26_COP_03
82,8.0,2084.3436293834325,0.613574971467828,5381.363366200396,26,1,26_COP_03
82,8.242424242424242,2277.171246780553,0.613574971467828,5381.363366200396,26,1,26_COP_03
82,8.484848484848484,2474.449485078978,0.613574971467828,5381.363366200396,26,1,26_COP_03
82,8.727272727272727,2674.095713529299,0.613574971467828,5381.363366200396,26,1,26_COP_03
82,8.96969696969697,2873.9247445974406,0.613574971467828,5381.363366200396,26,1,26_COP_03
82,9.212121212121211,3071.743397976774,0.613574971467828,5381.363366200396,26,1,26_COP_03
82,9.454545454545453,3265.4457980079255,0.613574971467828,5381.363366200396,26,1,26_COP_03
82,9.696969696969697,3453.100732425035,0.613574971467828,5381.363366200396,26,1,26_COP_03
82,9.93939393939394,3633.023616139549,0.613574971467828,5381.363366200396,26,1,26_COP_03
82,10.181818181818182,3803.8278708237226,0.613574971467828,5381.363366200396,26,1,26_COP_03
82,10.424242424242426,3964.4533546809403,0.613574971467828,5381.363366200396,26,1,26_COP_03
82,10.666666666666666,4114.172293675845,0.613574971467828,5381.363366200396,26,1,26_COP_03
82,10.909090909090908,4252.575494316527,0.613574971467828,5381.363366200396,26,1,26_COP_03
82,11.151515151515152,4379.543162034707,0.613574971467828,5381.363366200396,26,1,26_COP_03
82,11.393939393939394,4495.205326811195,0.613574971467828,5381.363366200396,26,1,26_COP_03
82,11.636363636363637,4599.8967890644135,0.613574971467828,5381.363366200396,26,1,26_COP_03
82,11.878787878787879,4694.1108549395585,0.613574971467828,5381.363366200396,26,1,26_COP_03
82,12.121212121212121,4778.455176386047,0.613574971467828,5381.363366200396,26,1,26_COP_03
82,12.363636363636363,4853.6119681176315,0.613574971467828,5381.363366200396,26,1,26_COP_03
82,12.606060606060607,4920.303902928331,0.613574971467828,5381.363366200396,26,1,26_COP_03
82,12.848484848484848,4979.266184543592,0.613574971467828,5381.363366200396,26,1,26_COP_03
82,13.09090909090909,5031.224700671978,0.613574971467828,5381.363366200396,26,1,26_COP_03
82,13.333333333333334,5076.879763730792,0.613574971467828,5381.363366200396,26,1,26_COP_03
82,13.575757575757574,5116.894723791244,0.613574971467828,5381.363366200396,26,1,26_COP_03
82,13.81818181818182,5151.888648273523,0.613574971467828,5381.363366200396,26,1,26_COP_03
82,14.06060606060606,5182.4322660264825,0.613574971467828,5381.363366200396,26,1,26_COP_03
82,14.303030303030301,5209.046435008765,0.613574971467828,5381.363366200396,26,1,26_COP_03
82,14.545454545454547,5232.202485672623,0.613574971467828,5381.363366200396,26,1,26_COP_03
82,14.787878787878787,5252.323896815443,0.613574971467828,5381.363366200396,26,1,26_COP_03
82,15.030303030303031,5269.788864268682,0.613574971467828,5381.363366200396,26,1,26_COP_03
82,15.272727272727273,5284.9334177678365,0.613574971467828,5381.363366200396,26,1,26_COP_03
82,15.515151515151516,5298.054823939346,0.613574971467828,5381.363366200396,26,1,26_COP_03
82,15.757575757575758,5309.415082369367,0.613574971467828,5381.363366200396,26,1,26_COP_03
82,16.0,5319.244377588601,0.613574971467828,5381.363366200396,26,1,26_COP_03
82,16.242424242424242,5327.744393792012,0.613574971467828,5381.363366200396,26,1,26_COP_03
82,16.484848484848484,5335.091432874104,0.613574971467828,5381.363366200396,26,1,26_COP_03
82,16.727272727272727,5341.439301640984,0.613574971467828,5381.363366200396,26,1,26_COP_03
82,16.96969696969697,5346.921952503975,0.613574971467828,5381.363366200396,26,1,26_COP_03
82,17.21212121212121,5351.655875023102,0.613574971467828,5381.363366200396,26,1,26_COP_03
82,17.454545454545453,5355.742244588865,0.613574971467828,5381.363366200396,26,1,26_COP_03
82,17.696969696969695,5359.268840323583,0.613574971467828,5381.363366200396,26,1,26_COP_03
82,17.93939393939394,5362.311747763786,0.613574971467828,5381.363366200396,26,1,26_COP_03
82,18.18181818181818,5364.936863691422,0.613574971467828,5381.363366200396,26,1,26_COP_03
82,18.424242424242422,5367.20122110666,0.613574971467828,5381.363366200396,26,1,26_COP_03
82,18.666666666666668,5369.154152151352,0.613574971467828,5381.363366200396,26,1,26_COP_03
82,18.909090909090907,5370.838306077907,0.613574971467828,5381.363366200396,26,1,26_COP_03
82,19.151515151515152,5372.290538316881,0.613574971467828,5381.363366200396,26,1,26_COP_03
82,19.393939393939394,5373.542685474335,0.613574971467828,5381.363366200396,26,1,26_COP_03
82,19.636363636363637,5374.622239790335,0.613574971467828,5381.363366200396,26,1,26_COP_03
82,19.87878787878788,5375.552935283143,0.613574971467828,5381.363366200396,26,1,26_COP_03
82,20.12121212121212,5376.3552565366745,0.613574971467828,5381.363366200396,26,1,26_COP_03
82,20.363636363636363,5377.046879890814,0.613574971467828,5381.363366200396,26,1,26_COP_03
82,20.606060606060606,5377.643055682071,0.613574971467828,5381.363366200396,26,1,26_COP_03
82,20.84848484848485,5378.156939163767,0.613574971467828,5381.363366200396,26,1,26_COP_03
82,21.09090909090909,5378.599876812667,0.613574971467828,5381.363366200396,26,1,26_COP_03
82,21.333333333333332,5378.981653900504,0.613574971467828,5381.363366200396,26,1,26_COP_03
82,21.575757575757578,5379.3107084699095,0.613574971467828,5381.363366200396,26,1,26_COP_03
82,21.818181818181817,5379.5943161986825,0.613574971467828,5381.363366200396,26,1,26_COP_03
82,22.060606060606062,5379.83875005739,0.613574971467828,5381.363366200396,26,1,26_COP_03
82,22.303030303030305,5380.049418155945,0.613574971467828,5381.363366200396,26,1,26_COP_03
82,22.545454545454547,5380.2309827281215,0.613574971467828,5381.363366200396,26,1,26_COP_03
82,22.78787878787879,5380.3874628121675,0.613574971467828,5381.363366200396,26,1,26_COP_03
82,23.03030303030303,5380.522322844685,0.613574971467828,5381.363366200396,26,1,26_COP_03
82,23.272727272727273,5380.638549087725,0.613574971467828,5381.363366200396,26,1,26_COP_03
82,23.515151515151516,5380.738715550723,0.613574971467828,5381.363366200396,26,1,26_COP_03
82,23.757575757575758,5380.825040844252,0.613574971467828,5381.363366200396,26,1,26_COP_03
82,24.0,5380.899437207925,0.613574971467828,5381.363366200396,26,1,26_COP_03
83,0.0,25.0,0.7092304512188469,5800.880552149129,26,1,26_COP_03
83,0.22222222222222224,29.246127547164075,0.7092304512188469,5800.880552149129,26,1,26_COP_03
83,0.4444444444444445,34.209167658985734,0.7092304512188469,5800.880552149129,26,1,26_COP_03
83,0.6666666666666667,40.0085927353314,0.7092304512188469,5800.880552149129,26,1,26_COP_03
83,0.888888888888889,46.78320887180115,0.7092304512188469,5800.880552149129,26,1,26_COP_03
83,1.1111111111111112,54.694073166691425,0.7092304512188469,5800.880552149129,26,1,26_COP_03
83,1.3333333333333335,63.92777303825017,0.7092304512188469,5800.880552149129,26,1,26_COP_03
83,1.5555555555555556,74.70008244725733,0.7092304512188469,5800.880552149129,26,1,26_COP_03
83,1.777777777777778,87.25999709799719,0.7092304512188469,5800.880552149129,26,1,26_COP_03
83,2.0,101.8941311249619,0.7092304512188469,5800.880552149129,26,1,26_COP_03
83,2.2222222222222223,118.93142924588642,0.7092304512188469,5800.880552149129,26,1,26_COP_03
83,2.444444444444444,138.74810820492198,0.7092304512188469,5800.880552149129,26,1,26_COP_03
83,2.666666666666667,161.77268646939166,0.7092304512188469,5800.880552149129,26,1,26_COP_03
83,2.8888888888888893,188.49088826223334,0.7092304512188469,5800.880552149129,26,1,26_COP_03
83,3.111111111111111,219.45011389347286,0.7092304512188469,5800.880552149129,26,1,26_COP_03
83,3.3333333333333335,255.2630505066,0.7092304512188469,5800.880552149129,26,1,26_COP_03
83,3.555555555555556,296.60985503329715,0.7092304512188469,5800.880552149129,26,1,26_COP_03
83,3.7777777777777777,344.2381768892298,0.7092304512188469,5800.880552149129,26,1,26_COP_03
83,4.0,398.96010971134183,0.7092304512188469,5800.880552149129,26,1,26_COP_03
83,4.222222222222222,461.64498537732146,0.7092304512188469,5800.880552149129,26,1,26_COP_03
83,4.444444444444445,533.2067771011049,0.7092304512188469,5800.880552149129,26,1,26_COP_03
83,4.666666666666667,614.5848031838362,0.7092304512188469,5800.880552149129,26,1,26_COP_03
83,4.888888888888888,706.7164762812291,0.7092304512188469,5800.880552149129,26,1,26_COP_03
83,5.111111111111111,810.5010958928423,0.7092304512188469,5800.880552149129,26,1,26_COP_03
83,5.333333333333334,926.7542113757519,0.7092304512188469,5800.880552149129,26,1,26_COP_03
83,5.555555555555556,1056.1529562502124,0.7092304512188469,5800.880552149129,26,1,26_COP_03
83,5.777777777777779,1199.1740026227787,0.7092304512188469,5800.880552149129,26,1,26_COP_03
83,6.0,1356.0273665757552,0.7092304512188469,5800.880552149129,26,1,26_COP_03
83,6.222222222222222,1526.5910627945527,0.7092304512188469,5800.880552149129,26,1,26_COP_03
83,6.444444444444445,1710.3532790361753,0.7092304512188469,5800.880552149129,26,1,26_COP_03
83,6.666666666666667,1906.3699146674455,0.7092304512188469,5800.880552149129,26,1,26_COP_03
83,6.888888888888889,2113.2455369513236,0.7092304512188469,5800.880552149129,26,1,26_COP_03
83,7.111111111111112,2329.144647520052,0.7092304512188469,5800.880552149129,26,1,26_COP_03
83,7.333333333333333,2551.837432912984,0.7092304512188469,5800.880552149129,26,1,26_COP_03
83,7.555555555555555,2778.7800790870697,0.7092304512188469,5800.880552149129,26,1,26_COP_03
83,7.777777777777778,3007.2248735804155,0.7092304512188469,5800.880552149129,26,1,26_COP_03
83,8.0,3234.3506597446276,0.7092304512188469,5800.880552149129,26,1,26_COP_03
83,8.222222222222223,3457.4008093185807,0.7092304512188469,5800.880552149129,26,1,26_COP_03
83,8.444444444444445,3673.8145841252817,0.7092304512188469,5800.880552149129,26,1,26_COP_03
83,8.666666666666666,3881.3388979127594,0.7092304512188469,5800.880552149129,26,1,26_COP_03
83,8.88888888888889,4078.110771830044,0.7092304512188469,5800.880552149129,26,1,26_COP_03
83,9.11111111111111,4262.705385878518,0.7092304512188469,5800.880552149129,26,1,26_COP_03
83,9.333333333333334,4434.149503986533,0.7092304512188469,5800.880552149129,26,1,26_COP_03
83,9.555555555555555,4591.9042172452055,0.7092304512188469,5800.880552149129,26,1,26_COP_03
83,9.777777777777777,4735.823768207896,0.7092304512188469,5800.880552149129,26,1,26_COP_03
83,10.0,4866.098479534506,0.7092304512188469,5800.880552149129,26,1,26_COP_03
83,10.222222222222221,4983.189679266211,0.7092304512188469,5800.880552149129,26,1,26_COP_03
83,10.444444444444445,5087.763389941305,0.7092304512188469,5800.880552149129,26,1,26_COP_03
83,10.666666666666668,5180.627895521355,0.7092304512188469,5800.880552149129,26,1,26_COP_03
83,10.88888888888889,5262.678528853644,0.7092304512188469,5800.880552149129,26,1,26_COP_03
83,11.111111111111112,5334.851422411664,0.7092304512188469,5800.880552149129,26,1,26_COP_03
83,11.333333333333332,5398.086693005609,0.7092304512188469,5800.880552149129,26,1,26_COP_03
83,11.555555555555557,5453.30063363351,0.7092304512188469,5800.880552149129,26,1,26_COP_03
83,11.777777777777779,5501.365935443121,0.7092304512188469,5800.880552149129,26,1,26_COP_03
83,12.0,5543.098694238891,0.7092304512188469,5800.880552149129,26,1,26_COP_03
83,12.222222222222223,5579.250891965874,0.7092304512188469,5800.880552149129,26,1,26_COP_03
83,12.444444444444445,5610.507112354385,0.7092304512188469,5800.880552149129,26,1,26_COP_03
83,12.666666666666668,5637.484393147147,0.7092304512188469,5800.880552149129,26,1,26_COP_03
83,12.88888888888889,5660.734292436083,0.7092304512188469,5800.880552149129,26,1,26_COP_03
83,13.11111111111111,5680.746425323904,0.7092304512188469,5800.880552149129,26,1,26_COP_03
83,13.333333333333334,5697.952892612769,0.7092304512188469,5800.880552149129,26,1,26_COP_03
83,13.555555555555555,5712.733167098136,0.7092304512188469,5800.880552149129,26,1,26_COP_03
83,13.777777777777779,5725.419122492287,0.7092304512188469,5800.880552149129,26,1,26_COP_03
83,14.0,5736.299985604098,0.7092304512188469,5800.880552149129,26,1,26_COP_03
83,14.222222222222223,5745.627066573186,0.7092304512188469,5800.880552149129,26,1,26_COP_03
83,14.444444444444445,5753.618177889361,0.7092304512188469,5800.880552149129,26,1,26_COP_03
83,14.666666666666666,5760.461693946029,0.7092304512188469,5800.880552149129,26,1,26_COP_03
83,14.88888888888889,5766.320232074987,0.7092304512188469,5800.880552149129,26,1,26_COP_03
83,15.11111111111111,5771.333956087358,0.7092304512188469,5800.880552149129,26,1,26_COP_03
83,15.333333333333334,5775.6235165482585,0.7092304512188469,5800.880552149129,26,1,26_COP_03
83,15.555555555555555,5779.2926501500315,0.7092304512188469,5800.880552149129,26,1,26_COP_03
83,15.777777777777777,5782.430465039554,0.7092304512188469,5800.880552149129,26,1,26_COP_03
83,16.0,5785.113440886891,0.7092304512188469,5800.880552149129,26,1,26_COP_03
83,16.22222222222222,5787.40717267357,0.7092304512188469,5800.880552149129,26,1,26_COP_03
83,16.444444444444446,5789.367886232685,0.7092304512188469,5800.880552149129,26,1,26_COP_03
83,16.666666666666668,5791.043751927001,0.7092304512188469,5800.880552149129,26,1,26_COP_03
83,16.88888888888889,5792.476020816078,0.7092304512188469,5800.880552149129,26,1,26_COP_03
83,17.11111111111111,5793.700005454311,0.7092304512188469,5800.880552149129,26,1,26_COP_03
83,17.333333333333332,5794.745925224362,0.7092304512188469,5800.880552149129,26,1,26_COP_03
83,17.555555555555557,5795.6396339388775,0.7092304512188469,5800.880552149129,26,1,26_COP_03
83,17.77777777777778,5796.403245395754,0.7092304512188469,5800.880552149129,26,1,26_COP_03
83,18.0,5797.05567068061,0.7092304512188469,5800.880552149129,26,1,26_COP_03
83,18.22222222222222,5797.61307928938,0.7092304512188469,5800.880552149129,26,1,26_COP_03
83,18.444444444444443,5798.089294596642,0.7092304512188469,5800.880552149129,26,1,26_COP_03
83,18.666666666666668,5798.496132816778,0.7092304512188469,5800.880552149129,26,1,26_COP_03
83,18.88888888888889,5798.843693385786,0.7092304512188469,5800.880552149129,26,1,26_COP_03
83,19.11111111111111,5799.140607619334,0.7092304512188469,5800.880552149129,26,1,26_COP_03
83,19.333333333333332,5799.39425156439,0.7092304512188469,5800.880552149129,26,1,26_COP_03
83,19.555555555555554,5799.6109281437375,0.7092304512188469,5800.880552149129,26,1,26_COP_03
83,19.77777777777778,5799.796022981975,0.7092304512188469,5800.880552149129,26,1,26_COP_03
83,20.0,5799.954137685637,0.7092304512188469,5800.880552149129,26,1,26_COP_03
83,20.22222222222222,5800.0892038175025,0.7092304512188469,5800.880552149129,26,1,26_COP_03
83,20.444444444444443,5800.204580345491,0.7092304512188469,5800.880552149129,26,1,26_COP_03
83,20.666666666666668,5800.3031369505,0.7092304512188469,5800.880552149129,26,1,26_COP_03
83,20.88888888888889,5800.3873252366675,0.7092304512188469,5800.880552149129,26,1,26_COP_03
83,21.11111111111111,5800.459239594607,0.7092304512188469,5800.880552149129,26,1,26_COP_03
83,21.333333333333336,5800.520669216472,0.7092304512188469,5800.880552149129,26,1,26_COP_03
83,21.555555555555554,5800.573142545884,0.7092304512188469,5800.880552149129,26,1,26_COP_03
83,21.77777777777778,5800.617965260605,0.7092304512188469,5800.880552149129,26,1,26_COP_03
83,22.0,5800.656252727091,0.7092304512188469,5800.880552149129,26,1,26_COP_03
84,0.0,25.0,1.4260414604560192,2970.6947774443674,26,1,26_COP_03
84,0.18181818181818182,32.319417591012474,1.4260414604560192,2970.6947774443674,26,1,26_COP_03
84,0.36363636363636365,41.75141651991194,1.4260414604560192,2970.6947774443674,26,1,26_COP_03
84,0.5454545454545454,53.885542070769695,1.4260414604560192,2970.6947774443674,26,1,26_COP_03
84,0.7272727272727273,69.4625482662298,1.4260414604560192,2970.6947774443674,26,1,26_COP_03
84,0.9090909090909091,89.4044684341203,1.4260414604560192,2970.6947774443674,26,1,26_COP_03
84,1.0909090909090908,114.84486333985363,1.4260414604560192,2970.6947774443674,26,1,26_COP_03
84,1.2727272727272727,147.15470092579142,1.4260414604560192,2970.6947774443674,26,1,26_COP_03
84,1.4545454545454546,187.95616969897713,1.4260414604560192,2970.6947774443674,26,1,26_COP_03
84,1.6363636363636365,239.11258474011873,1.4260414604560192,2970.6947774443674,26,1,26_COP_03
84,1.8181818181818181,302.6779063760937,1.4260414604560192,2970.6947774443674,26,1,26_COP_03
84,2.0,380.78571959757346,1.4260414604560192,2970.6947774443674,26,1,26_COP_03
84,2.1818181818181817,475.45775234481624,1.4260414604560192,2970.6947774443674,26,1,26_COP_03
84,2.3636363636363638,588.3206361111103,1.4260414604560192,2970.6947774443674,26,1,26_COP_03
84,2.5454545454545454,720.2414539532543,1.4260414604560192,2970.6947774443674,26,1,26_COP_03
84,2.7272727272727275,870.9292751347851,1.4260414604560192,2970.6947774443674,26,1,26_COP_03
84,2.909090909090909,1038.5940735148336,1.4260414604560192,2970.6947774443674,26,1,26_COP_03
84,3.090909090909091,1219.785909503612,1.4260414604560192,2970.6947774443674,26,1,26_COP_03
84,3.272727272727273,1409.5274059460737,1.4260414604560192,2970.6947774443674,26,1,26_COP_03
84,3.454545454545454,1601.7827059033439,1.4260414604560192,2970.6947774443674,26,1,26_COP_03
84,3.6363636363636362,1790.1910775796425,1.4260414604560192,2970.6947774443674,26,1,26_COP_03
84,3.8181818181818183,1968.886437064086,1.4260414604560192,2970.6947774443674,26,1,26_COP_03
84,4.0,2133.186907609183,1.4260414604560192,2970.6947774443674,26,1,26_COP_03
84,4.181818181818182,2279.994295614142,1.4260414604560192,2970.6947774443674,26,1,26_COP_03
84,4.363636363636363,2407.8575655395725,1.4260414604560192,2970.6947774443674,26,1,26_COP_03
84,4.545454545454546,2516.763216597323,1.4260414604560192,2970.6947774443674,26,1,26_COP_03
84,4.7272727272727275,2607.7724219186566,1.4260414604560192,2970.6947774443674,26,1,26_COP_03
84,4.909090909090908,2682.6236135583927,1.4260414604560192,2970.6947774443674,26,1,26_COP_03
84,5.090909090909091,2743.382728939909,1.4260414604560192,2970.6947774443674,26,1,26_COP_03
84,5.2727272727272725,2792.17949536722,1.4260414604560192,2970.6947774443674,26,1,26_COP_03
84,5.454545454545455,2831.034395858066,1.4260414604560192,2970.6947774443674,26,1,26_COP_03
84,5.636363636363637,2861.762235469396,1.4260414604560192,2970.6947774443674,26,1,26_COP_03
84,5.818181818181818,2885.931807341946,1.4260414604560192,2970.6947774443674,26,1,26_COP_03
84,6.0,2904.8620830167765,1.4260414604560192,2970.6947774443674,26,1,26_COP_03
84,6.181818181818182,2919.6394174937154,1.4260414604560192,2970.6947774443674,26,1,26_COP_03
84,6.363636363636363,2931.144874700989,1.4260414604560192,2970.6947774443674,26,1,26_COP_03
84,6.545454545454546,2940.0847306540863,1.4260414604560192,2970.6947774443674,26,1,26_COP_03
84,6.7272727272727275,2947.020144043499,1.4260414604560192,2970.6947774443674,26,1,26_COP_03
84,6.909090909090908,2952.393960458926,1.4260414604560192,2970.6947774443674,26,1,26_COP_03
84,7.090909090909091,2956.553847384733,1.4260414604560192,2970.6947774443674,26,1,26_COP_03
84,7.2727272727272725,2959.7716650915313,1.4260414604560192,2970.6947774443674,26,1,26_COP_03
84,7.454545454545455,2962.2593463471476,1.4260414604560192,2970.6947774443674,26,1,26_COP_03
84,7.636363636363637,2964.181718033754,1.4260414604560192,2970.6947774443674,26,1,26_COP_03
84,7.818181818181818,2965.6667391900733,1.4260414604560192,2970.6947774443674,26,1,26_COP_03
84,8.0,2966.813608920242,1.4260414604560192,2970.6947774443674,26,1,26_COP_03
84,8.181818181818182,2967.6991477868783,1.4260414604560192,2970.6947774443674,26,1,26_COP_03
84,8.363636363636363,2968.3827969432764,1.4260414604560192,2970.6947774443674,26,1,26_COP_03
84,8.545454545454545,2968.910520560171,1.4260414604560192,2970.6947774443674,26,1,26_COP_03
84,8.727272727272727,2969.317843926081,1.4260414604560192,2970.6947774443674,26,1,26_COP_03
84,8.90909090909091,2969.632213779305,1.4260414604560192,2970.6947774443674,26,1,26_COP_03
84,9.090909090909092,2969.8748291775746,1.4260414604560192,2970.6947774443674,26,1,26_COP_03
84,9.272727272727273,2970.062059950834,1.4260414604560192,2970.6947774443674,26,1,26_COP_03
84,9.454545454545455,2970.206544613217,1.4260414604560192,2970.6947774443674,26,1,26_COP_03
84,9.636363636363637,2970.3180395607865,1.4260414604560192,2970.6947774443674,26,1,26_COP_03
84,9.818181818181817,2970.4040755349456,1.4260414604560192,2970.6947774443674,26,1,26_COP_03
84,10.0,2970.470464878985,1.4260414604560192,2970.6947774443674,26,1,26_COP_03
84,10.181818181818182,2970.5216933725665,1.4260414604560192,2970.6947774443674,26,1,26_COP_03
84,10.363636363636365,2970.5612228311124,1.4260414604560192,2970.6947774443674,26,1,26_COP_03
84,10.545454545454545,2970.5917247467532,1.4260414604560192,2970.6947774443674,26,1,26_COP_03
84,10.727272727272727,2970.615260658519,1.4260414604560192,2970.6947774443674,26,1,26_COP_03
84,10.90909090909091,2970.633421381531,1.4260414604560192,2970.6947774443674,26,1,26_COP_03
84,11.09090909090909,2970.6474344695425,1.4260414604560192,2970.6947774443674,26,1,26_COP_03
84,11.272727272727273,2970.658247153034,1.4260414604560192,2970.6947774443674,26,1,26_COP_03
84,11.454545454545455,2970.6665903462704,1.4260414604560192,2970.6947774443674,26,1,26_COP_03
84,11.636363636363637,2970.6730280424194,1.4260414604560192,2970.6947774443674,26,1,26_COP_03
84,11.818181818181818,2970.677995431216,1.4260414604560192,2970.6947774443674,26,1,26_COP_03
84,12.0,2970.681828313236,1.4260414604560192,2970.6947774443674,26,1,26_COP_03
84,12.181818181818182,2970.6847857975886,1.4260414604560192,2970.6947774443674,26,1,26_COP_03
84,12.363636363636363,2970.6870678164664,1.4260414604560192,2970.6947774443674,26,1,26_COP_03
84,12.545454545454547,2970.6888286400062,1.4260414604560192,2970.6947774443674,26,1,26_COP_03
84,12.727272727272727,2970.6901873047404,1.4260414604560192,2970.6947774443674,26,1,26_COP_03
84,12.909090909090908,2970.691235660453,1.4260414604560192,2970.6947774443674,26,1,26_COP_03
84,13.090909090909092,2970.6920445792903,1.4260414604560192,2970.6947774443674,26,1,26_COP_03
84,13.272727272727272,2970.692668746817,1.4260414604560192,2970.6947774443674,26,1,26_COP_03
84,13.454545454545455,2970.6931503588658,1.4260414604560192,2970.6947774443674,26,1,26_COP_03
84,13.636363636363637,2970.693521974074,1.4260414604560192,2970.6947774443674,26,1,26_COP_03
84,13.818181818181817,2970.693808714936,1.4260414604560192,2970.6947774443674,26,1,26_COP_03
84,14.0,2970.694029966155,1.4260414604560192,2970.6947774443674,26,1,26_COP_03
84,14.181818181818182,2970.694200685109,1.4260414604560192,2970.6947774443674,26,1,26_COP_03
84,14.363636363636363,2970.6943324130175,1.4260414604560192,2970.6947774443674,26,1,26_COP_03
84,14.545454545454545,2970.6944340551677,1.4260414604560192,2970.6947774443674,26,1,26_COP_03
84,14.727272727272728,2970.6945124829404,1.4260414604560192,2970.6947774443674,26,1,26_COP_03
84,14.90909090909091,2970.694572998341,1.4260414604560192,2970.6947774443674,26,1,26_COP_03
84,15.09090909090909,2970.694619692433,1.4260414604560192,2970.6947774443674,26,1,26_COP_03
84,15.272727272727273,2970.6946557219103,1.4260414604560192,2970.6947774443674,26,1,26_COP_03
84,15.454545454545453,2970.694683522499,1.4260414604560192,2970.6947774443674,26,1,26_COP_03
84,15.636363636363637,2970.6947049736204,1.4260414604560192,2970.6947774443674,26,1,26_COP_03
84,15.818181818181818,2970.6947215254504,1.4260414604560192,2970.6947774443674,26,1,26_COP_03
84,16.0,2970.6947342969543,1.4260414604560192,2970.6947774443674,26,1,26_COP_03
84,16.181818181818183,2970.694744151532,1.4260414604560192,2970.6947774443674,26,1,26_COP_03
84,16.363636363636363,2970.6947517553913,1.4260414604560192,2970.6947774443674,26,1,26_COP_03
84,16.545454545454547,2970.6947576225807,1.4260414604560192,2970.6947774443674,26,1,26_COP_03
84,16.727272727272727,2970.6947621497434,1.4260414604560192,2970.6947774443674,26,1,26_COP_03
84,16.90909090909091,2970.694765642932,1.4260414604560192,2970.6947774443674,26,1,26_COP_03
84,17.09090909090909,2970.6947683383005,1.4260414604560192,2970.6947774443674,26,1,26_COP_03
84,17.272727272727273,2970.6947704180648,1.4260414604560192,2970.6947774443674,26,1,26_COP_03
84,17.454545454545453,2970.6947720228254,1.4260414604560192,2970.6947774443674,26,1,26_COP_03
84,17.636363636363637,2970.694773261069,1.4260414604560192,2970.6947774443674,26,1,26_COP_03
84,17.81818181818182,2970.6947742165057,1.4260414604560192,2970.6947774443674,26,1,26_COP_03
84,18.0,2970.6947749537276,1.4260414604560192,2970.6947774443674,26,1,26_COP_03
85,0.0,25.0,2.6489401978855147,5.027378118054945,20,1,26_COP_04
85,0.15151515151515152,10.806848922457812,2.6489401978855147,5.027378118054945,20,1,26_COP_04
85,0.30303030303030304,7.830805931304352,2.6489401978855147,5.027378118054945,20,1,26_COP_04
85,0.4545454545454546,6.611923391148031,2.6489401978855147,5.027378118054945,20,1,26_COP_04
85,0.6060606060606061,5.988000206339816,2.6489401978855147,5.027378118054945,20,1,26_COP_04
85,0.7575757575757576,5.6322238052340605,2.6489401978855147,5.027378118054945,20,1,26_COP_04
85,0.9090909090909092,5.416781698580839,2.6489401978855147,5.027378118054945,20,1,26_COP_04
85,1.0606060606060606,5.281541651003408,2.6489401978855147,5.027378118054945,20,1,26_COP_04
85,1.2121212121212122,5.194721571525639,2.6489401978855147,5.027378118054945,20,1,26_COP_04
85,1.3636363636363638,5.13818066553102,2.6489401978855147,5.027378118054945,20,1,26_COP_04
85,1.5151515151515151,5.101014227111486,2.6489401978855147,5.027378118054945,20,1,26_COP_04
85,1.6666666666666665,5.076433529651218,2.6489401978855147,5.027378118054945,20,1,26_COP_04
85,1.8181818181818183,5.060110843895541,2.6489401978855147,5.027378118054945,20,1,26_COP_04
85,1.96969696969697,5.049242757316176,2.6489401978855147,5.027378118054945,20,1,26_COP_04
85,2.121212121212121,5.041993570877407,2.6489401978855147,5.027378118054945,20,1,26_COP_04
85,2.272727272727273,5.0371524933298994,2.6489401978855147,5.027378118054945,20,1,26_COP_04
85,2.4242424242424243,5.033917005835141,2.6489401978855147,5.027378118054945,20,1,26_COP_04
85,2.5757575757575757,5.031753451021274,2.6489401978855147,5.027378118054945,20,1,26_COP_04
85,2.7272727272727275,5.030306178907634,2.6489401978855147,5.027378118054945,20,1,26_COP_04
85,2.8787878787878785,5.029337821739216,2.6489401978855147,5.027378118054945,20,1,26_COP_04
85,3.0303030303030303,5.028689799484443,2.6489401978855147,5.027378118054945,20,1,26_COP_04
85,3.181818181818182,5.028256098483681,2.6489401978855147,5.027378118054945,20,1,26_COP_04
85,3.333333333333333,5.027965815340688,2.6489401978855147,5.027378118054945,20,1,26_COP_04
85,3.484848484848485,5.027771514856251,2.6489401978855147,5.027378118054945,20,1,26_COP_04
85,3.6363636363636367,5.027641456042573,2.6489401978855147,5.027378118054945,20,1,26_COP_04
85,3.787878787878788,5.027554396785644,2.6489401978855147,5.027378118054945,20,1,26_COP_04
85,3.93939393939394,5.027496119901423,2.6489401978855147,5.027378118054945,20,1,26_COP_04
85,4.090909090909091,5.027457109372144,2.6489401978855147,5.027378118054945,20,1,26_COP_04
85,4.242424242424242,5.027430995568181,2.6489401978855147,5.027378118054945,20,1,26_COP_04
85,4.393939393939394,5.027413514808744,2.6489401978855147,5.027378118054945,20,1,26_COP_04
85,4.545454545454546,5.027401813034968,2.6489401978855147,5.027378118054945,20,1,26_COP_04
85,4.696969696969697,5.027393979749876,2.6489401978855147,5.027378118054945,20,1,26_COP_04
85,4.848484848484849,5.027388736063292,2.6489401978855147,5.027378118054945,20,1,26_COP_04
85,5.0,5.027385225879212,2.6489401978855147,5.027378118054945,20,1,26_COP_04
85,5.151515151515151,5.027382876120282,2.6489401978855147,5.027378118054945,20,1,26_COP_04
85,5.303030303030303,5.02738130316313,2.6489401978855147,5.027378118054945,20,1,26_COP_04
85,5.454545454545455,5.027380250206247,2.6489401978855147,5.027378118054945,20,1,26_COP_04
85,5.606060606060606,5.027379545343822,2.6489401978855147,5.027378118054945,20,1,26_COP_04
85,5.757575757575757,5.027379073500102,2.6489401978855147,5.027378118054945,20,1,26_COP_04
85,5.909090909090909,5.027378757641991,2.6489401978855147,5.027378118054945,20,1,26_COP_04
85,6.0606060606060606,5.027378546202593,2.6489401978855147,5.027378118054945,20,1,26_COP_04
85,6.212121212121212,5.027378404662394,2.6489401978855147,5.027378118054945,20,1,26_COP_04
85,6.363636363636364,5.027378309913597,2.6489401978855147,5.027378118054945,20,1,26_COP_04
85,6.515151515151516,5.027378246487554,2.6489401978855147,5.027378118054945,20,1,26_COP_04
85,6.666666666666666,5.027378204029359,2.6489401978855147,5.027378118054945,20,1,26_COP_04
85,6.818181818181818,5.027378175607306,2.6489401978855147,5.027378118054945,20,1,26_COP_04
85,6.96969696969697,5.027378156581224,2.6489401978855147,5.027378118054945,20,1,26_COP_04
85,7.121212121212121,5.027378143844924,2.6489401978855147,5.027378118054945,20,1,26_COP_04
85,7.272727272727273,5.027378135319084,2.6489401978855147,5.027378118054945,20,1,26_COP_04
85,7.424242424242425,5.027378129611778,2.6489401978855147,5.027378118054945,20,1,26_COP_04
85,7.575757575757576,5.027378125791235,2.6489401978855147,5.027378118054945,20,1,26_COP_04
85,7.727272727272727,5.027378123233716,2.6489401978855147,5.027378118054945,20,1,26_COP_04
85,7.87878787878788,5.0273781215216795,2.6489401978855147,5.027378118054945,20,1,26_COP_04
85,8.030303030303031,5.027378120375621,2.6489401978855147,5.027378118054945,20,1,26_COP_04
85,8.181818181818182,5.027378119608435,2.6489401978855147,5.027378118054945,20,1,26_COP_04
85,8.333333333333334,5.0273781190948705,2.6489401978855147,5.027378118054945,20,1,26_COP_04
85,8.484848484848484,5.027378118751084,2.6489401978855147,5.027378118054945,20,1,26_COP_04
85,8.636363636363637,5.02737811852095,2.6489401978855147,5.027378118054945,20,1,26_COP_04
85,8.787878787878787,5.027378118366895,2.6489401978855147,5.027378118054945,20,1,26_COP_04
85,8.93939393939394,5.027378118263768,2.6489401978855147,5.027378118054945,20,1,26_COP_04
85,9.090909090909092,5.027378118194734,2.6489401978855147,5.027378118054945,20,1,26_COP_04
85,9.242424242424242,5.027378118148522,2.6489401978855147,5.027378118054945,20,1,26_COP_04
85,9.393939393939394,5.0273781181175865,2.6489401978855147,5.027378118054945,20,1,26_COP_04
85,9.545454545454545,5.027378118096878,2.6489401978855147,5.027378118054945,20,1,26_COP_04
85,9.696969696969697,5.027378118083016,2.6489401978855147,5.027378118054945,20,1,26_COP_04
85,9.848484848484848,5.027378118073735,2.6489401978855147,5.027378118054945,20,1,26_COP_04
85,10.0,5.027378118067523,2.6489401978855147,5.027378118054945,20,1,26_COP_04
85,10.151515151515152,5.027378118063365,2.6489401978855147,5.027378118054945,20,1,26_COP_04
85,10.303030303030303,5.027378118060581,2.6489401978855147,5.027378118054945,20,1,26_COP_04
85,10.454545454545455,5.027378118058718,2.6489401978855147,5.027378118054945,20,1,26_COP_04
85,10.606060606060606,5.027378118057471,2.6489401978855147,5.027378118054945,20,1,26_COP_04
85,10.757575757575758,5.027378118056635,2.6489401978855147,5.027378118054945,20,1,26_COP_04
85,10.90909090909091,5.027378118056077,2.6489401978855147,5.027378118054945,20,1,26_COP_04
85,11.06060606060606,5.027378118055703,2.6489401978855147,5.027378118054945,20,1,26_COP_04
85,11.212121212121213,5.027378118055452,2.6489401978855147,5.027378118054945,20,1,26_COP_04
85,11.363636363636363,5.027378118055284,2.6489401978855147,5.027378118054945,20,1,26_COP_04
85,11.515151515151514,5.027378118055172,2.6489401978855147,5.027378118054945,20,1,26_COP_04
85,11.666666666666666,5.027378118055098,2.6489401978855147,5.027378118054945,20,1,26_COP_04
85,11.818181818181818,5.027378118055046,2.6489401978855147,5.027378118054945,20,1,26_COP_04
85,11.96969696969697,5.0273781180550134,2.6489401978855147,5.027378118054945,20,1,26_COP_04
85,12.121212121212121,5.027378118054991,2.6489401978855147,5.027378118054945,20,1,26_COP_04
85,12.272727272727273,5.027378118054976,2.6489401978855147,5.027378118054945,20,1,26_COP_04
85,12.424242424242424,5.0273781180549655,2.6489401978855147,5.027378118054945,20,1,26_COP_04
85,12.575757575757574,5.027378118054959,2.6489401978855147,5.027378118054945,20,1,26_COP_04
85,12.727272727272728,5.027378118054954,2.6489401978855147,5.027378118054945,20,1,26_COP_04
85,12.878787878787879,5.027378118054951,2.6489401978855147,5.027378118054945,20,1,26_COP_04
85,13.030303030303031,5.027378118054949,2.6489401978855147,5.027378118054945,20,1,26_COP_04
85,13.181818181818182,5.027378118054948,2.6489401978855147,5.027378118054945,20,1,26_COP_04
85,13.333333333333332,5.027378118054947,2.6489401978855147,5.027378118054945,20,1,26_COP_04
85,13.484848484848484,5.027378118054946,2.6489401978855147,5.027378118054945,20,1,26_COP_04
85,13.636363636363637,5.027378118054946,2.6489401978855147,5.027378118054945,20,1,26_COP_04
85,13.787878787878789,5.027378118054946,2.6489401978855147,5.027378118054945,20,1,26_COP_04
85,13.93939393939394,5.027378118054946,2.6489401978855147,5.027378118054945,20,1,26_COP_04
85,14.090909090909092,5.027378118054945,2.6489401978855147,5.027378118054945,20,1,26_COP_04
85,14.242424242424242,5.027378118054945,2.6489401978855147,5.027378118054945,20,1,26_COP_04
85,14.393939393939393,5.027378118054945,2.6489401978855147,5.027378118054945,20,1,26_COP_04
85,14.545454545454547,5.027378118054945,2.6489401978855147,5.027378118054945,20,1,26_COP_04
85,14.696969696969697,5.027378118054945,2.6489401978855147,5.027378118054945,20,1,26_COP_04
85,14.84848484848485,5.027378118054945,2.6489401978855147,5.027378118054945,20,1,26_COP_04
85,15.0,5.027378118054945,2.6489401978855147,5.027378118054945,20,1,26_COP_04
86,0.0,25.0,2.7247457440934997,5.026823734914013,20,1,26_COP_04
86,0.15151515151515152,10.665966582413526,2.7247457440934997,5.026823734914013,20,1,26_COP_04
86,0.30303030303030304,7.732142816414168,2.7247457440934997,5.026823734914013,20,1,26_COP_04
86,0.4545454545454546,6.541417880254227,2.7247457440934997,5.026823734914013,20,1,26_COP_04
86,0.6060606060606061,5.936435044614383,2.7247457440934997,5.026823734914013,20,1,26_COP_04
86,0.7575757575757576,5.594058566909991,2.7247457440934997,5.026823734914013,20,1,26_COP_04
86,0.9090909090909092,5.388401380676616,2.7247457440934997,5.026823734914013,20,1,26_COP_04
86,1.0606060606060606,5.260421075607735,2.7247457440934997,5.026823734914013,20,1,26_COP_04
86,1.2121212121212122,5.17901881930681,2.7247457440934997,5.026823734914013,20,1,26_COP_04
86,1.3636363636363638,5.126520621643391,2.7247457440934997,5.026823734914013,20,1,26_COP_04
86,1.5151515151515151,5.092360313406764,2.7247457440934997,5.026823734914013,20,1,26_COP_04
86,1.6666666666666665,5.070003336995066,2.7247457440934997,5.026823734914013,20,1,26_COP_04
86,1.8181818181818183,5.055315833309607,2.7247457440934997,5.026823734914013,20,1,26_COP_04
86,1.96969696969697,5.045642815263838,2.7247457440934997,5.026823734914013,20,1,26_COP_04
86,2.121212121212121,5.039261849984367,2.7247457440934997,5.026823734914013,20,1,26_COP_04
86,2.272727272727273,5.035047998310097,2.7247457440934997,5.026823734914013,20,1,26_COP_04
86,2.4242424242424243,5.032263279010691,2.7247457440934997,5.026823734914013,20,1,26_COP_04
86,2.5757575757575757,5.030422134014395,2.7247457440934997,5.026823734914013,20,1,26_COP_04
86,2.7272727272727275,5.02920446380478,2.7247457440934997,5.026823734914013,20,1,26_COP_04
86,2.8787878787878785,5.028398972733875,2.7247457440934997,5.026823734914013,20,1,26_COP_04
86,3.0303030303030303,5.027866066390544,2.7247457440934997,5.026823734914013,20,1,26_COP_04
86,3.181818181818182,5.027513468138653,2.7247457440934997,5.026823734914013,20,1,26_COP_04
86,3.333333333333333,5.027280157096371,2.7247457440934997,5.026823734914013,20,1,26_COP_04
86,3.484848484848485,5.027125771225043,2.7247457440934997,5.026823734914013,20,1,26_COP_04
86,3.6363636363636367,5.027023608812204,2.7247457440934997,5.026823734914013,20,1,26_COP_04
86,3.787878787878788,5.0269560032815255,2.7247457440934997,5.026823734914013,20,1,26_COP_04
86,3.93939393939394,5.02691126510572,2.7247457440934997,5.026823734914013,20,1,26_COP_04
86,4.090909090909091,5.026881659251231,2.7247457440934997,5.026823734914013,20,1,26_COP_04
86,4.242424242424242,5.026862067236386,2.7247457440934997,5.026823734914013,20,1,26_COP_04
86,4.393939393939394,5.026849101952223,2.7247457440934997,5.026823734914013,20,1,26_COP_04
86,4.545454545454546,5.0268405219790555,2.7247457440934997,5.026823734914013,20,1,26_COP_04
86,4.696969696969697,5.026834844043628,2.7247457440934997,5.026823734914013,20,1,26_COP_04
86,4.848484848484849,5.026831086574809,2.7247457440934997,5.026823734914013,20,1,26_COP_04
86,5.0,5.026828600005339,2.7247457440934997,5.026823734914013,20,1,26_COP_04
86,5.151515151515151,5.02682695447463,2.7247457440934997,5.026823734914013,20,1,26_COP_04
86,5.303030303030303,5.0268258655156846,2.7247457440934997,5.026823734914013,20,1,26_COP_04
86,5.454545454545455,5.0268251448777805,2.7247457440934997,5.026823734914013,20,1,26_COP_04
86,5.606060606060606,5.026824667982802,2.7247457440934997,5.026823734914013,20,1,26_COP_04
86,5.757575757575757,5.026824352389024,2.7247457440934997,5.026823734914013,20,1,26_COP_04
86,5.909090909090909,5.026824143539188,2.7247457440934997,5.026823734914013,20,1,26_COP_04
86,6.0606060606060606,5.026824005329063,2.7247457440934997,5.026823734914013,20,1,26_COP_04
86,6.212121212121212,5.026823913866031,2.7247457440934997,5.026823734914013,20,1,26_COP_04
86,6.363636363636364,5.026823853338728,2.7247457440934997,5.026823734914013,20,1,26_COP_04
86,6.515151515151516,5.026823813283697,2.7247457440934997,5.026823734914013,20,1,26_COP_04
86,6.666666666666666,5.026823786776561,2.7247457440934997,5.026823734914013,20,1,26_COP_04
86,6.818181818181818,5.026823769234985,2.7247457440934997,5.026823734914013,20,1,26_COP_04
86,6.96969696969697,5.026823757626534,2.7247457440934997,5.026823734914013,20,1,26_COP_04
86,7.121212121212121,5.026823749944431,2.7247457440934997,5.026823734914013,20,1,26_COP_04
86,7.272727272727273,5.026823744860663,2.7247457440934997,5.026823734914013,20,1,26_COP_04
86,7.424242424242425,5.026823741496387,2.7247457440934997,5.026823734914013,20,1,26_COP_04
86,7.575757575757576,5.026823739270018,2.7247457440934997,5.026823734914013,20,1,26_COP_04
86,7.727272727272727,5.026823737796677,2.7247457440934997,5.026823734914013,20,1,26_COP_04
86,7.87878787878788,5.026823736821668,2.7247457440934997,5.026823734914013,20,1,26_COP_04
86,8.030303030303031,5.026823736176437,2.7247457440934997,5.026823734914013,20,1,26_COP_04
86,8.181818181818182,5.026823735749446,2.7247457440934997,5.026823734914013,20,1,26_COP_04
86,8.333333333333334,5.026823735466875,2.7247457440934997,5.026823734914013,20,1,26_COP_04
86,8.484848484848484,5.026823735279879,2.7247457440934997,5.026823734914013,20,1,26_COP_04
86,8.636363636363637,5.026823735156132,2.7247457440934997,5.026823734914013,20,1,26_COP_04
86,8.787878787878787,5.026823735074239,2.7247457440934997,5.026823734914013,20,1,26_COP_04
86,8.93939393939394,5.026823735020045,2.7247457440934997,5.026823734914013,20,1,26_COP_04
86,9.090909090909092,5.026823734984181,2.7247457440934997,5.026823734914013,20,1,26_COP_04
86,9.242424242424242,5.026823734960448,2.7247457440934997,5.026823734914013,20,1,26_COP_04
86,9.393939393939394,5.026823734944742,2.7247457440934997,5.026823734914013,20,1,26_COP_04
86,9.545454545454545,5.026823734934348,2.7247457440934997,5.026823734914013,20,1,26_COP_04
86,9.696969696969697,5.02682373492747,2.7247457440934997,5.026823734914013,20,1,26_COP_04
86,9.848484848484848,5.026823734922918,2.7247457440934997,5.026823734914013,20,1,26_COP_04
86,10.0,5.026823734919906,2.7247457440934997,5.026823734914013,20,1,26_COP_04
86,10.151515151515152,5.026823734917913,2.7247457440934997,5.026823734914013,20,1,26_COP_04
86,10.303030303030303,5.026823734916594,2.7247457440934997,5.026823734914013,20,1,26_COP_04
86,10.454545454545455,5.0268237349157205,2.7247457440934997,5.026823734914013,20,1,26_COP_04
86,10.606060606060606,5.026823734915142,2.7247457440934997,5.026823734914013,20,1,26_COP_04
86,10.757575757575758,5.02682373491476,2.7247457440934997,5.026823734914013,20,1,26_COP_04
86,10.90909090909091,5.026823734914507,2.7247457440934997,5.026823734914013,20,1,26_COP_04
86,11.06060606060606,5.02682373491434,2.7247457440934997,5.026823734914013,20,1,26_COP_04
86,11.212121212121213,5.026823734914229,2.7247457440934997,5.026823734914013,20,1,26_COP_04
86,11.363636363636363,5.026823734914156,2.7247457440934997,5.026823734914013,20,1,26_COP_04
86,11.515151515151514,5.026823734914108,2.7247457440934997,5.026823734914013,20,1,26_COP_04
86,11.666666666666666,5.026823734914076,2.7247457440934997,5.026823734914013,20,1,26_COP_04
86,11.818181818181818,5.026823734914053,2.7247457440934997,5.026823734914013,20,1,26_COP_04
86,11.96969696969697,5.02682373491404,2.7247457440934997,5.026823734914013,20,1,26_COP_04
86,12.121212121212121,5.026823734914031,2.7247457440934997,5.026823734914013,20,1,26_COP_04
86,12.272727272727273,5.026823734914025,2.7247457440934997,5.026823734914013,20,1,26_COP_04
86,12.424242424242424,5.026823734914021,2.7247457440934997,5.026823734914013,20,1,26_COP_04
86,12.575757575757574,5.026823734914018,2.7247457440934997,5.026823734914013,20,1,26_COP_04
86,12.727272727272728,5.026823734914016,2.7247457440934997,5.026823734914013,20,1,26_COP_04
86,12.878787878787879,5.026823734914015,2.7247457440934997,5.026823734914013,20,1,26_COP_04
86,13.030303030303031,5.026823734914014,2.7247457440934997,5.026823734914013,20,1,26_COP_04
86,13.181818181818182,5.0268237349140135,2.7247457440934997,5.026823734914013,20,1,26_COP_04
86,13.333333333333332,5.0268237349140135,2.7247457440934997,5.026823734914013,20,1,26_COP_04
86,13.484848484848484,5.0268237349140135,2.7247457440934997,5.026823734914013,20,1,26_COP_04
86,13.636363636363637,5.0268237349140135,2.7247457440934997,5.026823734914013,20,1,26_COP_04
86,13.787878787878789,5.026823734914013,2.7247457440934997,5.026823734914013,20,1,26_COP_04
86,13.93939393939394,5.026823734914013,2.7247457440934997,5.026823734914013,20,1,26_COP_04
86,14.090909090909092,5.026823734914013,2.7247457440934997,5.026823734914013,20,1,26_COP_04
86,14.242424242424242,5.026823734914013,2.7247457440934997,5.026823734914013,20,1,26_COP_04
86,14.393939393939393,5.026823734914013,2.7247457440934997,5.026823734914013,20,1,26_COP_04
86,14.545454545454547,5.026823734914013,2.7247457440934997,5.026823734914013,20,1,26_COP_04
86,14.696969696969697,5.026823734914013,2.7247457440934997,5.026823734914013,20,1,26_COP_04
86,14.84848484848485,5.026823734914013,2.7247457440934997,5.026823734914013,20,1,26_COP_04
86,15.0,5.026823734914013,2.7247457440934997,5.026823734914013,20,1,26_COP_04
87,0.0,25.000000000000004,2.8160582485188517,5.025090649749967,20,1,26_COP_04
87,0.15151515151515152,10.501432275297606,2.8160582485188517,5.025090649749967,20,1,26_COP_04
87,0.30303030303030304,7.61793500768563,2.8160582485188517,5.025090649749967,20,1,26_COP_04
87,0.4545454545454546,6.460188709834736,2.8160582485188517,5.025090649749967,20,1,26_COP_04
87,0.6060606060606061,5.877219965061336,2.8160582485188517,5.025090649749967,20,1,26_COP_04
87,0.7575757575757576,5.550319713147154,2.8160582485188517,5.025090649749967,20,1,26_COP_04
87,0.9090909090909092,5.3558858908735445,2.8160582485188517,5.025090649749967,20,1,26_COP_04
87,1.0606060606060606,5.236166513215368,2.8160582485188517,5.025090649749967,20,1,26_COP_04
87,1.2121212121212122,5.1608736949229215,2.8160582485188517,5.025090649749967,20,1,26_COP_04
87,1.3636363636363638,5.112888899384098,2.8160582485188517,5.025090649749967,20,1,26_COP_04
87,1.5151515151515151,5.082048752818777,2.8160582485188517,5.025090649749967,20,1,26_COP_04
87,1.6666666666666665,5.062120019139625,2.8160582485188517,5.025090649749967,20,1,26_COP_04
87,1.8181818181818183,5.049197107068741,2.8160582485188517,5.025090649749967,20,1,26_COP_04
87,1.96969696969697,5.040798167654104,2.8160582485188517,5.025090649749967,20,1,26_COP_04
87,2.121212121212121,5.03533144080578,2.8160582485188517,5.025090649749967,20,1,26_COP_04
87,2.272727272727273,5.031769833603106,2.8160582485188517,5.025090649749967,20,1,26_COP_04
87,2.4242424242424243,5.029447976611958,2.8160582485188517,5.025090649749967,20,1,26_COP_04
87,2.5757575757575757,5.027933713191188,2.8160582485188517,5.025090649749967,20,1,26_COP_04
87,2.7272727272727275,5.026945882513697,2.8160582485188517,5.025090649749967,20,1,26_COP_04
87,2.8787878787878785,5.026301359131022,2.8160582485188517,5.025090649749967,20,1,26_COP_04
87,3.0303030303030303,5.025880783758016,2.8160582485188517,5.025090649749967,20,1,26_COP_04
87,3.181818181818182,5.02560632255122,2.8160582485188517,5.025090649749967,20,1,26_COP_04
87,3.333333333333333,5.02542720466293,2.8160582485188517,5.025090649749967,20,1,26_COP_04
87,3.484848484848485,5.025310305724524,2.8160582485188517,5.025090649749967,20,1,26_COP_04
87,3.6363636363636367,5.025234011606045,2.8160582485188517,5.025090649749967,20,1,26_COP_04
87,3.787878787878788,5.025184217567546,2.8160582485188517,5.025090649749967,20,1,26_COP_04
87,3.93939393939394,5.025151718759934,2.8160582485188517,5.025090649749967,20,1,26_COP_04
87,4.090909090909091,5.025130507817112,2.8160582485188517,5.025090649749967,20,1,26_COP_04
87,4.242424242424242,5.025116664054872,2.8160582485188517,5.025090649749967,20,1,26_COP_04
87,4.393939393939394,5.025107628614116,2.8160582485188517,5.025090649749967,20,1,26_COP_04
87,4.545454545454546,5.025101731422487,2.8160582485188517,5.025090649749967,20,1,26_COP_04
87,4.696969696969697,5.025097882478542,2.8160582485188517,5.025090649749967,20,1,26_COP_04
87,4.848484848484849,5.025095370371016,2.8160582485188517,5.025090649749967,20,1,26_COP_04
87,5.0,5.025093730781797,2.8160582485188517,5.025090649749967,20,1,26_COP_04
87,5.151515151515151,5.0250926606629625,2.8160582485188517,5.025090649749967,20,1,26_COP_04
87,5.303030303030303,5.025091962223059,2.8160582485188517,5.025090649749967,20,1,26_COP_04
87,5.454545454545455,5.02509150636868,2.8160582485188517,5.025090649749967,20,1,26_COP_04
87,5.606060606060606,5.025091208843823,2.8160582485188517,5.025090649749967,20,1,26_COP_04
87,5.757575757575757,5.025091014656712,2.8160582485188517,5.025090649749967,20,1,26_COP_04
87,5.909090909090909,5.025090887915587,2.8160582485188517,5.025090649749967,20,1,26_COP_04
87,6.0606060606060606,5.025090805194786,2.8160582485188517,5.025090649749967,20,1,26_COP_04
87,6.212121212121212,5.025090751204962,2.8160582485188517,5.025090649749967,20,1,26_COP_04
87,6.363636363636364,5.025090715967138,2.8160582485188517,5.025090649749967,20,1,26_COP_04
87,6.515151515151516,5.02509069296828,2.8160582485188517,5.025090649749967,20,1,26_COP_04
87,6.666666666666666,5.025090677957493,2.8160582485188517,5.025090649749967,20,1,26_COP_04
87,6.818181818181818,5.025090668160323,2.8160582485188517,5.025090649749967,20,1,26_COP_04
87,6.96969696969697,5.025090661765952,2.8160582485188517,5.025090649749967,20,1,26_COP_04
87,7.121212121212121,5.025090657592504,2.8160582485188517,5.025090649749967,20,1,26_COP_04
87,7.272727272727273,5.025090654868597,2.8160582485188517,5.025090649749967,20,1,26_COP_04
87,7.424242424242425,5.02509065309077,2.8160582485188517,5.025090649749967,20,1,26_COP_04
87,7.575757575757576,5.0250906519304275,2.8160582485188517,5.025090649749967,20,1,26_COP_04
87,7.727272727272727,5.0250906511731,2.8160582485188517,5.025090649749967,20,1,26_COP_04
87,7.87878787878788,5.025090650678811,2.8160582485188517,5.025090649749967,20,1,26_COP_04
87,8.030303030303031,5.0250906503562005,2.8160582485188517,5.025090649749967,20,1,26_COP_04
87,8.181818181818182,5.025090650145641,2.8160582485188517,5.025090649749967,20,1,26_COP_04
87,8.333333333333334,5.025090650008213,2.8160582485188517,5.025090649749967,20,1,26_COP_04
87,8.484848484848484,5.025090649918518,2.8160582485188517,5.025090649749967,20,1,26_COP_04
87,8.636363636363637,5.025090649859976,2.8160582485188517,5.025090649749967,20,1,26_COP_04
87,8.787878787878787,5.025090649821768,2.8160582485188517,5.025090649749967,20,1,26_COP_04
87,8.93939393939394,5.025090649796829,2.8160582485188517,5.025090649749967,20,1,26_COP_04
87,9.090909090909092,5.0250906497805525,2.8160582485188517,5.025090649749967,20,1,26_COP_04
87,9.242424242424242,5.02509064976993,2.8160582485188517,5.025090649749967,20,1,26_COP_04
87,9.393939393939394,5.025090649762996,2.8160582485188517,5.025090649749967,20,1,26_COP_04
87,9.545454545454545,5.0250906497584715,2.8160582485188517,5.025090649749967,20,1,26_COP_04
87,9.696969696969697,5.0250906497555174,2.8160582485188517,5.025090649749967,20,1,26_COP_04
87,9.848484848484848,5.025090649753589,2.8160582485188517,5.025090649749967,20,1,26_COP_04
87,10.0,5.0250906497523316,2.8160582485188517,5.025090649749967,20,1,26_COP_04
87,10.151515151515152,5.02509064975151,2.8160582485188517,5.025090649749967,20,1,26_COP_04
87,10.303030303030303,5.025090649750974,2.8160582485188517,5.025090649749967,20,1,26_COP_04
87,10.454545454545455,5.0250906497506245,2.8160582485188517,5.025090649749967,20,1,26_COP_04
87,10.606060606060606,5.025090649750396,2.8160582485188517,5.025090649749967,20,1,26_COP_04
87,10.757575757575758,5.025090649750247,2.8160582485188517,5.025090649749967,20,1,26_COP_04
87,10.90909090909091,5.02509064975015,2.8160582485188517,5.025090649749967,20,1,26_COP_04
87,11.06060606060606,5.025090649750086,2.8160582485188517,5.025090649749967,20,1,26_COP_04
87,11.212121212121213,5.025090649750045,2.8160582485188517,5.025090649749967,20,1,26_COP_04
87,11.363636363636363,5.025090649750018,2.8160582485188517,5.025090649749967,20,1,26_COP_04
87,11.515151515151514,5.02509064975,2.8160582485188517,5.025090649749967,20,1,26_COP_04
87,11.666666666666666,5.0250906497499885,2.8160582485188517,5.025090649749967,20,1,26_COP_04
87,11.818181818181818,5.025090649749981,2.8160582485188517,5.025090649749967,20,1,26_COP_04
87,11.96969696969697,5.025090649749977,2.8160582485188517,5.025090649749967,20,1,26_COP_04
87,12.121212121212121,5.025090649749973,2.8160582485188517,5.025090649749967,20,1,26_COP_04
87,12.272727272727273,5.025090649749971,2.8160582485188517,5.025090649749967,20,1,26_COP_04
87,12.424242424242424,5.02509064974997,2.8160582485188517,5.025090649749967,20,1,26_COP_04
87,12.575757575757574,5.025090649749969,2.8160582485188517,5.025090649749967,20,1,26_COP_04
87,12.727272727272728,5.025090649749968,2.8160582485188517,5.025090649749967,20,1,26_COP_04
87,12.878787878787879,5.025090649749968,2.8160582485188517,5.025090649749967,20,1,26_COP_04
87,13.030303030303031,5.025090649749968,2.8160582485188517,5.025090649749967,20,1,26_COP_04
87,13.181818181818182,5.025090649749968,2.8160582485188517,5.025090649749967,20,1,26_COP_04
87,13.333333333333332,5.025090649749967,2.8160582485188517,5.025090649749967,20,1,26_COP_04
87,13.484848484848484,5.025090649749967,2.8160582485188517,5.025090649749967,20,1,26_COP_04
87,13.636363636363637,5.025090649749967,2.8160582485188517,5.025090649749967,20,1,26_COP_04
87,13.787878787878789,5.025090649749967,2.8160582485188517,5.025090649749967,20,1,26_COP_04
87,13.93939393939394,5.025090649749967,2.8160582485188517,5.025090649749967,20,1,26_COP_04
87,14.090909090909092,5.025090649749967,2.8160582485188517,5.025090649749967,20,1,26_COP_04
87,14.242424242424242,5.025090649749967,2.8160582485188517,5.025090649749967,20,1,26_COP_04
87,14.393939393939393,5.025090649749967,2.8160582485188517,5.025090649749967,20,1,26_COP_04
87,14.545454545454547,5.025090649749967,2.8160582485188517,5.025090649749967,20,1,26_COP_04
87,14.696969696969697,5.025090649749967,2.8160582485188517,5.025090649749967,20,1,26_COP_04
87,14.84848484848485,5.025090649749967,2.8160582485188517,5.025090649749967,20,1,26_COP_04
87,15.0,5.025090649749967,2.8160582485188517,5.025090649749967,20,1,26_COP_04
88,0.0,24.999999999999996,2.7902737847791066,5.025404121583606,26,1,26_COP_04
88,0.15151515151515152,10.546898166515417,2.7902737847791066,5.025404121583606,26,1,26_COP_04
88,0.30303030303030304,7.649307489548377,2.7902737847791066,5.025404121583606,26,1,26_COP_04
88,0.4545454545454546,6.4823873763475985,2.7902737847791066,5.025404121583606,26,1,26_COP_04
88,0.6060606060606061,5.893310232664043,2.7902737847791066,5.025404121583606,26,1,26_COP_04
88,0.7575757575757576,5.56212439849778,2.7902737847791066,5.025404121583606,26,1,26_COP_04
88,0.9090909090909092,5.364589950563718,2.7902737847791066,5.025404121583606,26,1,26_COP_04
88,1.0606060606060606,5.242594873371465,2.7902737847791066,5.025404121583606,26,1,26_COP_04
88,1.2121212121212122,5.165624696130607,2.7902737847791066,5.025404121583606,26,1,26_COP_04
88,1.3636363636363638,5.116405444841214,2.7902737847791066,5.025404121583606,26,1,26_COP_04
88,1.5151515151515151,5.084660979460177,2.7902737847791066,5.025404121583606,26,1,26_COP_04
88,1.6666666666666665,5.064073795126731,2.7902737847791066,5.025404121583606,26,1,26_COP_04
88,1.8181818181818183,5.050674615646766,2.7902737847791066,5.025404121583606,26,1,26_COP_04
88,1.96969696969697,5.041933454019888,2.7902737847791066,5.025404121583606,26,1,26_COP_04
88,2.121212121212121,5.036222370382396,2.7902737847791066,5.025404121583606,26,1,26_COP_04
88,2.272727272727273,5.0324873071232785,2.7902737847791066,5.025404121583606,26,1,26_COP_04
88,2.4242424242424243,5.030042983963707,2.7902737847791066,5.025404121583606,26,1,26_COP_04
88,2.5757575757575757,5.028442676979699,2.7902737847791066,5.025404121583606,26,1,26_COP_04
88,2.7272727272727275,5.027394659693103,2.7902737847791066,5.025404121583606,26,1,26_COP_04
88,2.8787878787878785,5.0267082040483695,2.7902737847791066,5.025404121583606,26,1,26_COP_04
88,3.0303030303030303,5.0262585192713995,2.7902737847791066,5.025404121583606,26,1,26_COP_04
88,3.181818181818182,5.025963915882094,2.7902737847791066,5.025404121583606,26,1,26_COP_04
88,3.333333333333333,5.025770901590724,2.7902737847791066,5.025404121583606,26,1,26_COP_04
88,3.484848484848485,5.025644440849684,2.7902737847791066,5.025404121583606,26,1,26_COP_04
88,3.6363636363636367,5.0255615834124425,2.7902737847791066,5.025404121583606,26,1,26_COP_04
88,3.787878787878788,5.025507294204286,2.7902737847791066,5.025404121583606,26,1,26_COP_04
88,3.93939393939394,5.025471722915195,2.7902737847791066,5.025404121583606,26,1,26_COP_04
88,4.090909090909091,5.025448415807741,2.7902737847791066,5.025404121583606,26,1,26_COP_04
88,4.242424242424242,5.025433144405831,2.7902737847791066,5.025404121583606,26,1,26_COP_04
88,4.393939393939394,5.025423138173441,2.7902737847791066,5.025404121583606,26,1,26_COP_04
88,4.545454545454546,5.025416581810058,2.7902737847791066,5.025404121583606,26,1,26_COP_04
88,4.696969696969697,5.025412285892475,2.7902737847791066,5.025404121583606,26,1,26_COP_04
88,4.848484848484849,5.025409471081805,2.7902737847791066,5.025404121583606,26,1,26_COP_04
88,5.0,5.025407626734743,2.7902737847791066,5.025404121583606,26,1,26_COP_04
88,5.151515151515151,5.025406418263703,2.7902737847791066,5.025404121583606,26,1,26_COP_04
88,5.303030303030303,5.025405626437377,2.7902737847791066,5.025404121583606,26,1,26_COP_04
88,5.454545454545455,5.025405107609043,2.7902737847791066,5.025404121583606,26,1,26_COP_04
88,5.606060606060606,5.025404767657141,2.7902737847791066,5.025404121583606,26,1,26_COP_04
88,5.757575757575757,5.025404544910437,2.7902737847791066,5.025404121583606,26,1,26_COP_04
88,5.909090909090909,5.025404398960094,2.7902737847791066,5.025404121583606,26,1,26_COP_04
88,6.0606060606060606,5.0254043033290365,2.7902737847791066,5.025404121583606,26,1,26_COP_04
88,6.212121212121212,5.025404240668687,2.7902737847791066,5.025404121583606,26,1,26_COP_04
88,6.363636363636364,5.025404199611739,2.7902737847791066,5.025404121583606,26,1,26_COP_04
88,6.515151515151516,5.02540417270999,2.7902737847791066,5.025404121583606,26,1,26_COP_04
88,6.666666666666666,5.025404155083153,2.7902737847791066,5.025404121583606,26,1,26_COP_04
88,6.818181818181818,5.025404143533519,2.7902737847791066,5.025404121583606,26,1,26_COP_04
88,6.96969696969697,5.02540413596585,2.7902737847791066,5.025404121583606,26,1,26_COP_04
88,7.121212121212121,5.025404131007286,2.7902737847791066,5.025404121583606,26,1,26_COP_04
88,7.272727272727273,5.025404127758286,2.7902737847791066,5.025404121583606,26,1,26_COP_04
88,7.424242424242425,5.025404125629442,2.7902737847791066,5.025404121583606,26,1,26_COP_04
88,7.575757575757576,5.0254041242345595,2.7902737847791066,5.025404121583606,26,1,26_COP_04
88,7.727272727272727,5.025404123320591,2.7902737847791066,5.025404121583606,26,1,26_COP_04
88,7.87878787878788,5.025404122721731,2.7902737847791066,5.025404121583606,26,1,26_COP_04
88,8.030303030303031,5.0254041223293395,2.7902737847791066,5.025404121583606,26,1,26_COP_04
88,8.181818181818182,5.025404122072233,2.7902737847791066,5.025404121583606,26,1,26_COP_04
88,8.333333333333334,5.02540412190377,2.7902737847791066,5.025404121583606,26,1,26_COP_04
88,8.484848484848484,5.025404121793387,2.7902737847791066,5.025404121583606,26,1,26_COP_04
88,8.636363636363637,5.025404121721061,2.7902737847791066,5.025404121583606,26,1,26_COP_04
88,8.787878787878787,5.02540412167367,2.7902737847791066,5.025404121583606,26,1,26_COP_04
88,8.93939393939394,5.0254041216426195,2.7902737847791066,5.025404121583606,26,1,26_COP_04
88,9.090909090909092,5.025404121622273,2.7902737847791066,5.025404121583606,26,1,26_COP_04
88,9.242424242424242,5.025404121608942,2.7902737847791066,5.025404121583606,26,1,26_COP_04
88,9.393939393939394,5.025404121600207,2.7902737847791066,5.025404121583606,26,1,26_COP_04
88,9.545454545454545,5.025404121594484,2.7902737847791066,5.025404121583606,26,1,26_COP_04
88,9.696969696969697,5.025404121590733,2.7902737847791066,5.025404121583606,26,1,26_COP_04
88,9.848484848484848,5.025404121588276,2.7902737847791066,5.025404121583606,26,1,26_COP_04
88,10.0,5.025404121586666,2.7902737847791066,5.025404121583606,26,1,26_COP_04
88,10.151515151515152,5.025404121585611,2.7902737847791066,5.025404121583606,26,1,26_COP_04
88,10.303030303030303,5.02540412158492,2.7902737847791066,5.025404121583606,26,1,26_COP_04
88,10.454545454545455,5.025404121584467,2.7902737847791066,5.025404121583606,26,1,26_COP_04
88,10.606060606060606,5.02540412158417,2.7902737847791066,5.025404121583606,26,1,26_COP_04
88,10.757575757575758,5.025404121583976,2.7902737847791066,5.025404121583606,26,1,26_COP_04
88,10.90909090909091,5.025404121583849,2.7902737847791066,5.025404121583606,26,1,26_COP_04
88,11.06060606060606,5.025404121583764,2.7902737847791066,5.025404121583606,26,1,26_COP_04
88,11.212121212121213,5.02540412158371,2.7902737847791066,5.025404121583606,26,1,26_COP_04
88,11.363636363636363,5.025404121583675,2.7902737847791066,5.025404121583606,26,1,26_COP_04
88,11.515151515151514,5.025404121583651,2.7902737847791066,5.025404121583606,26,1,26_COP_04
88,11.666666666666666,5.025404121583636,2.7902737847791066,5.025404121583606,26,1,26_COP_04
88,11.818181818181818,5.025404121583625,2.7902737847791066,5.025404121583606,26,1,26_COP_04
88,11.96969696969697,5.025404121583619,2.7902737847791066,5.025404121583606,26,1,26_COP_04
88,12.121212121212121,5.025404121583614,2.7902737847791066,5.025404121583606,26,1,26_COP_04
88,12.272727272727273,5.025404121583612,2.7902737847791066,5.025404121583606,26,1,26_COP_04
88,12.424242424242424,5.02540412158361,2.7902737847791066,5.025404121583606,26,1,26_COP_04
88,12.575757575757574,5.025404121583609,2.7902737847791066,5.025404121583606,26,1,26_COP_04
88,12.727272727272728,5.025404121583608,2.7902737847791066,5.025404121583606,26,1,26_COP_04
88,12.878787878787879,5.025404121583607,2.7902737847791066,5.025404121583606,26,1,26_COP_04
88,13.030303030303031,5.025404121583607,2.7902737847791066,5.025404121583606,26,1,26_COP_04
88,13.181818181818182,5.025404121583607,2.7902737847791066,5.025404121583606,26,1,26_COP_04
88,13.333333333333332,5.025404121583607,2.7902737847791066,5.025404121583606,26,1,26_COP_04
88,13.484848484848484,5.025404121583606,2.7902737847791066,5.025404121583606,26,1,26_COP_04
88,13.636363636363637,5.025404121583606,2.7902737847791066,5.025404121583606,26,1,26_COP_04
88,13.787878787878789,5.025404121583606,2.7902737847791066,5.025404121583606,26,1,26_COP_04
88,13.93939393939394,5.025404121583606,2.7902737847791066,5.025404121583606,26,1,26_COP_04
88,14.090909090909092,5.025404121583606,2.7902737847791066,5.025404121583606,26,1,26_COP_04
88,14.242424242424242,5.025404121583606,2.7902737847791066,5.025404121583606,26,1,26_COP_04
88,14.393939393939393,5.025404121583606,2.7902737847791066,5.025404121583606,26,1,26_COP_04
88,14.545454545454547,5.025404121583606,2.7902737847791066,5.025404121583606,26,1,26_COP_04
88,14.696969696969697,5.025404121583606,2.7902737847791066,5.025404121583606,26,1,26_COP_04
88,14.84848484848485,5.025404121583606,2.7902737847791066,5.025404121583606,26,1,26_COP_04
88,15.0,5.025404121583606,2.7902737847791066,5.025404121583606,26,1,26_COP_04
89,0.0,24.999999999999996,2.7332440241039615,5.026075569026874,26,1,26_COP_04
89,0.15151515151515152,10.649453199064014,2.7332440241039615,5.026075569026874,26,1,26_COP_04
89,0.30303030303030304,7.720460975477851,2.7332440241039615,5.026075569026874,26,1,26_COP_04
89,0.4545454545454546,6.532928812070012,2.7332440241039615,5.026075569026874,26,1,26_COP_04
89,0.6060606060606061,5.930078944644268,2.7332440241039615,5.026075569026874,26,1,26_COP_04
89,0.7575757575757576,5.589202024376829,2.7332440241039615,5.026075569026874,26,1,26_COP_04
89,0.9090909090909092,5.384633044078642,2.7332440241039615,5.026075569026874,26,1,26_COP_04
89,1.0606060606060606,5.257455016823952,2.7332440241039615,5.026075569026874,26,1,26_COP_04
89,1.2121212121212122,5.176647619156096,2.7332440241039615,5.026075569026874,26,1,26_COP_04
89,1.3636363636363638,5.124590364982443,2.7332440241039615,5.026075569026874,26,1,26_COP_04
89,1.5151515151515151,5.090755732863486,2.7332440241039615,5.026075569026874,26,1,26_COP_04
89,1.6666666666666665,5.068638024553874,2.7332440241039615,5.026075569026874,26,1,26_COP_04
89,1.8181818181818183,5.054125251181578,2.7332440241039615,5.026075569026874,26,1,26_COP_04
89,1.96969696969697,5.044579049313223,2.7332440241039615,5.026075569026874,26,1,26_COP_04
89,2.121212121212121,5.0382895759183075,2.7332440241039615,5.026075569026874,26,1,26_COP_04
89,2.272727272727273,5.034141360466745,2.7332440241039615,5.026075569026874,26,1,26_COP_04
89,2.4242424242424243,5.031403483854718,2.7332440241039615,5.026075569026874,26,1,26_COP_04
89,2.5757575757575757,5.029595610185624,2.7332440241039615,5.026075569026874,26,1,26_COP_04
89,2.7272727272727275,5.028401469696885,2.7332440241039615,5.026075569026874,26,1,26_COP_04
89,2.8787878787878785,5.027612553807091,2.7332440241039615,5.026075569026874,26,1,26_COP_04
89,3.0303030303030303,5.027091282193198,2.7332440241039615,5.026075569026874,26,1,26_COP_04
89,3.181818181818182,5.026746824545102,2.7332440241039615,5.026075569026874,26,1,26_COP_04
89,3.333333333333333,5.0265191927350665,2.7332440241039615,5.026075569026874,26,1,26_COP_04
89,3.484848484848485,5.026368758447823,2.7332440241039615,5.026075569026874,26,1,26_COP_04
89,3.6363636363636367,5.026269338898418,2.7332440241039615,5.026075569026874,26,1,26_COP_04
89,3.787878787878788,5.026203633043754,2.7332440241039615,5.026075569026874,26,1,26_COP_04
89,3.93939393939394,5.026160207907977,2.7332440241039615,5.026075569026874,26,1,26_COP_04
89,4.090909090909091,5.026131507934275,2.7332440241039615,5.026075569026874,26,1,26_COP_04
89,4.242424242424242,5.026112539830118,2.7332440241039615,5.026075569026874,26,1,26_COP_04
89,4.393939393939394,5.026100003577085,2.7332440241039615,5.026075569026874,26,1,26_COP_04
89,4.545454545454546,5.026091718195855,2.7332440241039615,5.026075569026874,26,1,26_COP_04
89,4.696969696969697,5.026086242266295,2.7332440241039615,5.026075569026874,26,1,26_COP_04
89,4.848484848484849,5.02608262314105,2.7332440241039615,5.026075569026874,26,1,26_COP_04
89,5.0,5.0260802312045865,2.7332440241039615,5.026075569026874,26,1,26_COP_04
89,5.151515151515151,5.026078650335737,2.7332440241039615,5.026075569026874,26,1,26_COP_04
89,5.303030303030303,5.026077605514093,2.7332440241039615,5.026075569026874,26,1,26_COP_04
89,5.454545454545455,5.026076914974544,2.7332440241039615,5.026075569026874,26,1,26_COP_04
89,5.606060606060606,5.026076458585717,2.7332440241039615,5.026075569026874,26,1,26_COP_04
89,5.757575757575757,5.02607615695089,2.7332440241039615,5.026075569026874,26,1,26_COP_04
89,5.909090909090909,5.0260759575954985,2.7332440241039615,5.026075569026874,26,1,26_COP_04
89,6.0606060606060606,5.026075825838254,2.7332440241039615,5.026075569026874,26,1,26_COP_04
89,6.212121212121212,5.02607573875773,2.7332440241039615,5.026075569026874,26,1,26_COP_04
89,6.363636363636364,5.026075681204784,2.7332440241039615,5.026075569026874,26,1,26_COP_04
89,6.515151515151516,5.026075643167097,2.7332440241039615,5.026075569026874,26,1,26_COP_04
89,6.666666666666666,5.026075618027365,2.7332440241039615,5.026075569026874,26,1,26_COP_04
89,6.818181818181818,5.026075601412103,2.7332440241039615,5.026075569026874,26,1,26_COP_04
89,6.96969696969697,5.026075590430803,2.7332440241039615,5.026075569026874,26,1,26_COP_04
89,7.121212121212121,5.026075583173083,2.7332440241039615,5.026075569026874,26,1,26_COP_04
89,7.272727272727273,5.026075578376336,2.7332440241039615,5.026075569026874,26,1,26_COP_04
89,7.424242424242425,5.026075575206087,2.7332440241039615,5.026075569026874,26,1,26_COP_04
89,7.575757575757576,5.026075573110818,2.7332440241039615,5.026075569026874,26,1,26_COP_04
89,7.727272727272727,5.02607557172602,2.7332440241039615,5.026075569026874,26,1,26_COP_04
89,7.87878787878788,5.026075570810783,2.7332440241039615,5.026075569026874,26,1,26_COP_04
89,8.030303030303031,5.026075570205889,2.7332440241039615,5.026075569026874,26,1,26_COP_04
89,8.181818181818182,5.026075569806104,2.7332440241039615,5.026075569026874,26,1,26_COP_04
89,8.333333333333334,5.02607556954188,2.7332440241039615,5.026075569026874,26,1,26_COP_04
89,8.484848484848484,5.02607556936725,2.7332440241039615,5.026075569026874,26,1,26_COP_04
89,8.636363636363637,5.026075569251835,2.7332440241039615,5.026075569026874,26,1,26_COP_04
89,8.787878787878787,5.026075569175553,2.7332440241039615,5.026075569026874,26,1,26_COP_04
89,8.93939393939394,5.026075569125139,2.7332440241039615,5.026075569026874,26,1,26_COP_04
89,9.090909090909092,5.026075569091819,2.7332440241039615,5.026075569026874,26,1,26_COP_04
89,9.242424242424242,5.026075569069797,2.7332440241039615,5.026075569026874,26,1,26_COP_04
89,9.393939393939394,5.0260755690552426,2.7332440241039615,5.026075569026874,26,1,26_COP_04
89,9.545454545454545,5.026075569045624,2.7332440241039615,5.026075569026874,26,1,26_COP_04
89,9.696969696969697,5.026075569039266,2.7332440241039615,5.026075569026874,26,1,26_COP_04
89,9.848484848484848,5.026075569035064,2.7332440241039615,5.026075569026874,26,1,26_COP_04
89,10.0,5.026075569032287,2.7332440241039615,5.026075569026874,26,1,26_COP_04
89,10.151515151515152,5.026075569030452,2.7332440241039615,5.026075569026874,26,1,26_COP_04
89,10.303030303030303,5.0260755690292385,2.7332440241039615,5.026075569026874,26,1,26_COP_04
89,10.454545454545455,5.026075569028436,2.7332440241039615,5.026075569026874,26,1,26_COP_04
89,10.606060606060606,5.026075569027907,2.7332440241039615,5.026075569026874,26,1,26_COP_04
89,10.757575757575758,5.026075569027556,2.7332440241039615,5.026075569026874,26,1,26_COP_04
89,10.90909090909091,5.026075569027325,2.7332440241039615,5.026075569026874,26,1,26_COP_04
89,11.06060606060606,5.026075569027172,2.7332440241039615,5.026075569026874,26,1,26_COP_04
89,11.212121212121213,5.026075569027071,2.7332440241039615,5.026075569026874,26,1,26_COP_04
89,11.363636363636363,5.026075569027004,2.7332440241039615,5.026075569026874,26,1,26_COP_04
89,11.515151515151514,5.02607556902696,2.7332440241039615,5.026075569026874,26,1,26_COP_04
89,11.666666666666666,5.026075569026931,2.7332440241039615,5.026075569026874,26,1,26_COP_04
89,11.818181818181818,5.026075569026911,2.7332440241039615,5.026075569026874,26,1,26_COP_04
89,11.96969696969697,5.026075569026899,2.7332440241039615,5.026075569026874,26,1,26_COP_04
89,12.121212121212121,5.02607556902689,2.7332440241039615,5.026075569026874,26,1,26_COP_04
89,12.272727272727273,5.026075569026885,2.7332440241039615,5.026075569026874,26,1,26_COP_04
89,12.424242424242424,5.026075569026881,2.7332440241039615,5.026075569026874,26,1,26_COP_04
89,12.575757575757574,5.026075569026879,2.7332440241039615,5.026075569026874,26,1,26_COP_04
89,12.727272727272728,5.026075569026878,2.7332440241039615,5.026075569026874,26,1,26_COP_04
89,12.878787878787879,5.026075569026877,2.7332440241039615,5.026075569026874,26,1,26_COP_04
89,13.030303030303031,5.026075569026875,2.7332440241039615,5.026075569026874,26,1,26_COP_04
89,13.181818181818182,5.026075569026875,2.7332440241039615,5.026075569026874,26,1,26_COP_04
89,13.333333333333332,5.026075569026875,2.7332440241039615,5.026075569026874,26,1,26_COP_04
89,13.484848484848484,5.026075569026875,2.7332440241039615,5.026075569026874,26,1,26_COP_04
89,13.636363636363637,5.026075569026874,2.7332440241039615,5.026075569026874,26,1,26_COP_04
89,13.787878787878789,5.026075569026874,2.7332440241039615,5.026075569026874,26,1,26_COP_04
89,13.93939393939394,5.026075569026874,2.7332440241039615,5.026075569026874,26,1,26_COP_04
89,14.090909090909092,5.026075569026874,2.7332440241039615,5.026075569026874,26,1,26_COP_04
89,14.242424242424242,5.026075569026874,2.7332440241039615,5.026075569026874,26,1,26_COP_04
89,14.393939393939393,5.026075569026874,2.7332440241039615,5.026075569026874,26,1,26_COP_04
89,14.545454545454547,5.026075569026874,2.7332440241039615,5.026075569026874,26,1,26_COP_04
89,14.696969696969697,5.026075569026874,2.7332440241039615,5.026075569026874,26,1,26_COP_04
89,14.84848484848485,5.026075569026874,2.7332440241039615,5.026075569026874,26,1,26_COP_04
89,15.0,5.026075569026874,2.7332440241039615,5.026075569026874,26,1,26_COP_04
90,0.0,25.000000000000007,2.8148812482654435,5.0243307381964435,26,1,26_COP_04
90,0.15151515151515152,10.502320995120742,2.8148812482654435,5.0243307381964435,26,1,26_COP_04
90,0.30303030303030304,7.618334868568617,2.8148812482654435,5.0243307381964435,26,1,26_COP_04
90,0.4545454545454546,6.460269324908187,2.8148812482654435,5.0243307381964435,26,1,26_COP_04
90,0.6060606060606061,5.8770802984030315,2.8148812482654435,5.0243307381964435,26,1,26_COP_04
90,0.7575757575757576,5.550019945558315,2.8148812482654435,5.0243307381964435,26,1,26_COP_04
90,0.9090909090909092,5.355466805086933,2.8148812482654435,5.0243307381964435,26,1,26_COP_04
90,1.0606060606060606,5.235657764707859,2.8148812482654435,5.0243307381964435,26,1,26_COP_04
90,1.2121212121212122,5.160297633370507,2.8148812482654435,5.0243307381964435,26,1,26_COP_04
90,1.3636363636363638,5.112262590063232,2.8148812482654435,5.0243307381964435,26,1,26_COP_04
90,1.5151515151515151,5.08138522778832,2.8148812482654435,5.0243307381964435,26,1,26_COP_04
90,1.6666666666666665,5.061429165959176,2.8148812482654435,5.0243307381964435,26,1,26_COP_04
90,1.8181818181818183,5.048486356893228,2.8148812482654435,5.0243307381964435,26,1,26_COP_04
90,1.96969696969697,5.040073047707069,2.8148812482654435,5.0243307381964435,26,1,26_COP_04
90,2.121212121212121,5.03459602012576,2.8148812482654435,5.0243307381964435,26,1,26_COP_04
90,2.272727272727273,5.031027078954391,2.8148812482654435,5.0243307381964435,26,1,26_COP_04
90,2.4242424242424243,5.028700032094731,2.8148812482654435,5.0243307381964435,26,1,26_COP_04
90,2.5757575757575757,5.027182116126726,2.8148812482654435,5.0243307381964435,26,1,26_COP_04
90,2.7272727272727275,5.026191727401036,2.8148812482654435,5.0243307381964435,26,1,26_COP_04
90,2.8787878787878785,5.025545420327283,2.8148812482654435,5.0243307381964435,26,1,26_COP_04
90,3.0303030303030303,5.025123606080034,2.8148812482654435,5.0243307381964435,26,1,26_COP_04
90,3.181818181818182,5.024848287428851,2.8148812482654435,5.0243307381964435,26,1,26_COP_04
90,3.333333333333333,5.024668577967202,2.8148812482654435,5.0243307381964435,26,1,26_COP_04
90,3.484848484848485,5.024551272052868,2.8148812482654435,5.0243307381964435,26,1,26_COP_04
90,3.6363636363636367,5.024474698677987,2.8148812482654435,5.0243307381964435,26,1,26_COP_04
90,3.787878787878788,5.024424713471933,2.8148812482654435,5.0243307381964435,26,1,26_COP_04
90,3.93939393939394,5.024392084079801,2.8148812482654435,5.0243307381964435,26,1,26_COP_04
90,4.090909090909091,5.024370784111404,2.8148812482654435,5.0243307381964435,26,1,26_COP_04
90,4.242424242424242,5.024356879765816,2.8148812482654435,5.0243307381964435,26,1,26_COP_04
90,4.393939393939394,5.024347803165656,2.8148812482654435,5.0243307381964435,26,1,26_COP_04
90,4.545454545454546,5.0243418780539155,2.8148812482654435,5.0243307381964435,26,1,26_COP_04
90,4.696969696969697,5.024338010197567,2.8148812482654435,5.0243307381964435,26,1,26_COP_04
90,4.848484848484849,5.024335485296182,2.8148812482654435,5.0243307381964435,26,1,26_COP_04
90,5.0,5.024333837062831,2.8148812482654435,5.0243307381964435,26,1,26_COP_04
90,5.151515151515151,5.024332761110331,2.8148812482654435,5.0243307381964435,26,1,26_COP_04
90,5.303030303030303,5.024332058737695,2.8148812482654435,5.0243307381964435,26,1,26_COP_04
90,5.454545454545455,5.02433160023476,2.8148812482654435,5.0243307381964435,26,1,26_COP_04
90,5.606060606060606,5.024331300927885,2.8148812482654435,5.0243307381964435,26,1,26_COP_04
90,5.757575757575757,5.0243311055428554,2.8148812482654435,5.0243307381964435,26,1,26_COP_04
90,5.909090909090909,5.024330977997133,2.8148812482654435,5.0243307381964435,26,1,26_COP_04
90,6.0606060606060606,5.024330894736346,2.8148812482654435,5.0243307381964435,26,1,26_COP_04
90,6.212121212121212,5.024330840384395,2.8148812482654435,5.0243307381964435,26,1,26_COP_04
90,6.363636363636364,5.024330804903891,2.8148812482654435,5.0243307381964435,26,1,26_COP_04
90,6.515151515151516,5.024330781742513,2.8148812482654435,5.0243307381964435,26,1,26_COP_04
90,6.666666666666666,5.024330766622957,2.8148812482654435,5.0243307381964435,26,1,26_COP_04
90,6.818181818181818,5.024330756753036,2.8148812482654435,5.0243307381964435,26,1,26_COP_04
90,6.96969696969697,5.024330750310034,2.8148812482654435,5.0243307381964435,26,1,26_COP_04
90,7.121212121212121,5.024330746104095,2.8148812482654435,5.0243307381964435,26,1,26_COP_04
90,7.272727272727273,5.024330743358492,2.8148812482654435,5.0243307381964435,26,1,26_COP_04
90,7.424242424242425,5.024330741566186,2.8148812482654435,5.0243307381964435,26,1,26_COP_04
90,7.575757575757576,5.024330740396183,2.8148812482654435,5.0243307381964435,26,1,26_COP_04
90,7.727272727272727,5.024330739632416,2.8148812482654435,5.0243307381964435,26,1,26_COP_04
90,7.87878787878788,5.024330739133834,2.8148812482654435,5.0243307381964435,26,1,26_COP_04
90,8.030303030303031,5.024330738808365,2.8148812482654435,5.0243307381964435,26,1,26_COP_04
90,8.181818181818182,5.024330738595901,2.8148812482654435,5.0243307381964435,26,1,26_COP_04
90,8.333333333333334,5.024330738457206,2.8148812482654435,5.0243307381964435,26,1,26_COP_04
90,8.484848484848484,5.024330738366666,2.8148812482654435,5.0243307381964435,26,1,26_COP_04
90,8.636363636363637,5.0243307383075635,2.8148812482654435,5.0243307381964435,26,1,26_COP_04
90,8.787878787878787,5.024330738268982,2.8148812482654435,5.0243307381964435,26,1,26_COP_04
90,8.93939393939394,5.024330738243796,2.8148812482654435,5.0243307381964435,26,1,26_COP_04
90,9.090909090909092,5.024330738227355,2.8148812482654435,5.0243307381964435,26,1,26_COP_04
90,9.242424242424242,5.024330738216622,2.8148812482654435,5.0243307381964435,26,1,26_COP_04
90,9.393939393939394,5.024330738209616,2.8148812482654435,5.0243307381964435,26,1,26_COP_04
90,9.545454545454545,5.024330738205042,2.8148812482654435,5.0243307381964435,26,1,26_COP_04
90,9.696969696969697,5.024330738202057,2.8148812482654435,5.0243307381964435,26,1,26_COP_04
90,9.848484848484848,5.024330738200108,2.8148812482654435,5.0243307381964435,26,1,26_COP_04
90,10.0,5.024330738198835,2.8148812482654435,5.0243307381964435,26,1,26_COP_04
90,10.151515151515152,5.024330738198005,2.8148812482654435,5.0243307381964435,26,1,26_COP_04
90,10.303030303030303,5.024330738197462,2.8148812482654435,5.0243307381964435,26,1,26_COP_04
90,10.454545454545455,5.024330738197109,2.8148812482654435,5.0243307381964435,26,1,26_COP_04
90,10.606060606060606,5.024330738196878,2.8148812482654435,5.0243307381964435,26,1,26_COP_04
90,10.757575757575758,5.024330738196727,2.8148812482654435,5.0243307381964435,26,1,26_COP_04
90,10.90909090909091,5.024330738196629,2.8148812482654435,5.0243307381964435,26,1,26_COP_04
90,11.06060606060606,5.024330738196564,2.8148812482654435,5.0243307381964435,26,1,26_COP_04
90,11.212121212121213,5.0243307381965225,2.8148812482654435,5.0243307381964435,26,1,26_COP_04
90,11.363636363636363,5.024330738196495,2.8148812482654435,5.0243307381964435,26,1,26_COP_04
90,11.515151515151514,5.024330738196477,2.8148812482654435,5.0243307381964435,26,1,26_COP_04
90,11.666666666666666,5.024330738196465,2.8148812482654435,5.0243307381964435,26,1,26_COP_04
90,11.818181818181818,5.024330738196458,2.8148812482654435,5.0243307381964435,26,1,26_COP_04
90,11.96969696969697,5.024330738196453,2.8148812482654435,5.0243307381964435,26,1,26_COP_04
90,12.121212121212121,5.02433073819645,2.8148812482654435,5.0243307381964435,26,1,26_COP_04
90,12.272727272727273,5.024330738196447,2.8148812482654435,5.0243307381964435,26,1,26_COP_04
90,12.424242424242424,5.024330738196446,2.8148812482654435,5.0243307381964435,26,1,26_COP_04
90,12.575757575757574,5.024330738196445,2.8148812482654435,5.0243307381964435,26,1,26_COP_04
90,12.727272727272728,5.024330738196444,2.8148812482654435,5.0243307381964435,26,1,26_COP_04
90,12.878787878787879,5.024330738196444,2.8148812482654435,5.0243307381964435,26,1,26_COP_04
90,13.030303030303031,5.024330738196444,2.8148812482654435,5.0243307381964435,26,1,26_COP_04
90,13.181818181818182,5.024330738196444,2.8148812482654435,5.0243307381964435,26,1,26_COP_04
90,13.333333333333332,5.0243307381964435,2.8148812482654435,5.0243307381964435,26,1,26_COP_04
90,13.484848484848484,5.0243307381964435,2.8148812482654435,5.0243307381964435,26,1,26_COP_04
90,13.636363636363637,5.0243307381964435,2.8148812482654435,5.0243307381964435,26,1,26_COP_04
90,13.787878787878789,5.0243307381964435,2.8148812482654435,5.0243307381964435,26,1,26_COP_04
90,13.93939393939394,5.0243307381964435,2.8148812482654435,5.0243307381964435,26,1,26_COP_04
90,14.090909090909092,5.0243307381964435,2.8148812482654435,5.0243307381964435,26,1,26_COP_04
90,14.242424242424242,5.0243307381964435,2.8148812482654435,5.0243307381964435,26,1,26_COP_04
90,14.393939393939393,5.0243307381964435,2.8148812482654435,5.0243307381964435,26,1,26_COP_04
90,14.545454545454547,5.0243307381964435,2.8148812482654435,5.0243307381964435,26,1,26_COP_04
90,14.696969696969697,5.0243307381964435,2.8148812482654435,5.0243307381964435,26,1,26_COP_04
90,14.84848484848485,5.0243307381964435,2.8148812482654435,5.0243307381964435,26,1,26_COP_04
90,15.0,5.0243307381964435,2.8148812482654435,5.0243307381964435,26,1,26_COP_04
91,0.0,25.0,0.5041065732986141,9869.371819984317,20,1,26_COP_07
91,0.22222222222222224,27.955089670228382,0.5041065732986141,9869.371819984317,20,1,26_COP_07
91,0.4444444444444445,31.258372415922363,0.5041065732986141,9869.371819984317,20,1,26_COP_07
91,0.6666666666666667,34.950597766677916,0.5041065732986141,9869.371819984317,20,1,26_COP_07
91,0.888888888888889,39.077214874701355,0.5041065732986141,9869.371819984317,20,1,26_COP_07
91,1.1111111111111112,43.68889717601766,0.5041065732986141,9869.371819984317,20,1,26_COP_07
91,1.3333333333333335,48.84212126641031,0.5041065732986141,9869.371819984317,20,1,26_COP_07
91,1.5555555555555556,54.599804480308315,0.5041065732986141,9869.371819984317,20,1,26_COP_07
91,1.777777777777778,61.032005731612614,0.5041065732986141,9869.371819984317,20,1,26_COP_07
91,2.0,68.21669414868762,0.5041065732986141,9869.371819984317,20,1,26_COP_07
91,2.2222222222222223,76.24058987706889,0.5041065732986141,9869.371819984317,20,1,26_COP_07
91,2.444444444444444,85.20008109010483,0.5041065732986141,9869.371819984317,20,1,26_COP_07
91,2.666666666666667,95.20222068709415,0.5041065732986141,9869.371819984317,20,1,26_COP_07
91,2.8888888888888893,106.3658053062084,0.5041065732986141,9869.371819984317,20,1,26_COP_07
91,3.111111111111111,118.82253805791802,0.5041065732986141,9869.371819984317,20,1,26_COP_07
91,3.3333333333333335,132.71827470091029,0.5041065732986141,9869.371819984317,20,1,26_COP_07
91,3.555555555555556,148.21435072695138,0.5041065732986141,9869.371819984317,20,1,26_COP_07
91,3.7777777777777777,165.48898386613507,0.5041065732986141,9869.371819984317,20,1,26_COP_07
91,4.0,184.73874272328408,0.5041065732986141,9869.371819984317,20,1,26_COP_07
91,4.222222222222222,206.180067445894,0.5041065732986141,9869.371819984317,20,1,26_COP_07
91,4.444444444444445,230.0508223245989,0.5041065732986141,9869.371819984317,20,1,26_COP_07
91,4.666666666666667,256.6118528492599,0.5041065732986141,9869.371819984317,20,1,26_COP_07
91,4.888888888888888,286.14851079695654,0.5041065732986141,9869.371819984317,20,1,26_COP_07
91,5.111111111111111,318.97210023500725,0.5041065732986141,9869.371819984317,20,1,26_COP_07
91,5.333333333333334,355.42118473936216,0.5041065732986141,9869.371819984317,20,1,26_COP_07
91,5.555555555555556,395.86268157658617,0.5041065732986141,9869.371819984317,20,1,26_COP_07
91,5.777777777777779,440.6926521001443,0.5041065732986141,9869.371819984317,20,1,26_COP_07
91,6.0,490.33667934857596,0.5041065732986141,9869.371819984317,20,1,26_COP_07
91,6.222222222222222,545.249704205452,0.5041065732986141,9869.371819984317,20,1,26_COP_07
91,6.444444444444445,605.9151711894596,0.5041065732986141,9869.371819984317,20,1,26_COP_07
91,6.666666666666667,672.8433150770584,0.5041065732986141,9869.371819984317,20,1,26_COP_07
91,6.888888888888889,746.5684016918359,0.5041065732986141,9869.371819984317,20,1,26_COP_07
91,7.111111111111112,827.6447224664333,0.5041065732986141,9869.371819984317,20,1,26_COP_07
91,7.333333333333333,916.6411355723294,0.5041065732986141,9869.371819984317,20,1,26_COP_07
91,7.555555555555555,1014.1339499497651,0.5041065732986141,9869.371819984317,20,1,26_COP_07
91,7.777777777777778,1120.6979664729568,0.5041065732986141,9869.371819984317,20,1,26_COP_07
91,8.0,1236.8955271765371,0.5041065732986141,9869.371819984317,20,1,26_COP_07
91,8.222222222222223,1363.263483425097,0.5041065732986141,9869.371819984317,20,1,26_COP_07
91,8.444444444444445,1500.2980811106418,0.5041065732986141,9869.371819984317,20,1,26_COP_07
91,8.666666666666666,1648.4378781255323,0.5041065732986141,9869.371819984317,20,1,26_COP_07
91,8.88888888888889,1808.044956942912,0.5041065732986141,9869.371819984317,20,1,26_COP_07
91,9.11111111111111,1979.3848702331204,0.5041065732986141,9869.371819984317,20,1,26_COP_07
91,9.333333333333334,2162.605952658074,0.5041065732986141,9869.371819984317,20,1,26_COP_07
91,9.555555555555555,2357.7188345592676,0.5041065732986141,9869.371819984317,20,1,26_COP_07
91,9.777777777777777,2564.5771847374604,0.5041065732986141,9869.371819984317,20,1,26_COP_07
91,10.0,2782.860866322377,0.5041065732986141,9869.371819984317,20,1,26_COP_07
91,10.222222222222221,3012.0627848658705,0.5041065732986141,9869.371819984317,20,1,26_COP_07
91,10.444444444444445,3251.4807139788204,0.5041065732986141,9869.371819984317,20,1,26_COP_07
91,10.666666666666668,3500.215277806869,0.5041065732986141,9869.371819984317,20,1,26_COP_07
91,10.88888888888889,3757.1750372098963,0.5041065732986141,9869.371819984317,20,1,26_COP_07
91,11.111111111111112,4021.0892674521083,0.5041065732986141,9869.371819984317,20,1,26_COP_07
91,11.333333333333332,4290.528546840725,0.5041065732986141,9869.371819984317,20,1,26_COP_07
91,11.555555555555557,4563.932733950036,0.5041065732986141,9869.371819984317,20,1,26_COP_07
91,11.777777777777779,4839.645347846519,0.5041065732986141,9869.371819984317,20,1,26_COP_07
91,12.0,5115.95284314068,0.5041065732986141,9869.371819984317,20,1,26_COP_07
91,12.222222222222223,5391.126852768796,0.5041065732986141,9869.371819984317,20,1,26_COP_07
91,12.444444444444445,5663.467209790236,0.5041065732986141,9869.371819984317,20,1,26_COP_07
91,12.666666666666668,5931.3434898965625,0.5041065732986141,9869.371819984317,20,1,26_COP_07
91,12.88888888888889,6193.232948151544,0.5041065732986141,9869.371819984317,20,1,26_COP_07
91,13.11111111111111,6447.753038991932,0.5041065732986141,9869.371819984317,20,1,26_COP_07
91,13.333333333333334,6693.687166214253,0.5041065732986141,9869.371819984317,20,1,26_COP_07
91,13.555555555555555,6930.002851872281,0.5041065732986141,9869.371819984317,20,1,26_COP_07
91,13.777777777777779,7155.862075891635,0.5041065732986141,9869.371819984317,20,1,26_COP_07
91,14.0,7370.624061997328,0.5041065732986141,9869.371819984317,20,1,26_COP_07
91,14.222222222222223,7573.841222785295,0.5041065732986141,9869.371819984317,20,1,26_COP_07
91,14.444444444444445,7765.249297279089,0.5041065732986141,9869.371819984317,20,1,26_COP_07
91,14.666666666666666,7944.752906509704,0.5041065732986141,9869.371819984317,20,1,26_COP_07
91,14.88888888888889,8112.407821594653,0.5041065732986141,9869.371819984317,20,1,26_COP_07
91,15.11111111111111,8268.401202051858,0.5041065732986141,9869.371819984317,20,1,26_COP_07
91,15.333333333333334,8413.030944705322,0.5041065732986141,9869.371819984317,20,1,26_COP_07
91,15.555555555555555,8546.685113124271,0.5041065732986141,9869.371819984317,20,1,26_COP_07
91,15.777777777777777,8669.82222027818,0.5041065732986141,9869.371819984317,20,1,26_COP_07
91,16.0,8782.952935099067,0.5041065732986141,9869.371819984317,20,1,26_COP_07
91,16.22222222222222,8886.623593605025,0.5041065732986141,9869.371819984317,20,1,26_COP_07
91,16.444444444444446,8981.401728169345,0.5041065732986141,9869.371819984317,20,1,26_COP_07
91,16.666666666666668,9067.86369030211,0.5041065732986141,9869.371819984317,20,1,26_COP_07
91,16.88888888888889,9146.584334678942,0.5041065732986141,9869.371819984317,20,1,26_COP_07
91,17.11111111111111,9218.128653824067,0.5041065732986141,9869.371819984317,20,1,26_COP_07
91,17.333333333333332,9283.045200626733,0.5041065732986141,9869.371819984317,20,1,26_COP_07
91,17.555555555555557,9341.861105532127,0.5041065732986141,9869.371819984317,20,1,26_COP_07
91,17.77777777777778,9395.078482291265,0.5041065732986141,9869.371819984317,20,1,26_COP_07
91,18.0,9443.172016254317,0.5041065732986141,9869.371819984317,20,1,26_COP_07
91,18.22222222222222,9486.587538500073,0.5041065732986141,9869.371819984317,20,1,26_COP_07
91,18.444444444444443,9525.74140438269,0.5041065732986141,9869.371819984317,20,1,26_COP_07
91,18.666666666666668,9561.020513770449,0.5041065732986141,9869.371819984317,20,1,26_COP_07
91,18.88888888888889,9592.782830394372,0.5041065732986141,9869.371819984317,20,1,26_COP_07
91,19.11111111111111,9621.358277905627,0.5041065732986141,9869.371819984317,20,1,26_COP_07
91,19.333333333333332,9647.049909501891,0.5041065732986141,9869.371819984317,20,1,26_COP_07
91,19.555555555555554,9670.135265725785,0.5041065732986141,9869.371819984317,20,1,26_COP_07
91,19.77777777777778,9690.867850939638,0.5041065732986141,9869.371819984317,20,1,26_COP_07
91,20.0,9709.478672914689,0.5041065732986141,9869.371819984317,20,1,26_COP_07
91,20.22222222222222,9726.177801953589,0.5041065732986141,9869.371819984317,20,1,26_COP_07
91,20.444444444444443,9741.155916095357,0.5041065732986141,9869.371819984317,20,1,26_COP_07
91,20.666666666666668,9754.585807389058,0.5041065732986141,9869.371819984317,20,1,26_COP_07
91,20.88888888888889,9766.623831149189,0.5041065732986141,9869.371819984317,20,1,26_COP_07
91,21.11111111111111,9777.41128571408,0.5041065732986141,9869.371819984317,20,1,26_COP_07
91,21.333333333333336,9787.075714705024,0.5041065732986141,9869.371819984317,20,1,26_COP_07
91,21.555555555555554,9795.73212730376,0.5041065732986141,9869.371819984317,20,1,26_COP_07
91,21.77777777777778,9803.48413478771,0.5041065732986141,9869.371819984317,20,1,26_COP_07
91,22.0,9810.425003626531,0.5041065732986141,9869.371819984317,20,1,26_COP_07
92,0.0,25.0,0.49271846482320725,7524.730652286442,20,1,26_COP_07
92,0.18181818181818182,27.33450090899996,0.49271846482320725,7524.730652286442,20,1,26_COP_07
92,0.36363636363636365,29.886128893237345,0.49271846482320725,7524.730652286442,20,1,26_COP_07
92,0.5454545454545454,32.67490882733667,0.49271846482320725,7524.730652286442,20,1,26_COP_07
92,0.7272727272727273,35.72267929957027,0.49271846482320725,7524.730652286442,20,1,26_COP_07
92,0.9090909090909091,39.05325041726677,0.49271846482320725,7524.730652286442,20,1,26_COP_07
92,1.0909090909090908,42.69257407058029,0.49271846482320725,7524.730652286442,20,1,26_COP_07
92,1.2727272727272727,46.6689273824042,0.49271846482320725,7524.730652286442,20,1,26_COP_07
92,1.4545454545454546,51.01311005942687,0.49271846482320725,7524.730652286442,20,1,26_COP_07
92,1.6363636363636365,55.758656331032476,0.49271846482320725,7524.730652286442,20,1,26_COP_07
92,1.8181818181818181,60.94206211515115,0.49271846482320725,7524.730652286442,20,1,26_COP_07
92,2.0,66.60302797878403,0.49271846482320725,7524.730652286442,20,1,26_COP_07
92,2.1818181818181817,72.78471836052154,0.49271846482320725,7524.730652286442,20,1,26_COP_07
92,2.3636363636363638,79.53403738682451,0.49271846482320725,7524.730652286442,20,1,26_COP_07
92,2.5454545454545454,86.90192143607517,0.49271846482320725,7524.730652286442,20,1,26_COP_07
92,2.7272727272727275,94.94364837630674,0.49271846482320725,7524.730652286442,20,1,26_COP_07
92,2.909090909090909,103.7191631148334,0.49271846482320725,7524.730652286442,20,1,26_COP_07
92,3.090909090909091,113.29341874028646,0.49271846482320725,7524.730652286442,20,1,26_COP_07
92,3.272727272727273,123.73673209815155,0.49271846482320725,7524.730652286442,20,1,26_COP_07
92,3.454545454545454,135.12515210693363,0.49271846482320725,7524.730652286442,20,1,26_COP_07
92,3.6363636363636362,147.54083847956343,0.49271846482320725,7524.730652286442,20,1,26_COP_07
92,3.8181818181818183,161.0724477486754,0.49271846482320725,7524.730652286442,20,1,26_COP_07
92,4.0,175.8155225893625,0.49271846482320725,7524.730652286442,20,1,26_COP_07
92,4.181818181818182,191.8728793732005,0.49271846482320725,7524.730652286442,20,1,26_COP_07
92,4.363636363636363,209.3549876574713,0.49271846482320725,7524.730652286442,20,1,26_COP_07
92,4.545454545454546,228.38033389977943,0.49271846482320725,7524.730652286442,20,1,26_COP_07
92,4.7272727272727275,249.07576007947645,0.49271846482320725,7524.730652286442,20,1,26_COP_07
92,4.909090909090908,271.5767660966566,0.49271846482320725,7524.730652286442,20,1,26_COP_07
92,5.090909090909091,296.0277628065043,0.49271846482320725,7524.730652286442,20,1,26_COP_07
92,5.2727272727272725,322.58226034000234,0.49271846482320725,7524.730652286442,20,1,26_COP_07
92,5.454545454545455,351.4029739821287,0.49271846482320725,7524.730652286442,20,1,26_COP_07
92,5.636363636363637,382.6618273621806,0.49271846482320725,7524.730652286442,20,1,26_COP_07
92,5.818181818181818,416.53983011438135,0.49271846482320725,7524.730652286442,20,1,26_COP_07
92,6.0,453.2268045718824,0.49271846482320725,7524.730652286442,20,1,26_COP_07
92,6.181818181818182,492.9209335748196,0.49271846482320725,7524.730652286442,20,1,26_COP_07
92,6.363636363636363,535.8280992491538,0.49271846482320725,7524.730652286442,20,1,26_COP_07
92,6.545454545454546,582.1609808325398,0.49271846482320725,7524.730652286442,20,1,26_COP_07
92,6.7272727272727275,632.1378785137404,0.49271846482320725,7524.730652286442,20,1,26_COP_07
92,6.909090909090908,685.9812300838173,0.49271846482320725,7524.730652286442,20,1,26_COP_07
92,7.090909090909091,743.9157882826152,0.49271846482320725,7524.730652286442,20,1,26_COP_07
92,7.2727272727272725,806.1664294098201,0.49271846482320725,7524.730652286442,20,1,26_COP_07
92,7.454545454545455,872.9555684254351,0.49271846482320725,7524.730652286442,20,1,26_COP_07
92,7.636363636363637,944.5001627614589,0.49271846482320725,7524.730652286442,20,1,26_COP_07
92,7.818181818181818,1021.0082967502036,0.49271846482320725,7524.730652286442,20,1,26_COP_07
92,8.0,1102.675351225787,0.49271846482320725,7524.730652286442,20,1,26_COP_07
92,8.181818181818182,1189.67977864236,0.49271846482320725,7524.730652286442,20,1,26_COP_07
92,8.363636363636363,1282.1785229760421,0.49271846482320725,7524.730652286442,20,1,26_COP_07
92,8.545454545454545,1380.3021455091068,0.49271846482320725,7524.730652286442,20,1,26_COP_07
92,8.727272727272727,1484.1497418174747,0.49271846482320725,7524.730652286442,20,1,26_COP_07
92,8.90909090909091,1593.783761038135,0.49271846482320725,7524.730652286442,20,1,26_COP_07
92,9.090909090909092,1709.2248645491482,0.49271846482320725,7524.730652286442,20,1,26_COP_07
92,9.272727272727273,1830.4469859409814,0.49271846482320725,7524.730652286442,20,1,26_COP_07
92,9.454545454545455,1957.3727756434419,0.49271846482320725,7524.730652286442,20,1,26_COP_07
92,9.636363636363637,2089.8696295977375,0.49271846482320725,7524.730652286442,20,1,26_COP_07
92,9.818181818181817,2227.746509627345,0.49271846482320725,7524.730652286442,20,1,26_COP_07
92,10.0,2370.751761468313,0.49271846482320725,7524.730652286442,20,1,26_COP_07
92,10.181818181818182,2518.572122929686,0.49271846482320725,7524.730652286442,20,1,26_COP_07
92,10.363636363636365,2670.8330881597412,0.49271846482320725,7524.730652286442,20,1,26_COP_07
92,10.545454545454545,2827.100754184277,0.49271846482320725,7524.730652286442,20,1,26_COP_07
92,10.727272727272727,2986.885223564749,0.49271846482320725,7524.730652286442,20,1,26_COP_07
92,10.90909090909091,3149.6455742391063,0.49271846482320725,7524.730652286442,20,1,26_COP_07
92,11.09090909090909,3314.7963376275734,0.49271846482320725,7524.730652286442,20,1,26_COP_07
92,11.272727272727273,3481.7153532402394,0.49271846482320725,7524.730652286442,20,1,26_COP_07
92,11.454545454545455,3649.752797378001,0.49271846482320725,7524.730652286442,20,1,26_COP_07
92,11.636363636363637,3818.241120410216,0.49271846482320725,7524.730652286442,20,1,26_COP_07
92,11.818181818181818,3986.5055766014157,0.49271846482320725,7524.730652286442,20,1,26_COP_07
92,12.0,4153.8749967707845,0.49271846482320725,7524.730652286442,20,1,26_COP_07
92,12.181818181818182,4319.692440097067,0.49271846482320725,7524.730652286442,20,1,26_COP_07
92,12.363636363636363,4483.3253683465755,0.49271846482320725,7524.730652286442,20,1,26_COP_07
92,12.545454545454547,4644.17501309442,0.49271846482320725,7524.730652286442,20,1,26_COP_07
92,12.727272727272727,4801.684651768398,0.49271846482320725,7524.730652286442,20,1,26_COP_07
92,12.909090909090908,4955.346567744847,0.49271846482320725,7524.730652286442,20,1,26_COP_07
92,13.090909090909092,5104.707538426405,0.49271846482320725,7524.730652286442,20,1,26_COP_07
92,13.272727272727272,5249.372767925783,0.49271846482320725,7524.730652286442,20,1,26_COP_07
92,13.454545454545455,5389.008252453761,0.49271846482320725,7524.730652286442,20,1,26_COP_07
92,13.636363636363637,5523.341632141441,0.49271846482320725,7524.730652286442,20,1,26_COP_07
92,13.818181818181817,5652.161639161655,0.49271846482320725,7524.730652286442,20,1,26_COP_07
92,14.0,5775.316296187592,0.49271846482320725,7524.730652286442,20,1,26_COP_07
92,14.181818181818182,5892.710050223664,0.49271846482320725,7524.730652286442,20,1,26_COP_07
92,14.363636363636363,6004.300044618782,0.49271846482320725,7524.730652286442,20,1,26_COP_07
92,14.545454545454545,6110.091737559082,0.49271846482320725,7524.730652286442,20,1,26_COP_07
92,14.727272727272728,6210.134070193957,0.49271846482320725,7524.730652286442,20,1,26_COP_07
92,14.90909090909091,6304.5143738815505,0.49271846482320725,7524.730652286442,20,1,26_COP_07
92,15.09090909090909,6393.3531861393885,0.49271846482320725,7524.730652286442,20,1,26_COP_07
92,15.272727272727273,6476.799121005212,0.49271846482320725,7524.730652286442,20,1,26_COP_07
92,15.454545454545453,6555.023913700276,0.49271846482320725,7524.730652286442,20,1,26_COP_07
92,15.636363636363637,6628.217733473877,0.49271846482320725,7524.730652286442,20,1,26_COP_07
92,15.818181818181818,6696.5848336549,0.49271846482320725,7524.730652286442,20,1,26_COP_07
92,16.0,6760.339585225515,0.49271846482320725,7524.730652286442,20,1,26_COP_07
92,16.181818181818183,6819.702920290452,0.49271846482320725,7524.730652286442,20,1,26_COP_07
92,16.363636363636363,6874.899194961766,0.49271846482320725,7524.730652286442,20,1,26_COP_07
92,16.545454545454547,6926.153467483283,0.49271846482320725,7524.730652286442,20,1,26_COP_07
92,16.727272727272727,6973.689176762532,0.49271846482320725,7524.730652286442,20,1,26_COP_07
92,16.90909090909091,7017.726198612285,0.49271846482320725,7524.730652286442,20,1,26_COP_07
92,17.09090909090909,7058.479251600474,0.49271846482320725,7524.730652286442,20,1,26_COP_07
92,17.272727272727273,7096.1566210998635,0.49271846482320725,7524.730652286442,20,1,26_COP_07
92,17.454545454545453,7130.959168544594,0.49271846482320725,7524.730652286442,20,1,26_COP_07
92,17.636363636363637,7163.079592683585,0.49271846482320725,7524.730652286442,20,1,26_COP_07
92,17.81818181818182,7192.701910445745,0.49271846482320725,7524.730652286442,20,1,26_COP_07
92,18.0,7220.00112661402,0.49271846482320725,7524.730652286442,20,1,26_COP_07
93,0.0,25.0,0.7534495752297807,2436.89899802724,20,1,26_COP_07
93,0.18181818181818182,28.627322576741378,0.7534495752297807,2436.89899802724,20,1,26_COP_07
93,0.36363636363636365,32.7737923706148,0.7534495752297807,2436.89899802724,20,1,26_COP_07
93,0.5454545454545454,37.51149483802265,0.7534495752297807,2436.89899802724,20,1,26_COP_07
93,0.7272727272727273,42.92184116163922,0.7534495752297807,2436.89899802724,20,1,26_COP_07
93,0.9090909090909091,49.09656340016094,0.7534495752297807,2436.89899802724,20,1,26_COP_07
93,1.0909090909090908,56.138748712205896,0.7534495752297807,2436.89899802724,20,1,26_COP_07
93,1.2727272727272727,64.16388981529605,0.7534495752297807,2436.89899802724,20,1,26_COP_07
93,1.4545454545454546,73.30091885548764,0.7534495752297807,2436.89899802724,20,1,26_COP_07
93,1.6363636363636365,83.6931793616652,0.7534495752297807,2436.89899802724,20,1,26_COP_07
93,1.8181818181818181,95.49927566028069,0.7534495752297807,2436.89899802724,20,1,26_COP_07
93,2.0,108.89372088322936,0.7534495752297807,2436.89899802724,20,1,26_COP_07
93,2.1818181818181817,124.06728360610889,0.7534495752297807,2436.89899802724,20,1,26_COP_07
93,2.3636363636363638,141.22690968837756,0.7534495752297807,2436.89899802724,20,1,26_COP_07
93,2.5454545454545454,160.59507111507173,0.7534495752297807,2436.89899802724,20,1,26_COP_07
93,2.7272727272727275,182.40836943951518,0.7534495752297807,2436.89899802724,20,1,26_COP_07
93,2.909090909090909,206.91520074082024,0.7534495752297807,2436.89899802724,20,1,26_COP_07
93,3.090909090909091,234.37227607778775,0.7534495752297807,2436.89899802724,20,1,26_COP_07
93,3.272727272727273,265.0397919140567,0.7534495752297807,2436.89899802724,20,1,26_COP_07
93,3.454545454545454,299.17506594683965,0.7534495752297807,2436.89899802724,20,1,26_COP_07
93,3.6363636363636362,337.0245031810257,0.7534495752297807,2436.89899802724,20,1,26_COP_07
93,3.8181818181818183,378.8138429507051,0.7534495752297807,2436.89899802724,20,1,26_COP_07
93,4.0,424.73676630594827,0.7534495752297807,2436.89899802724,20,1,26_COP_07
93,4.181818181818182,474.9421172408964,0.7534495752297807,2436.89899802724,20,1,26_COP_07
93,4.363636363636363,529.5202063203774,0.7534495752297807,2436.89899802724,20,1,26_COP_07
93,4.545454545454546,588.4889072613163,0.7534495752297807,2436.89899802724,20,1,26_COP_07
93,4.7272727272727275,651.7804998541835,0.7534495752297807,2436.89899802724,20,1,26_COP_07
93,4.909090909090908,719.2304180045512,0.7534495752297807,2436.89899802724,20,1,26_COP_07
93,5.090909090909091,790.5691823196013,0.7534495752297807,2436.89899802724,20,1,26_COP_07
93,5.2727272727272725,865.4187835258165,0.7534495752297807,2436.89899802724,20,1,26_COP_07
93,5.454545454545455,943.2945966625823,0.7534495752297807,2436.89899802724,20,1,26_COP_07
93,5.636363636363637,1023.6135300643548,0.7534495752297807,2436.89899802724,20,1,26_COP_07
93,5.818181818181818,1105.7085660680996,0.7534495752297807,2436.89899802724,20,1,26_COP_07
93,6.0,1188.8491909143488,0.7534495752297807,2436.89899802724,20,1,26_COP_07
93,6.181818181818182,1272.266533612898,0.7534495752297807,2436.89899802724,20,1,26_COP_07
93,6.363636363636363,1355.181450681396,0.7534495752297807,2436.89899802724,20,1,26_COP_07
93,6.545454545454546,1436.8334124508985,0.7534495752297807,2436.89899802724,20,1,26_COP_07
93,6.7272727272727275,1516.5079408277481,0.7534495752297807,2436.89899802724,20,1,26_COP_07
93,6.909090909090908,1593.560538967264,0.7534495752297807,2436.89899802724,20,1,26_COP_07
93,7.090909090909091,1667.4355026470237,0.7534495752297807,2436.89899802724,20,1,26_COP_07
93,7.2727272727272725,1737.678625353564,0.7534495752297807,2436.89899802724,20,1,26_COP_07
93,7.454545454545455,1803.9434927347654,0.7534495752297807,2436.89899802724,20,1,26_COP_07
93,7.636363636363637,1865.9916972363708,0.7534495752297807,2436.89899802724,20,1,26_COP_07
93,7.818181818181818,1923.6878053560142,0.7534495752297807,2436.89899802724,20,1,26_COP_07
93,8.0,1976.990230980429,0.7534495752297807,2436.89899802724,20,1,26_COP_07
93,8.181818181818182,2025.9393013295025,0.7534495752297807,2436.89899802724,20,1,26_COP_07
93,8.363636363636363,2070.6437715669476,0.7534495752297807,2436.89899802724,20,1,26_COP_07
93,8.545454545454545,2111.2668937102217,0.7534495752297807,2436.89899802724,20,1,26_COP_07
93,8.727272727272727,2148.0129246266642,0.7534495752297807,2436.89899802724,20,1,26_COP_07
93,8.90909090909091,2181.1147118857534,0.7534495752297807,2436.89899802724,20,1,26_COP_07
93,9.090909090909092,2210.822759927435,0.7534495752297807,2436.89899802724,20,1,26_COP_07
93,9.272727272727273,2237.3959748759944,0.7534495752297807,2436.89899802724,20,1,26_COP_07
93,9.454545454545455,2261.0941253583233,0.7534495752297807,2436.89899802724,20,1,26_COP_07
93,9.636363636363637,2282.1719409008547,0.7534495752297807,2436.89899802724,20,1,26_COP_07
93,9.818181818181817,2300.8746949773426,0.7534495752297807,2436.89899802724,20,1,26_COP_07
93,10.0,2317.43507948399,0.7534495752297807,2436.89899802724,20,1,26_COP_07
93,10.181818181818182,2332.0711631998524,0.7534495752297807,2436.89899802724,20,1,26_COP_07
93,10.363636363636365,2344.985230866527,0.7534495752297807,2436.89899802724,20,1,26_COP_07
93,10.545454545454545,2356.3633152258353,0.7534495752297807,2436.89899802724,20,1,26_COP_07
93,10.727272727272727,2366.3752564364772,0.7534495752297807,2436.89899802724,20,1,26_COP_07
93,10.90909090909091,2375.175147908273,0.7534495752297807,2436.89899802724,20,1,26_COP_07
93,11.09090909090909,2382.9020521377206,0.7534495752297807,2436.89899802724,20,1,26_COP_07
93,11.272727272727273,2389.680892985528,0.7534495752297807,2436.89899802724,20,1,26_COP_07
93,11.454545454545455,2395.6234511326875,0.7534495752297807,2436.89899802724,20,1,26_COP_07
93,11.636363636363637,2400.829406835659,0.7534495752297807,2436.89899802724,20,1,26_COP_07
93,11.818181818181818,2405.3873885640915,0.7534495752297807,2436.89899802724,20,1,26_COP_07
93,12.0,2409.375997842474,0.7534495752297807,2436.89899802724,20,1,26_COP_07
93,12.181818181818182,2412.8647899337357,0.7534495752297807,2436.89899802724,20,1,26_COP_07
93,12.363636363636363,2415.91519724338,0.7534495752297807,2436.89899802724,20,1,26_COP_07
93,12.545454545454547,2418.581387832077,0.7534495752297807,2436.89899802724,20,1,26_COP_07
93,12.727272727272727,2420.911055523137,0.7534495752297807,2436.89899802724,20,1,26_COP_07
93,12.909090909090908,2422.9461410626263,0.7534495752297807,2436.89899802724,20,1,26_COP_07
93,13.090909090909092,2424.7234858767683,0.7534495752297807,2436.89899802724,20,1,26_COP_07
93,13.272727272727272,2426.275421375871,0.7534495752297807,2436.89899802724,20,1,26_COP_07
93,13.454545454545455,2427.6302976412903,0.7534495752297807,2436.89899802724,20,1,26_COP_07
93,13.636363636363637,2428.812955834015,0.7534495752297807,2436.89899802724,20,1,26_COP_07
93,13.818181818181817,2429.8451488844807,0.7534495752297807,2436.89899802724,20,1,26_COP_07
93,14.0,2430.7459150442414,0.7534495752297807,2436.89899802724,20,1,26_COP_07
93,14.181818181818182,2431.531908763174,0.7534495752297807,2436.89899802724,20,1,26_COP_07
93,14.363636363636363,2432.217693147849,0.7534495752297807,2436.89899802724,20,1,26_COP_07
93,14.545454545454545,2432.815997992588,0.7534495752297807,2436.89899802724,20,1,26_COP_07
93,14.727272727272728,2433.337947080022,0.7534495752297807,2436.89899802724,20,1,26_COP_07
93,14.90909090909091,2433.7932581411123,0.7534495752297807,2436.89899802724,20,1,26_COP_07
93,15.09090909090909,2434.1904185584567,0.7534495752297807,2436.89899802724,20,1,26_COP_07
93,15.272727272727273,2434.5368395999335,0.7534495752297807,2436.89899802724,20,1,26_COP_07
93,15.454545454545453,2434.8389916881097,0.7534495752297807,2436.89899802724,20,1,26_COP_07
93,15.636363636363637,2435.102522947571,0.7534495752297807,2436.89899802724,20,1,26_COP_07
93,15.818181818181818,2435.332363029299,0.7534495752297807,2436.89899802724,20,1,26_COP_07
93,16.0,2435.532813988887,0.7534495752297807,2436.89899802724,20,1,26_COP_07
93,16.181818181818183,2435.707629793605,0.7534495752297807,2436.89899802724,20,1,26_COP_07
93,16.363636363636363,2435.8600858512727,0.7534495752297807,2436.89899802724,20,1,26_COP_07
93,16.545454545454547,2435.9930397905214,0.7534495752297807,2436.89899802724,20,1,26_COP_07
93,16.727272727272727,2436.1089845760266,0.7534495752297807,2436.89899802724,20,1,26_COP_07
93,16.90909090909091,2436.210094912236,0.7534495752297807,2436.89899802724,20,1,26_COP_07
93,17.09090909090909,2436.2982677736886,0.7534495752297807,2436.89899802724,20,1,26_COP_07
93,17.272727272727273,2436.3751577977664,0.7534495752297807,2436.89899802724,20,1,26_COP_07
93,17.454545454545453,2436.4422081853477,0.7534495752297807,2436.89899802724,20,1,26_COP_07
93,17.636363636363637,2436.5006776751366,0.7534495752297807,2436.89899802724,20,1,26_COP_07
93,17.81818181818182,2436.551664087232,0.7534495752297807,2436.89899802724,20,1,26_COP_07
93,18.0,2436.596124869755,0.7534495752297807,2436.89899802724,20,1,26_COP_07
94,0.0,25.0,0.6155735889767949,7070.442297470188,26,1,26_COP_07
94,0.24242424242424243,29.00699154732258,0.6155735889767949,7070.442297470188,26,1,26_COP_07
94,0.48484848484848486,33.653154634629644,0.6155735889767949,7070.442297470188,26,1,26_COP_07
94,0.7272727272727273,39.039385815186904,0.6155735889767949,7070.442297470188,26,1,26_COP_07
94,0.9696969696969697,45.28214281213202,0.6155735889767949,7070.442297470188,26,1,26_COP_07
94,1.2121212121212122,52.51571824228818,0.6155735889767949,7070.442297470188,26,1,26_COP_07
94,1.4545454545454546,60.894801707586076,0.6155735889767949,7070.442297470188,26,1,26_COP_07
94,1.6969696969696968,70.59735115640521,0.6155735889767949,7070.442297470188,26,1,26_COP_07
94,1.9393939393939394,81.82778971024149,0.6155735889767949,7070.442297470188,26,1,26_COP_07
94,2.1818181818181817,94.82053630863096,0.6155735889767949,7070.442297470188,26,1,26_COP_07
94,2.4242424242424243,109.84386643971717,0.6155735889767949,7070.442297470188,26,1,26_COP_07
94,2.6666666666666665,127.20408151256103,0.6155735889767949,7070.442297470188,26,1,26_COP_07
94,2.909090909090909,147.24994040752355,0.6155735889767949,7070.442297470188,26,1,26_COP_07
94,3.151515151515152,170.37727243026245,0.6155735889767949,7070.442297470188,26,1,26_COP_07
94,3.3939393939393936,197.0336450574168,0.6155735889767949,7070.442297470188,26,1,26_COP_07
94,3.6363636363636367,227.7229001337597,0.6155735889767949,7070.442297470188,26,1,26_COP_07
94,3.878787878787879,263.00929631505716,0.6155735889767949,7070.442297470188,26,1,26_COP_07
94,4.121212121212121,303.5209018441736,0.6155735889767949,7070.442297470188,26,1,26_COP_07
94,4.363636363636363,349.95176970987353,0.6155735889767949,7070.442297470188,26,1,26_COP_07
94,4.6060606060606055,403.0622985794597,0.6155735889767949,7070.442297470188,26,1,26_COP_07
94,4.848484848484849,463.6770428873141,0.6155735889767949,7070.442297470188,26,1,26_COP_07
94,5.090909090909091,532.6790946543751,0.6155735889767949,7070.442297470188,26,1,26_COP_07
94,5.333333333333333,611.000035823644,0.6155735889767949,7070.442297470188,26,1,26_COP_07
94,5.575757575757576,699.6043801249091,0.6155735889767949,7070.442297470188,26,1,26_COP_07
94,5.818181818181818,799.4674251791722,0.6155735889767949,7070.442297470188,26,1,26_COP_07
94,6.0606060606060606,911.5455662456875,0.6155735889767949,7070.442297470188,26,1,26_COP_07
94,6.303030303030304,1036.7384369223398,0.6155735889767949,7070.442297470188,26,1,26_COP_07
94,6.545454545454545,1175.8427921861787,0.6155735889767949,7070.442297470188,26,1,26_COP_07
94,6.787878787878787,1329.4988732379834,0.6155735889767949,7070.442297470188,26,1,26_COP_07
94,7.03030303030303,1498.1310944975628,0.6155735889767949,7070.442297470188,26,1,26_COP_07
94,7.272727272727273,1681.886214808322,0.6155735889767949,7070.442297470188,26,1,26_COP_07
94,7.515151515151516,1880.5735608884227,0.6155735889767949,7070.442297470188,26,1,26_COP_07
94,7.757575757575758,2093.61313409894,0.6155735889767949,7070.442297470188,26,1,26_COP_07
94,8.0,2319.998247743182,0.6155735889767949,7070.442297470188,26,1,26_COP_07
94,8.242424242424242,2558.2793789158454,0.6155735889767949,7070.442297470188,26,1,26_COP_07
94,8.484848484848484,2806.5748993718066,0.6155735889767949,7070.442297470188,26,1,26_COP_07
94,8.727272727272727,3062.6121575641514,0.6155735889767949,7070.442297470188,26,1,26_COP_07
94,8.96969696969697,3323.79915678649,0.6155735889767949,7070.442297470188,26,1,26_COP_07
94,9.212121212121211,3587.323243255155,0.6155735889767949,7070.442297470188,26,1,26_COP_07
94,9.454545454545453,3850.2694551546547,0.6155735889767949,7070.442297470188,26,1,26_COP_07
94,9.696969696969697,4109.7482535621875,0.6155735889767949,7070.442297470188,26,1,26_COP_07
94,9.93939393939394,4363.020906568412,0.6155735889767949,7070.442297470188,26,1,26_COP_07
94,10.181818181818182,4607.6111635009975,0.6155735889767949,7070.442297470188,26,1,26_COP_07
94,10.424242424242426,4841.393951708247,0.6155735889767949,7070.442297470188,26,1,26_COP_07
94,10.666666666666666,5062.655176233594,0.6155735889767949,7070.442297470188,26,1,26_COP_07
94,10.909090909090908,5270.120583013767,0.6155735889767949,7070.442297470188,26,1,26_COP_07
94,11.151515151515152,5462.95530803119,0.6155735889767949,7070.442297470188,26,1,26_COP_07
94,11.393939393939394,5640.738588496624,0.6155735889767949,7070.442297470188,26,1,26_COP_07
94,11.636363636363637,5803.419841818204,0.6155735889767949,7070.442297470188,26,1,26_COP_07
94,11.878787878787879,5951.26289509081,0.6155735889767949,7070.442297470188,26,1,26_COP_07
94,12.121212121212121,6084.784764728954,0.6155735889767949,7070.442297470188,26,1,26_COP_07
94,12.363636363636363,6204.694353512501,0.6155735889767949,7070.442297470188,26,1,26_COP_07
94,12.606060606060607,6311.835080077685,0.6155735889767949,7070.442297470188,26,1,26_COP_07
94,12.848484848484848,6407.134061089004,0.6155735889767949,7070.442297470188,26,1,26_COP_07
94,13.09090909090909,6491.559220422119,0.6155735889767949,7070.442297470188,26,1,26_COP_07
94,13.333333333333334,6566.084705283803,0.6155735889767949,7070.442297470188,26,1,26_COP_07
94,13.575757575757574,6631.664276155309,0.6155735889767949,7070.442297470188,26,1,26_COP_07
94,13.81818181818182,6689.211886416266,0.6155735889767949,7070.442297470188,26,1,26_COP_07
94,14.06060606060606,6739.588432620671,0.6155735889767949,7070.442297470188,26,1,26_COP_07
94,14.303030303030301,6783.593582894641,0.6155735889767949,7070.442297470188,26,1,26_COP_07
94,14.545454545454547,6821.961626569624,0.6155735889767949,7070.442297470188,26,1,26_COP_07
94,14.787878787878787,6855.360389206821,0.6155735889767949,7070.442297470188,26,1,26_COP_07
94,15.030303030303031,6884.39239035855,0.6155735889767949,7070.442297470188,26,1,26_COP_07
94,15.272727272727273,6909.59756358386,0.6155735889767949,7070.442297470188,26,1,26_COP_07
94,15.515151515151516,6931.45699468552,0.6155735889767949,7070.442297470188,26,1,26_COP_07
94,15.757575757575758,6950.39725662488,0.6155735889767949,7070.442297470188,26,1,26_COP_07
94,16.0,6966.795024423044,0.6155735889767949,7070.442297470188,26,1,26_COP_07
94,16.242424242424242,6980.981739870568,0.6155735889767949,7070.442297470188,26,1,26_COP_07
94,16.484848484848484,6993.248165112426,0.6155735889767949,7070.442297470188,26,1,26_COP_07
94,16.727272727272727,7003.848718133127,0.6155735889767949,7070.442297470188,26,1,26_COP_07
94,16.96969696969697,7013.005524171166,0.6155735889767949,7070.442297470188,26,1,26_COP_07
94,17.21212121212121,7020.91214747739,0.6155735889767949,7070.442297470188,26,1,26_COP_07
94,17.454545454545453,7027.736989743502,0.6155735889767949,7070.442297470188,26,1,26_COP_07
94,17.696969696969695,7033.626356831652,0.6155735889767949,7070.442297470188,26,1,26_COP_07
94,17.93939393939394,7038.7072056961,0.6155735889767949,7070.442297470188,26,1,26_COP_07
94,18.18181818181818,7043.089589873395,0.6155735889767949,7070.442297470188,26,1,26_COP_07
94,18.424242424242422,7046.868825637003,0.6155735889767949,7070.442297470188,26,1,26_COP_07
94,18.666666666666668,7050.127402650472,0.6155735889767949,7070.442297470188,26,1,26_COP_07
94,18.909090909090907,7052.9366633101945,0.6155735889767949,7070.442297470188,26,1,26_COP_07
94,19.151515151515152,7055.358274395628,0.6155735889767949,7070.442297470188,26,1,26_COP_07
94,19.393939393939394,7057.445513475278,0.6155735889767949,7070.442297470188,26,1,26_COP_07
94,19.636363636363637,7059.244390993015,0.6155735889767949,7070.442297470188,26,1,26_COP_07
94,19.87878787878788,7060.794627254417,0.6155735889767949,7070.442297470188,26,1,26_COP_07
94,20.12121212121212,7062.130501766771,0.6155735889767949,7070.442297470188,26,1,26_COP_07
94,20.363636363636363,7063.281590640713,0.6155735889767949,7070.442297470188,26,1,26_COP_07
94,20.606060606060606,7064.273406088314,0.6155735889767949,7070.442297470188,26,1,26_COP_07
94,20.84848484848485,7065.127950484267,0.6155735889767949,7070.442297470188,26,1,26_COP_07
94,21.09090909090909,7065.864196010418,0.6155735889767949,7070.442297470188,26,1,26_COP_07
94,21.333333333333332,7066.498499586523,0.6155735889767949,7070.442297470188,26,1,26_COP_07
94,21.575757575757578,7067.044961601944,0.6155735889767949,7070.442297470188,26,1,26_COP_07
94,21.818181818181817,7067.5157358994475,0.6155735889767949,7070.442297470188,26,1,26_COP_07
94,22.060606060606062,7067.921297516454,0.6155735889767949,7070.442297470188,26,1,26_COP_07
94,22.303030303030305,7068.2706738519755,0.6155735889767949,7070.442297470188,26,1,26_COP_07
94,22.545454545454547,7068.571644190014,0.6155735889767949,7070.442297470188,26,1,26_COP_07
94,22.78787878787879,7068.830911862371,0.6155735889767949,7070.442297470188,26,1,26_COP_07
94,23.03030303030303,7069.054252766896,0.6155735889767949,7070.442297470188,26,1,26_COP_07
94,23.272727272727273,7069.246643461696,0.6155735889767949,7070.442297470188,26,1,26_COP_07
94,23.515151515151516,7069.412371624247,0.6155735889767949,7070.442297470188,26,1,26_COP_07
94,23.757575757575758,7069.555131288553,0.6155735889767949,7070.442297470188,26,1,26_COP_07
94,24.0,7069.678104947146,0.6155735889767949,7070.442297470188,26,1,26_COP_07
95,0.0,25.0,0.5484322511824818,17445.35324084291,26,1,26_COP_07
95,0.24242424242424243,28.54909806784696,0.5484322511824818,17445.35324084291,26,1,26_COP_07
95,0.48484848484848486,32.601097107314125,0.5484322511824818,17445.35324084291,26,1,26_COP_07
95,0.7272727272727273,37.22697076022282,0.5484322511824818,17445.35324084291,26,1,26_COP_07
95,0.9696969696969697,42.507622040282364,0.5484322511824818,17445.35324084291,26,1,26_COP_07
95,1.2121212121212122,48.535246039106084,0.5484322511824818,17445.35324084291,26,1,26_COP_07
95,1.4545454545454546,55.41487160032648,0.5484322511824818,17445.35324084291,26,1,26_COP_07
95,1.6969696969696968,63.266102992308284,0.5484322511824818,17445.35324084291,26,1,26_COP_07
95,1.9393939393939394,72.22508429879815,0.5484322511824818,17445.35324084291,26,1,26_COP_07
95,2.1818181818181817,82.44671080060597,0.5484322511824818,17445.35324084291,26,1,26_COP_07
95,2.4242424242424243,94.10711291672777,0.5484322511824818,17445.35324084291,26,1,26_COP_07
95,2.6666666666666665,107.40643914233978,0.5484322511824818,17445.35324084291,26,1,26_COP_07
95,2.909090909090909,122.57196463916492,0.5484322511824818,17445.35324084291,26,1,26_COP_07
95,3.151515151515152,139.86155140446803,0.5484322511824818,17445.35324084291,26,1,26_COP_07
95,3.3939393939393936,159.567483882627,0.5484322511824818,17445.35324084291,26,1,26_COP_07
95,3.6363636363636367,182.0206999922834,0.5484322511824818,17445.35324084291,26,1,26_COP_07
95,3.878787878787879,207.59543119426775,0.5484322511824818,17445.35324084291,26,1,26_COP_07
95,4.121212121212121,236.71425563564702,0.5484322511824818,17445.35324084291,26,1,26_COP_07
95,4.363636363636363,269.85355460734525,0.5484322511824818,17445.35324084291,26,1,26_COP_07
95,4.6060606060606055,307.5493433797985,0.5484322511824818,17445.35324084291,26,1,26_COP_07
95,4.848484848484849,350.4034215536105,0.5484322511824818,17445.35324084291,26,1,26_COP_07
95,5.090909090909091,399.0897537939036,0.5484322511824818,17445.35324084291,26,1,26_COP_07
95,5.333333333333333,454.36094744902545,0.5484322511824818,17445.35324084291,26,1,26_COP_07
95,5.575757575757576,517.0546372336275,0.5484322511824818,17445.35324084291,26,1,26_COP_07
95,5.818181818181818,588.0995170818966,0.5484322511824818,17445.35324084291,26,1,26_COP_07
95,6.0606060606060606,668.5206739399271,0.5484322511824818,17445.35324084291,26,1,26_COP_07
95,6.303030303030304,759.4437768176213,0.5484322511824818,17445.35324084291,26,1,26_COP_07
95,6.545454545454545,862.0975572016372,0.5484322511824818,17445.35324084291,26,1,26_COP_07
95,6.787878787878787,977.813886200233,0.5484322511824818,17445.35324084291,26,1,26_COP_07
95,7.03030303030303,1108.0246146628501,0.5484322511824818,17445.35324084291,26,1,26_COP_07
95,7.272727272727273,1254.2542040982623,0.5484322511824818,17445.35324084291,26,1,26_COP_07
95,7.515151515151516,1418.1070528601235,0.5484322511824818,17445.35324084291,26,1,26_COP_07
95,7.757575757575758,1601.2483345884507,0.5484322511824818,17445.35324084291,26,1,26_COP_07
95,8.0,1805.3771424056567,0.5484322511824818,17445.35324084291,26,1,26_COP_07
95,8.242424242424242,2032.1908083025985,0.5484322511824818,17445.35324084291,26,1,26_COP_07
95,8.484848484848484,2283.3394837966234,0.5484322511824818,17445.35324084291,26,1,26_COP_07
95,8.727272727272727,2560.370468681644,0.5484322511824818,17445.35324084291,26,1,26_COP_07
95,8.96969696969697,2864.6623982101087,0.5484322511824818,17445.35324084291,26,1,26_COP_07
95,9.212121212121211,3197.350269054725,0.5484322511824818,17445.35324084291,26,1,26_COP_07
95,9.454545454545453,3559.2433960899675,0.5484322511824818,17445.35324084291,26,1,26_COP_07
95,9.696969696969697,3950.739696883765,0.5484322511824818,17445.35324084291,26,1,26_COP_07
95,9.93939393939394,4371.741092918199,0.5484322511824818,17445.35324084291,26,1,26_COP_07
95,10.181818181818182,4821.576125776331,0.5484322511824818,17445.35324084291,26,1,26_COP_07
95,10.424242424242426,5298.936884330612,0.5484322511824818,17445.35324084291,26,1,26_COP_07
95,10.666666666666666,5801.837763150157,0.5484322511824818,17445.35324084291,26,1,26_COP_07
95,10.909090909090908,6327.60317271914,0.5484322511824818,17445.35324084291,26,1,26_COP_07
95,11.151515151515152,6872.889923177698,0.5484322511824818,17445.35324084291,26,1,26_COP_07
95,11.393939393939394,7433.7475718009655,0.5484322511824818,17445.35324084291,26,1,26_COP_07
95,11.636363636363637,8005.716721006599,0.5484322511824818,17445.35324084291,26,1,26_COP_07
95,11.878787878787879,8583.96144711302,0.5484322511824818,17445.35324084291,26,1,26_COP_07
95,12.121212121212121,9163.428266964325,0.5484322511824818,17445.35324084291,26,1,26_COP_07
95,12.363636363636363,9739.020918572047,0.5484322511824818,17445.35324084291,26,1,26_COP_07
95,12.606060606060607,10305.778291786537,0.5484322511824818,17445.35324084291,26,1,26_COP_07
95,12.848484848484848,10859.042452257583,0.5484322511824818,17445.35324084291,26,1,26_COP_07
95,13.09090909090909,11394.604930155763,0.5484322511824818,17445.35324084291,26,1,26_COP_07
95,13.333333333333334,11908.822065742936,0.5484322511824818,17445.35324084291,26,1,26_COP_07
95,13.575757575757574,12398.693745279954,0.5484322511824818,17445.35324084291,26,1,26_COP_07
95,13.81818181818182,12861.903725504064,0.5484322511824818,17445.35324084291,26,1,26_COP_07
95,14.06060606060606,13296.823347040492,0.5484322511824818,17445.35324084291,26,1,26_COP_07
95,14.303030303030301,13702.483318911693,0.5484322511824818,17445.35324084291,26,1,26_COP_07
95,14.545454545454547,14078.520156170947,0.5484322511824818,17445.35324084291,26,1,26_COP_07
95,14.787878787878787,14425.104715783695,0.5484322511824818,17445.35324084291,26,1,26_COP_07
95,15.030303030303031,14742.860217657566,0.5484322511824818,17445.35324084291,26,1,26_COP_07
95,15.272727272727273,15032.77638111191,0.5484322511824818,17445.35324084291,26,1,26_COP_07
95,15.515151515151516,15296.125115467188,0.5484322511824818,17445.35324084291,26,1,26_COP_07
95,15.757575757575758,15534.381825824194,0.5484322511824818,17445.35324084291,26,1,26_COP_07
95,16.0,15749.155031370836,0.5484322511824818,17445.35324084291,26,1,26_COP_07
95,16.242424242424242,15942.125780126744,0.5484322511824818,17445.35324084291,26,1,26_COP_07
95,16.484848484848484,16114.997355455307,0.5484322511824818,17445.35324084291,26,1,26_COP_07
95,16.727272727272727,16269.45502976291,0.5484322511824818,17445.35324084291,26,1,26_COP_07
95,16.96969696969697,16407.1351176564,0.5484322511824818,17445.35324084291,26,1,26_COP_07
95,17.21212121212121,16529.602281420455,0.5484322511824818,17445.35324084291,26,1,26_COP_07
95,17.454545454545453,16638.333903810882,0.5484322511824818,17445.35324084291,26,1,26_COP_07
95,17.696969696969695,16734.710323912936,0.5484322511824818,17445.35324084291,26,1,26_COP_07
95,17.93939393939394,16820.0097926469,0.5484322511824818,17445.35324084291,26,1,26_COP_07
95,18.18181818181818,16895.407113725,0.5484322511824818,17445.35324084291,26,1,26_COP_07
95,18.424242424242422,16961.97506923715,0.5484322511824818,17445.35324084291,26,1,26_COP_07
95,18.666666666666668,17020.687869260433,0.5484322511824818,17445.35324084291,26,1,26_COP_07
95,18.909090909090907,17072.426000491345,0.5484322511824818,17445.35324084291,26,1,26_COP_07
95,19.151515151515152,17117.981973016496,0.5484322511824818,17445.35324084291,26,1,26_COP_07
95,19.393939393939394,17158.066573473432,0.5484322511824818,17445.35324084291,26,1,26_COP_07
95,19.636363636363637,17193.31532585177,0.5484322511824818,17445.35324084291,26,1,26_COP_07
95,19.87878787878788,17224.294938404128,0.5484322511824818,17445.35324084291,26,1,26_COP_07
95,20.12121212121212,17251.509577824232,0.5484322511824818,17445.35324084291,26,1,26_COP_07
95,20.363636363636363,17275.406861704505,0.5484322511824818,17445.35324084291,26,1,26_COP_07
95,20.606060606060606,17296.383499158466,0.5484322511824818,17445.35324084291,26,1,26_COP_07
95,20.84848484848485,17314.790539202153,0.5484322511824818,17445.35324084291,26,1,26_COP_07
95,21.09090909090909,17330.938208708347,0.5484322511824818,17445.35324084291,26,1,26_COP_07
95,21.333333333333332,17345.10033795872,0.5484322511824818,17445.35324084291,26,1,26_COP_07
95,21.575757575757578,17357.518383289927,0.5484322511824818,17445.35324084291,26,1,26_COP_07
95,21.818181818181817,17368.405064120107,0.5484322511824818,17445.35324084291,26,1,26_COP_07
95,22.060606060606062,17377.947636621324,0.5484322511824818,17445.35324084291,26,1,26_COP_07
95,22.303030303030305,17386.31082917155,0.5484322511824818,17445.35324084291,26,1,26_COP_07
95,22.545454545454547,17393.63946603218,0.5484322511824818,17445.35324084291,26,1,26_COP_07
95,22.78787878787879,17400.060805890473,0.5484322511824818,17445.35324084291,26,1,26_COP_07
95,23.03030303030303,17405.6866213168,0.5484322511824818,17445.35324084291,26,1,26_COP_07
95,23.272727272727273,17410.615044070728,0.5484322511824818,17445.35324084291,26,1,26_COP_07
95,23.515151515151516,17414.932199742514,0.5484322511824818,17445.35324084291,26,1,26_COP_07
95,23.757575757575758,17418.713653578918,0.5484322511824818,17445.35324084291,26,1,26_COP_07
95,24.0,17422.02568762044,0.5484322511824818,17445.35324084291,26,1,26_COP_07
96,0.0,24.999999999999996,0.6012393097305299,13401.419655775955,26,1,26_COP_07
96,0.24242424242424243,28.914353575428677,0.6012393097305299,13401.419655775955,26,1,26_COP_07
96,0.48484848484848486,33.44006153625529,0.6012393097305299,13401.419655775955,26,1,26_COP_07
96,0.7272727272727273,38.67208998549076,0.6012393097305299,13401.419655775955,26,1,26_COP_07
96,0.9696969696969697,44.71998256972556,0.6012393097305299,13401.419655775955,26,1,26_COP_07
96,1.2121212121212122,51.71003944091694,0.6012393097305299,13401.419655775955,26,1,26_COP_07
96,1.4545454545454546,59.78780205666818,0.6012393097305299,13401.419655775955,26,1,26_COP_07
96,1.6969696969696968,69.1208799445069,0.6012393097305299,13401.419655775955,26,1,26_COP_07
96,1.9393939393939394,79.90215739333448,0.6012393097305299,13401.419655775955,26,1,26_COP_07
96,2.1818181818181817,92.35341896328293,0.6012393097305299,13401.419655775955,26,1,26_COP_07
96,2.4242424242424243,106.72943222753354,0.6012393097305299,13401.419655775955,26,1,26_COP_07
96,2.6666666666666665,123.3225236095663,0.6012393097305299,13401.419655775955,26,1,26_COP_07
96,2.909090909090909,142.46767767512713,0.6012393097305299,13401.419655775955,26,1,26_COP_07
96,3.151515151515152,164.54818063219253,0.6012393097305299,13401.419655775955,26,1,26_COP_07
96,3.3939393939393936,190.00181361528416,0.6012393097305299,13401.419655775955,26,1,26_COP_07
96,3.6363636363636367,219.32757873705253,0.6012393097305299,13401.419655775955,26,1,26_COP_07
96,3.878787878787879,253.09290861177703,0.6012393097305299,13401.419655775955,26,1,26_COP_07
96,4.121212121212121,291.94126537820165,0.6012393097305299,13401.419655775955,26,1,26_COP_07
96,4.363636363636363,336.59997503623237,0.6012393097305299,13401.419655775955,26,1,26_COP_07
96,4.6060606060606055,387.888063708094,0.6012393097305299,13401.419655775955,26,1,26_COP_07
96,4.848484848484849,446.72376069917283,0.6012393097305299,13401.419655775955,26,1,26_COP_07
96,5.090909090909091,514.1312057715176,0.6012393097305299,13401.419655775955,26,1,26_COP_07
96,5.333333333333333,591.2457427131583,0.6012393097305299,13401.419655775955,26,1,26_COP_07
96,5.575757575757576,679.3169980887044,0.6012393097305299,13401.419655775955,26,1,26_COP_07
96,5.818181818181818,779.7087366852592,0.6012393097305299,13401.419655775955,26,1,26_COP_07
96,6.0606060606060606,893.8942630927074,0.6012393097305299,13401.419655775955,26,1,26_COP_07
96,6.303030303030304,1023.4459199034316,0.6012393097305299,13401.419655775955,26,1,26_COP_07
96,6.545454545454545,1170.0170462338065,0.6012393097305299,13401.419655775955,26,1,26_COP_07
96,6.787878787878787,1335.3146486056978,0.6012393097305299,13401.419655775955,26,1,26_COP_07
96,7.03030303030303,1521.0610580854334,0.6012393097305299,13401.419655775955,26,1,26_COP_07
96,7.272727272727273,1728.9430758431874,0.6012393097305299,13401.419655775955,26,1,26_COP_07
96,7.515151515151516,1960.5476258774468,0.6012393097305299,13401.419655775955,26,1,26_COP_07
96,7.757575757575758,2217.2838173940636,0.6012393097305299,13401.419655775955,26,1,26_COP_07
96,8.0,2500.292625564477,0.6012393097305299,13401.419655775955,26,1,26_COP_07
96,8.242424242424242,2810.3471310060295,0.6012393097305299,13401.419655775955,26,1,26_COP_07
96,8.484848484848484,3147.748331598707,0.6012393097305299,13401.419655775955,26,1,26_COP_07
96,8.727272727272727,3512.223753394317,0.6012393097305299,13401.419655775955,26,1,26_COP_07
96,8.96969696969697,3902.8381052994228,0.6012393097305299,13401.419655775955,26,1,26_COP_07
96,9.212121212121211,4317.926594291527,0.6012393097305299,13401.419655775955,26,1,26_COP_07
96,9.454545454545453,4755.061743354353,0.6012393097305299,13401.419655775955,26,1,26_COP_07
96,9.696969696969697,5211.063198409045,0.6012393097305299,13401.419655775955,26,1,26_COP_07
96,9.93939393939394,5682.056854471933,0.6012393097305299,13401.419655775955,26,1,26_COP_07
96,10.181818181818182,6163.584813176675,0.6012393097305299,13401.419655775955,26,1,26_COP_07
96,10.424242424242426,6650.761771914919,0.6012393097305299,13401.419655775955,26,1,26_COP_07
96,10.666666666666666,7138.467389607528,0.6012393097305299,13401.419655775955,26,1,26_COP_07
96,10.909090909090908,7621.559120525973,0.6012393097305299,13401.419655775955,26,1,26_COP_07
96,11.151515151515152,8095.08700629831,0.6012393097305299,13401.419655775955,26,1,26_COP_07
96,11.393939393939394,8554.491624568362,0.6012393097305299,13401.419655775955,26,1,26_COP_07
96,11.636363636363637,8995.768875803951,0.6012393097305299,13401.419655775955,26,1,26_COP_07
96,11.878787878787879,9415.590000193295,0.6012393097305299,13401.419655775955,26,1,26_COP_07
96,12.121212121212121,9811.371161612844,0.6012393097305299,13401.419655775955,26,1,26_COP_07
96,12.363636363636363,10181.29296415111,0.6012393097305299,13401.419655775955,26,1,26_COP_07
96,12.606060606060607,10524.275368862165,0.6012393097305299,13401.419655775955,26,1,26_COP_07
96,12.848484848484848,10839.916999338922,0.6012393097305299,13401.419655775955,26,1,26_COP_07
96,13.09090909090909,11128.409540898565,0.6012393097305299,13401.419655775955,26,1,26_COP_07
96,13.333333333333334,11390.438005626964,0.6012393097305299,13401.419655775955,26,1,26_COP_07
96,13.575757575757574,11627.07645742751,0.6012393097305299,13401.419655775955,26,1,26_COP_07
96,13.81818181818182,11839.686865811731,0.6012393097305299,13401.419655775955,26,1,26_COP_07
96,14.06060606060606,12029.82655239241,0.6012393097305299,13401.419655775955,26,1,26_COP_07
96,14.303030303030301,12199.167571446049,0.6012393097305299,13401.419655775955,26,1,26_COP_07
96,14.545454545454547,12349.429554135746,0.6012393097305299,13401.419655775955,26,1,26_COP_07
96,14.787878787878787,12482.326150650753,0.6012393097305299,13401.419655775955,26,1,26_COP_07
96,15.030303030303031,12599.524237607155,0.6012393097305299,13401.419655775955,26,1,26_COP_07
96,15.272727272727273,12702.614472366105,0.6012393097305299,13401.419655775955,26,1,26_COP_07
96,15.515151515151516,12793.09149547142,0.6012393097305299,13401.419655775955,26,1,26_COP_07
96,15.757575757575758,12872.34202466545,0.6012393097305299,13401.419655775955,26,1,26_COP_07
96,16.0,12941.639173553152,0.6012393097305299,13401.419655775955,26,1,26_COP_07
96,16.242424242424242,13002.141503387535,0.6012393097305299,13401.419655775955,26,1,26_COP_07
96,16.484848484848484,13054.895531604565,0.6012393097305299,13401.419655775955,26,1,26_COP_07
96,16.727272727272727,13100.840643946274,0.6012393097305299,13401.419655775955,26,1,26_COP_07
96,16.96969696969697,13140.815568392936,0.6012393097305299,13401.419655775955,26,1,26_COP_07
96,17.21212121212121,13175.565757723334,0.6012393097305299,13401.419655775955,26,1,26_COP_07
96,17.454545454545453,13205.751188647504,0.6012393097305299,13401.419655775955,26,1,26_COP_07
96,17.696969696969695,13231.95421849648,0.6012393097305299,13401.419655775955,26,1,26_COP_07
96,17.93939393939394,13254.687247213862,0.6012393097305299,13401.419655775955,26,1,26_COP_07
96,18.18181818181818,13274.400015922605,0.6012393097305299,13401.419655775955,26,1,26_COP_07
96,18.424242424242422,13291.48643714986,0.6012393097305299,13401.419655775955,26,1,26_COP_07
96,18.666666666666668,13306.290899380403,0.6012393097305299,13401.419655775955,26,1,26_COP_07
96,18.909090909090907,13319.114023188402,0.6012393097305299,13401.419655775955,26,1,26_COP_07
96,19.151515151515152,13330.217870573008,0.6012393097305299,13401.419655775955,26,1,26_COP_07
96,19.393939393939394,13339.83062565402,0.6012393097305299,13401.419655775955,26,1,26_COP_07
96,19.636363636363637,13348.15077549842,0.6012393097305299,13401.419655775955,26,1,26_COP_07
96,19.87878787878788,13355.350826088843,0.6012393097305299,13401.419655775955,26,1,26_COP_07
96,20.12121212121212,13361.580591519834,0.6012393097305299,13401.419655775955,26,1,26_COP_07
96,20.363636363636363,13366.970095348799,0.6012393097305299,13401.419655775955,26,1,26_COP_07
96,20.606060606060606,13371.632122342677,0.6012393097305299,13401.419655775955,26,1,26_COP_07
96,20.84848484848485,13375.664457176461,0.6012393097305299,13401.419655775955,26,1,26_COP_07
96,21.09090909090909,13379.15184434313,0.6012393097305299,13401.419655775955,26,1,26_COP_07
96,21.333333333333332,13382.167700906117,0.6012393097305299,13401.419655775955,26,1,26_COP_07
96,21.575757575757578,13384.775610962486,0.6012393097305299,13401.419655775955,26,1,26_COP_07
96,21.818181818181817,13387.030627923143,0.6012393097305299,13401.419655775955,26,1,26_COP_07
96,22.060606060606062,13388.980408045625,0.6012393097305299,13401.419655775955,26,1,26_COP_07
96,22.303030303030305,13390.666196131771,0.6012393097305299,13401.419655775955,26,1,26_COP_07
96,22.545454545454547,13392.123681959323,0.6012393097305299,13401.419655775955,26,1,26_COP_07
96,22.78787878787879,13393.383743868531,0.6012393097305299,13401.419655775955,26,1,26_COP_07
96,23.03030303030303,13394.473093976127,0.6012393097305299,13401.419655775955,26,1,26_COP_07
96,23.272727272727273,13395.41483773483,0.6012393097305299,13401.419655775955,26,1,26_COP_07
96,23.515151515151516,13396.228958988519,0.6012393097305299,13401.419655775955,26,1,26_COP_07
96,23.757575757575758,13396.932740278115,0.6012393097305299,13401.419655775955,26,1,26_COP_07
96,24.0,13397.541126918335,0.6012393097305299,13401.419655775955,26,1,26_COP_07
